Gene,Normal Range,Target Value,Abnormality
ENSG00000198804,"(-2785.304548162436, 27262.146811451734)",27545.104,Significantly More
ENSG00000198886,"(-2292.1420922910984, 16481.34319865788)",24991.7955,Significantly More
ENSG00000198712,"(-2497.340981841229, 21254.157373571248)",30836.3022,Significantly More
ENSG00000198938,"(-3131.7249888800725, 24057.577649662133)",27179.5975,Significantly More
ENSG00000210082,"(-1668.0723716269385, 15022.178773327087)",18584.2004,Significantly More
ENSG00000198899,"(-2005.8047981069258, 16812.59421523985)",19314.1762,Significantly More
ENSG00000198727,"(-931.7276539287286, 9268.054437079298)",17071.3739,Significantly More
ENSG00000184009,"(564.1905983906979, 2924.386193250659)",7627.888,Significantly More
ENSG00000111640,"(634.114848028339, 1868.8601593653593)",5027.3029,Significantly More
ENSG00000198888,"(-1336.8565253773659, 8441.163489600109)",13680.4237,Significantly More
ENSG00000161016,"(287.76848634643125, 2933.0752405934727)",4490.3535,Significantly More
ENSG00000198786,"(-392.8280004782034, 4030.9178390514962)",5518.7281,Significantly More
ENSG00000087086,"(-374.6932713540757, 3937.3818955080333)",12896.3744,Significantly More
ENSG00000102837,"(-745.3020103489637, 1316.312319267481)",3246.9139,Significantly More
ENSG00000070756,"(94.27133966613991, 512.9888350101949)",539.1257,Significantly More
ENSG00000197956,"(156.54281745835715, 4683.350429669543)",4792.3799,Significantly More
ENSG00000150991,"(1316.550016532411, 3887.6822928176844)",564.4688,Significantly Less
ENSG00000205542,"(359.50014555838175, 3138.545165669182)",4794.5074,Significantly More
ENSG00000089157,"(88.24922631150832, 1854.2653117362238)",2277.6062,Significantly More
ENSG00000149925,"(863.9190653358542, 2256.93828481332)",79.6056,Significantly Less
ENSG00000086548,"(-555.9627977364596, 1371.583821084743)",1879.7954,Significantly More
ENSG00000034510,"(-30.85309606913779, 3643.373532614859)",9894.3485,Significantly More
ENSG00000096384,"(60.15879042706425, 334.94221962584504)",1440.2383,Significantly More
ENSG00000211459,"(-576.2597236808592, 3353.873036621999)",3529.907,Significantly More
ENSG00000172757,"(823.9563856609724, 2345.5137703042806)",642.9033,Significantly Less
ENSG00000111057,"(77.11185575711562, 790.4641240362466)",2280.2101,Significantly More
ENSG00000231500,"(-461.19029783826204, 2465.6373422528304)",2744.9221,Significantly More
ENSG00000212907,"(-690.5129833466622, 7968.5308660272)",12127.7523,Significantly More
ENSG00000197746,"(1086.6772153657514, 3308.796073719983)",818.4475,Significantly Less
ENSG00000164924,"(453.23526013295407, 1134.5263856922998)",326.9497,Significantly Less
ENSG00000142534,"(135.23511949359317, 2162.78472323038)",4313.8815,Significantly More
ENSG00000185624,"(80.94347951761148, 538.2141223567769)",590.9122,Significantly More
ENSG00000119888,"(264.5042257001942, 1680.306421018118)",1786.1937,Significantly More
ENSG00000139644,"(911.0238513995644, 2795.345712110591)",722.2489,Significantly Less
ENSG00000179218,"(-40.32233394778149, 880.5016375142391)",1050.006,Significantly More
ENSG00000169100,"(248.5270048339716, 1202.2359339067452)",3084.2413,Significantly More
ENSG00000110321,"(810.5858338505507, 1833.481319350739)",270.0117,Significantly Less
ENSG00000166598,"(2.024193352841479, 344.89935070652143)",725.7356,Significantly More
ENSG00000087460,"(198.48495349817895, 512.6555350793087)",100.3593,Significantly Less
ENSG00000177600,"(412.8980157942883, 1893.7517525407943)",2102.0743,Significantly More
ENSG00000255508,"(89.20852710729241, 483.0534186087558)",1.3923,Significantly Less
ENSG00000137818,"(129.55915452464978, 1004.0371789771932)",1939.9603,Significantly More
ENSG00000147403,"(95.33641502835974, 1002.9107108902841)",1238.141,Significantly More
ENSG00000160180,"(-1252.1571227122724, 4571.53598948657)",6250.4397,Significantly More
ENSG00000115053,"(32.62375452245979, 244.38175535494068)",280.417,Significantly More
ENSG00000127022,"(50.49176816628642, 160.61601798078956)",255.5169,Significantly More
ENSG00000105193,"(29.25406856956306, 1501.9167912962475)",1701.0591,Significantly More
ENSG00000140988,"(91.24944606267394, 569.131989647942)",2801.8187,Significantly More
ENSG00000142676,"(291.3653210107054, 952.5478463562949)",1031.246,Significantly More
ENSG00000170315,"(639.2658995132767, 1765.0959479217352)",357.8672,Significantly Less
ENSG00000258017,"(45.80670638539141, 1192.2634263971481)",0.1642,Significantly Less
ENSG00000145592,"(322.6931396459565, 1246.8387748661812)",232.27,Significantly Less
ENSG00000142541,"(31.143414497932326, 810.4415335774167)",2178.2156,Significantly More
ENSG00000196230,"(-22.27916734316895, 321.6699229410626)",625.9655,Significantly More
ENSG00000044574,"(-1.2433320219651591, 222.61826373843178)",466.4268,Significantly More
ENSG00000167553,"(173.77405561270416, 1098.51452725338)",121.3691,Significantly Less
ENSG00000108518,"(343.7850442714505, 1351.3967715237072)",1838.4691,Significantly More
ENSG00000171858,"(-26.623618627054952, 1325.4284155610808)",2380.6634,Significantly More
ENSG00000213719,"(130.30344297251457, 548.1081557094446)",946.2424,Significantly More
ENSG00000176153,"(-248.02815620640814, 898.2162938471472)",1278.3806,Significantly More
ENSG00000182774,"(206.88834497150458, 1212.992275358271)",12.0106,Significantly Less
ENSG00000158710,"(138.43207414264276, 552.7053877329558)",915.8097,Significantly More
ENSG00000115677,"(340.36122155180374, 1216.8720798223246)",148.1806,Significantly Less
ENSG00000148346,"(-470.9016704569128, 862.2024089996803)",2755.2838,Significantly More
ENSG00000264772,"(25.171797811727117, 150.5786672801809)",0.0331,Significantly Less
ENSG00000144381,"(14.494318697988206, 154.6719201040082)",335.243,Significantly More
ENSG00000162244,"(42.62176098213007, 942.0152313163587)",1124.2663,Significantly More
ENSG00000196531,"(176.30334493956548, 620.9715583330419)",170.3744,Significantly Less
ENSG00000198755,"(5.190591644281199, 728.9972157846519)",1296.6418,Significantly More
ENSG00000178209,"(-5.687412594441398, 74.5253644378597)",160.0087,Significantly More
ENSG00000157557,"(-6.333293559876012, 142.7354546843024)",330.086,Significantly More
ENSG00000064651,"(3.35974804763498, 85.85208229117858)",221.6839,Significantly More
ENSG00000166913,"(273.7397462511, 549.8884593293708)",155.1317,Significantly Less
ENSG00000188229,"(85.10774621917608, 405.8046378695806)",1161.5713,Significantly More
ENSG00000084234,"(517.314451691147, 1758.7511932648667)",177.0057,Significantly Less
ENSG00000084207,"(143.31866648788025, 511.6183289739747)",1324.1614,Significantly More
ENSG00000148303,"(53.92179845180419, 480.9673484343083)",1796.1628,Significantly More
ENSG00000099194,"(-51.83217442799548, 86.88817587415349)",764.569,Significantly More
ENSG00000118705,"(105.58685284750953, 476.8576238512341)",612.8134,Significantly More
ENSG00000111669,"(240.75100227641667, 626.3341481106663)",1116.81,Significantly More
ENSG00000250644,"(96.05190274887889, 798.7894003807838)",0.3136,Significantly Less
ENSG00000161011,"(231.617379917425, 751.205284466663)",131.0006,Significantly Less
ENSG00000165119,"(106.50125314895132, 234.93087242249004)",285.901,Significantly More
ENSG00000112306,"(92.5123102863771, 943.137610753611)",4240.4891,Significantly More
ENSG00000117335,"(29.26924646571154, 92.33910354744793)",102.1188,Significantly More
ENSG00000243678,"(62.51305876687064, 628.0430993703633)",26.8155,Significantly Less
ENSG00000142089,"(-647.760954045573, 1603.0042050823274)",2933.2092,Significantly More
ENSG00000161960,"(71.15211206446031, 743.360530059318)",3.7114,Significantly Less
ENSG00000132475,"(246.25512524989853, 737.5146041179912)",156.1042,Significantly Less
ENSG00000137309,"(22.423550215804667, 154.28217511709977)",809.8345,Significantly More
ENSG00000260032,"(19.17233417782059, 64.17673317558459)",191.1617,Significantly More
ENSG00000136942,"(-37.78923685543282, 848.5069670016892)",1181.0295,Significantly More
ENSG00000167004,"(10.432396861813658, 313.11175511735473)",426.7408,Significantly More
ENSG00000140264,"(141.601977846841, 951.2409591134592)",124.1753,Significantly Less
ENSG00000198668,"(339.5772386921973, 1807.6385354156673)",171.5314,Significantly Less
ENSG00000009307,"(38.94675520442476, 194.1759834870625)",194.7341,Significantly More
ENSG00000013364,"(255.86070354703065, 2071.344561530176)",194.0732,Significantly Less
ENSG00000152234,"(484.9239951457913, 1177.7908562536618)",92.9384,Significantly Less
ENSG00000197958,"(34.821056025218866, 612.6171338363579)",1188.2137,Significantly More
ENSG00000044115,"(386.32729287062205, 1242.951882325768)",160.5632,Significantly Less
ENSG00000101444,"(11.635269188353206, 156.50748931290127)",302.6548,Significantly More
ENSG00000112378,"(16.304300901793038, 59.94779672998244)",180.8745,Significantly More
ENSG00000196262,"(37.16167877464242, 161.564739410369)",221.3175,Significantly More
ENSG00000197111,"(125.50577520945784, 336.5941960003811)",76.7618,Significantly Less
ENSG00000072274,"(-20.800561347992684, 123.8190592871779)",249.9874,Significantly More
ENSG00000104529,"(88.8741656143244, 479.33775261832636)",39.7817,Significantly Less
ENSG00000163931,"(27.492111251992625, 158.0188202494162)",224.5178,Significantly More
ENSG00000046604,"(85.27752940370027, 616.8810850918892)",81.7458,Significantly Less
ENSG00000143549,"(108.81080289193835, 530.0647175840048)",63.3184,Significantly Less
ENSG00000198561,"(33.62974165590986, 150.3057249321716)",4.7132,Significantly Less
ENSG00000155660,"(-10.276396061337962, 172.12123642214806)",356.6637,Significantly More
ENSG00000147140,"(34.096488554416794, 98.73961933970162)",127.4671,Significantly More
ENSG00000132507,"(5.010519019294037, 396.9963869178779)",751.4879,Significantly More
ENSG00000126432,"(21.328841046542834, 980.9221546697153)",2272.9452,Significantly More
ENSG00000168028,"(-51.77838251333685, 498.1588311618906)",657.2851,Significantly More
ENSG00000185885,"(-234.028702868593, 671.3806552005613)",1813.4703,Significantly More
ENSG00000168385,"(103.20000360567587, 811.8353853736637)",97.9506,Significantly Less
ENSG00000141522,"(306.0405600582731, 851.564832508149)",245.4943,Significantly Less
ENSG00000077147,"(176.74840023794494, 586.3155079964904)",147.7495,Significantly Less
ENSG00000065978,"(85.69774202539824, 381.96501276728316)",536.4275,Significantly More
ENSG00000185896,"(48.61392251285102, 147.3185162439125)",157.6001,Significantly More
ENSG00000197694,"(77.23890092891696, 772.0677463543102)",76.0899,Significantly Less
ENSG00000245970,"(22.994356042497103, 165.3493721469875)",3.1074,Significantly Less
ENSG00000163191,"(-67.47693146798721, 407.66715901027567)",2774.0651,Significantly More
ENSG00000130726,"(137.77340283256433, 397.2619952929415)",572.8446,Significantly More
ENSG00000089009,"(90.28570134226766, 449.19512859566794)",551.868,Significantly More
ENSG00000181163,"(19.178891846701518, 187.12988080614042)",213.9947,Significantly More
ENSG00000058262,"(27.818183077156903, 114.03439756376648)",260.233,Significantly More
ENSG00000086598,"(45.26733915422565, 301.7501483376261)",330.282,Significantly More
ENSG00000125304,"(202.25678828388334, 621.2313333098868)",98.1506,Significantly Less
ENSG00000102804,"(149.08766704904616, 770.7040105437284)",68.7016,Significantly Less
ENSG00000218537,"(8.337554316146466, 143.08238530117683)",0.3064,Significantly Less
ENSG00000136156,"(132.00024604016022, 735.20854904249)",44.5835,Significantly Less
ENSG00000260342,"(0.04393591103843164, 599.8922236586402)",0.0,Significantly Less
ENSG00000185825,"(143.4217076748472, 293.1326783093057)",546.8622,Significantly More
ENSG00000141753,"(-66.84273692197453, 409.0084231157771)",464.6144,Significantly More
ENSG00000184110,"(87.75472689340125, 594.8312177203295)",3.3306,Significantly Less
ENSG00000165215,"(10.372952001354065, 535.369157156484)",1679.276,Significantly More
ENSG00000117450,"(54.42999178262329, 327.9174599629437)",370.2347,Significantly More
ENSG00000108639,"(-1.488696844100474, 274.2918619688521)",283.3339,Significantly More
ENSG00000014216,"(274.67301200034603, 849.7977113235061)",157.2136,Significantly Less
ENSG00000110958,"(64.71896512793867, 200.73015860024427)",387.9322,Significantly More
ENSG00000125534,"(74.5373780923112, 1038.025866508093)",1122.3688,Significantly More
ENSG00000169564,"(111.49990540348345, 241.82889505384526)",89.1213,Significantly Less
ENSG00000105568,"(249.2611915431898, 440.597264272682)",158.8199,Significantly Less
ENSG00000279605,"(10.159768011392742, 66.3749717711142)",1.4931,Significantly Less
ENSG00000104964,"(169.15698684276921, 587.7812425119758)",130.5934,Significantly Less
ENSG00000079246,"(193.98945820489072, 510.22409359699304)",131.8999,Significantly Less
ENSG00000169813,"(42.25894138524005, 135.87339418820778)",302.652,Significantly More
ENSG00000204580,"(110.0535646534438, 871.3543088350759)",77.1581,Significantly Less
ENSG00000130066,"(18.31569496999512, 509.59028569072746)",728.6897,Significantly More
ENSG00000113013,"(21.55804213626397, 71.31947417422933)",114.0232,Significantly More
ENSG00000113648,"(75.40734112144571, 187.93383875092388)",58.3176,Significantly Less
ENSG00000175130,"(6.174674950543945, 203.42130059791822)",612.4452,Significantly More
ENSG00000131238,"(76.84187534914246, 226.245116842448)",51.6348,Significantly Less
ENSG00000140575,"(231.18194735564634, 877.3391823222439)",58.7293,Significantly Less
ENSG00000205609,"(19.465763753638925, 126.61695492511566)",0.0,Significantly Less
ENSG00000122359,"(288.17812231787224, 640.9424175672889)",108.0532,Significantly Less
ENSG00000116251,"(132.3124512438932, 436.56635460176346)",97.4603,Significantly Less
ENSG00000119335,"(38.12299935213365, 170.1501936378845)",188.7879,Significantly More
ENSG00000105699,"(27.6052592043649, 290.50716432192996)",714.9097,Significantly More
ENSG00000184640,"(132.11409021137416, 722.3663366817877)",78.2679,Significantly Less
ENSG00000079805,"(133.98939939275112, 756.4250449492245)",87.5123,Significantly Less
ENSG00000178952,"(147.82245004117183, 402.61221598602594)",598.2143,Significantly More
ENSG00000100129,"(131.3148677929658, 636.8692019144166)",78.3209,Significantly Less
ENSG00000132341,"(9.714239855046316, 273.3340688434537)",337.444,Significantly More
ENSG00000115268,"(60.584102869012725, 491.66382932697474)",1076.4501,Significantly More
ENSG00000170348,"(167.94119876806323, 422.91982375139014)",167.9323,Significantly Less
ENSG00000107581,"(16.137355392167443, 96.92996080292156)",114.3391,Significantly More
ENSG00000135926,"(289.9088638161563, 1023.946416465247)",42.9775,Significantly Less
ENSG00000183283,"(287.6762989967578, 705.8544606691687)",153.876,Significantly Less
ENSG00000128272,"(17.11146782654677, 301.232331617133)",313.9737,Significantly More
ENSG00000116209,"(96.58652539305405, 766.864165558223)",63.9961,Significantly Less
ENSG00000171603,"(22.38867380790532, 154.22590423700154)",179.7686,Significantly More
ENSG00000160710,"(16.00838937706148, 56.297337380803)",61.9957,Significantly More
ENSG00000183255,"(175.8859817484539, 804.9799596487017)",170.9486,Significantly Less
ENSG00000153113,"(103.05527687491181, 264.9361147359841)",46.5314,Significantly Less
ENSG00000105281,"(4.943765659273623, 136.35464619971003)",347.007,Significantly More
ENSG00000189060,"(56.97535709642359, 199.35658458453548)",263.6782,Significantly More
ENSG00000135387,"(164.38486398843082, 460.6568954359033)",77.5529,Significantly Less
ENSG00000114391,"(-7.783608629968597, 419.152253790812)",544.1969,Significantly More
ENSG00000137497,"(73.04498375505295, 573.8938585338581)",26.2896,Significantly Less
ENSG00000198380,"(8.05443695927115, 76.73029729939037)",121.2991,Significantly More
ENSG00000196419,"(59.15683677108204, 156.4864891551748)",292.8037,Significantly More
ENSG00000125107,"(143.53137755487666, 619.301148450875)",52.5412,Significantly Less
ENSG00000109686,"(41.857690583227935, 142.90129048778368)",39.3278,Significantly Less
ENSG00000163466,"(222.65754939937432, 625.3574661715654)",130.3849,Significantly Less
ENSG00000124145,"(33.66811746673304, 91.2694944278848)",167.3618,Significantly More
ENSG00000157734,"(8.96453060378716, 115.20187083144668)",1.0194,Significantly Less
ENSG00000257379,"(88.79174813510248, 221.49390563231128)",0.0,Significantly Less
ENSG00000125970,"(143.8378472948977, 392.0295341400276)",130.1402,Significantly Less
ENSG00000231925,"(-1.4876299193989695, 173.56552575325668)",235.6908,Significantly More
ENSG00000101421,"(78.67151750421348, 256.0442975194053)",532.3185,Significantly More
ENSG00000177606,"(-19.962258987163757, 139.12061978924876)",277.2009,Significantly More
ENSG00000101311,"(3.383638374535849, 61.9216271834204)",178.0647,Significantly More
ENSG00000108375,"(0.9906494815321665, 32.55287943357027)",48.2799,Significantly More
ENSG00000101182,"(17.349834268584488, 252.80801256558746)",554.2007,Significantly More
ENSG00000198563,"(70.41423860864543, 286.40768415695777)",32.0555,Significantly Less
ENSG00000142669,"(114.43628186526593, 649.794063507579)",1402.1511,Significantly More
ENSG00000096433,"(0.6272620878879174, 42.108599600911475)",84.6289,Significantly More
ENSG00000140740,"(241.5770631906522, 883.6660183178914)",120.4266,Significantly Less
ENSG00000116133,"(-9.724614253806877, 193.27212899439206)",249.9912,Significantly More
ENSG00000118816,"(173.79016767101655, 691.4868302059718)",154.5824,Significantly Less
ENSG00000100219,"(-3.785657207612161, 240.4032651695574)",327.1821,Significantly More
ENSG00000106211,"(-287.5328205100973, 976.1134772430564)",1184.0538,Significantly More
ENSG00000125835,"(5.459365509024643, 94.70896346265437)",754.0875,Significantly More
ENSG00000136997,"(-6.834471501765947, 74.53469734678566)",250.4224,Significantly More
ENSG00000197451,"(49.57644537106739, 216.68586739842317)",495.1582,Significantly More
ENSG00000165678,"(40.51186079086051, 146.23459950471943)",340.8572,Significantly More
ENSG00000103495,"(33.980885494425905, 289.63705000440564)",29.4025,Significantly Less
ENSG00000089220,"(-14.683299552284154, 452.67382890235314)",771.5564,Significantly More
ENSG00000140526,"(55.71912805261928, 397.43037672983286)",49.2158,Significantly Less
ENSG00000102572,"(48.33193656868387, 153.66198954826842)",16.7635,Significantly Less
ENSG00000168264,"(5.985642705917719, 59.2688918925786)",103.3272,Significantly More
ENSG00000105438,"(144.12154599693747, 344.1966352450259)",523.986,Significantly More
ENSG00000242372,"(79.53978852124742, 219.70957689208757)",423.1406,Significantly More
ENSG00000089472,"(20.05493905416178, 126.68475271782133)",152.7177,Significantly More
ENSG00000115524,"(141.01866859279872, 376.93982073782024)",58.2677,Significantly Less
ENSG00000102265,"(-129.78840106501406, 333.0376948440134)",1118.6117,Significantly More
ENSG00000158769,"(88.67534575138802, 451.6172680928845)",64.4568,Significantly Less
ENSG00000115091,"(125.13541050621177, 460.3549474320205)",57.7572,Significantly Less
ENSG00000118181,"(72.35625505462377, 500.54003926662375)",542.5658,Significantly More
ENSG00000134287,"(245.08808931998186, 918.5965836532373)",164.5453,Significantly Less
ENSG00000161010,"(120.08016550639078, 359.95313500695204)",5.3043,Significantly Less
ENSG00000144426,"(21.93543184499535, 105.27614364892689)",0.985,Significantly Less
ENSG00000182492,"(-29.916763896059887, 65.26626670586992)",263.117,Significantly More
ENSG00000164754,"(24.1032479062191, 64.75832596480284)",112.14,Significantly More
ENSG00000133216,"(-0.9108975854545349, 61.891255548326484)",104.3279,Significantly More
ENSG00000082641,"(352.9499624477629, 845.6575702369065)",74.1818,Significantly Less
ENSG00000162909,"(97.39363657338032, 730.8792046222297)",64.6183,Significantly Less
ENSG00000162981,"(-10.931887629920183, 120.24417259855754)",163.1813,Significantly More
ENSG00000122218,"(25.494641808534762, 70.54711179427352)",86.0009,Significantly More
ENSG00000111642,"(13.964099339873592, 139.5445710862759)",11.6442,Significantly Less
ENSG00000086232,"(135.09101047229223, 309.9468065767583)",102.7394,Significantly Less
ENSG00000152767,"(124.80107685463885, 319.94210313233265)",5.5378,Significantly Less
ENSG00000085063,"(69.48102378306152, 415.89581355471034)",26.788,Significantly Less
ENSG00000136810,"(79.28168405738222, 461.6511468177531)",1285.0786,Significantly More
ENSG00000125398,"(-4.558558974572934, 34.37948746166961)",301.7236,Significantly More
ENSG00000182054,"(3.6625800048997235, 222.09349785349434)",486.4246,Significantly More
ENSG00000172354,"(85.31555067547833, 210.37867861750198)",304.8533,Significantly More
ENSG00000152348,"(32.86247022498989, 335.88625089615243)",3.2392,Significantly Less
ENSG00000143947,"(69.20193874985702, 430.380142341019)",558.2445,Significantly More
ENSG00000178035,"(19.468884135098925, 98.45586927558705)",172.5216,Significantly More
ENSG00000124155,"(43.503052275655634, 131.0546232500937)",34.7317,Significantly Less
ENSG00000175215,"(114.68628304792065, 552.4919786015425)",93.6894,Significantly Less
ENSG00000130429,"(48.41018904080278, 192.06115845202874)",1.7766,Significantly Less
ENSG00000204463,"(118.21294565590279, 313.17925514799623)",107.7852,Significantly Less
ENSG00000197879,"(283.89704750461743, 865.7733140451073)",110.0764,Significantly Less
ENSG00000113719,"(50.48945302511406, 142.23073989037545)",48.4357,Significantly Less
ENSG00000184216,"(31.228906109418205, 94.54340033681387)",329.6647,Significantly More
ENSG00000106153,"(7.822676819804286, 346.3944205564691)",576.5916,Significantly More
ENSG00000179091,"(3.4866778579152253, 391.94369846242444)",669.1834,Significantly More
ENSG00000114942,"(-38.176868314301856, 459.7236932497934)",537.0992,Significantly More
ENSG00000269888,"(180.8833799181558, 1002.6538626862301)",0.0,Significantly Less
ENSG00000166508,"(1.939395168971906, 71.46352869558277)",211.7534,Significantly More
ENSG00000170027,"(19.419446567843195, 55.64158685781749)",149.6889,Significantly More
ENSG00000251357,"(10.834912764592502, 170.6000176936979)",0.0,Significantly Less
ENSG00000136450,"(38.58780346797127, 184.29686204169198)",35.1768,Significantly Less
ENSG00000079459,"(20.142047918232052, 185.93069527030934)",487.7151,Significantly More
ENSG00000115484,"(23.852824083647562, 122.34134171517891)",189.8147,Significantly More
ENSG00000070831,"(34.75993191385655, 166.02237470537145)",33.9222,Significantly Less
ENSG00000138760,"(53.25883437263362, 145.07465960635847)",25.7273,Significantly Less
ENSG00000165556,"(5.434490594332686, 241.1482022548124)",289.7921,Significantly More
ENSG00000102007,"(24.80682608164824, 264.45002757924976)",619.5309,Significantly More
ENSG00000183779,"(-0.4693199137674249, 63.19115631120508)",438.2839,Significantly More
ENSG00000054793,"(3.469186060309994, 37.573534791704475)",46.9251,Significantly More
ENSG00000013306,"(59.07162976547282, 234.69748144788764)",324.238,Significantly More
ENSG00000123562,"(23.386611152401827, 250.70171291445996)",302.2335,Significantly More
ENSG00000171223,"(-42.825381402158655, 226.92002741588288)",395.2365,Significantly More
ENSG00000137331,"(-54.03705799923408, 185.05910283329894)",407.0162,Significantly More
ENSG00000087365,"(124.89082302749148, 243.94216141599014)",62.8996,Significantly Less
ENSG00000124172,"(37.16925151244909, 113.04747676583011)",140.511,Significantly More
ENSG00000076554,"(121.09819394653044, 672.9539050710657)",51.6956,Significantly Less
ENSG00000109332,"(180.4759051392128, 500.09097175846784)",47.007,Significantly Less
ENSG00000115758,"(-19.00961622561435, 104.2940183698452)",268.6543,Significantly More
ENSG00000062485,"(165.7845745051775, 479.9892556133128)",132.8013,Significantly Less
ENSG00000170144,"(4.824991404381958, 42.63215307045016)",117.3705,Significantly More
ENSG00000131051,"(43.65573085875698, 206.59908193924878)",43.0939,Significantly Less
ENSG00000214078,"(26.02232202422674, 141.58335996928008)",148.5323,Significantly More
ENSG00000124214,"(27.83599753766299, 52.610057335121155)",118.7121,Significantly More
ENSG00000269242,"(50.59309476987664, 338.58616142286326)",0.0,Significantly Less
ENSG00000164032,"(5.58388357808748, 254.07853109137102)",363.718,Significantly More
ENSG00000113712,"(56.34087721978392, 129.13171741939465)",26.2145,Significantly Less
ENSG00000063245,"(117.44570844751189, 692.6301327891913)",60.8515,Significantly Less
ENSG00000081923,"(78.49727047818874, 661.1024783691034)",69.818,Significantly Less
ENSG00000163993,"(-312.4499989834468, 521.4590656469852)",2240.3973,Significantly More
ENSG00000179818,"(114.84405775140205, 242.38525630445582)",0.6551,Significantly Less
ENSG00000105202,"(48.55596772224757, 216.30252200058496)",744.0035,Significantly More
ENSG00000188157,"(4.0282285978298304, 79.06902220653535)",89.7952,Significantly More
ENSG00000107223,"(137.49909488847908, 407.84558279484855)",463.466,Significantly More
ENSG00000112245,"(15.05695875913915, 342.95322636062133)",0.0546,Significantly Less
ENSG00000089693,"(111.95435366204597, 280.44505622083705)",379.7994,Significantly More
ENSG00000145907,"(67.57615309936259, 226.2710953968431)",29.5505,Significantly Less
ENSG00000160213,"(11.381286429329172, 137.39662797613565)",346.2834,Significantly More
ENSG00000064666,"(4.927384370780615, 128.67547057618333)",182.1799,Significantly More
ENSG00000159140,"(69.50220380434337, 317.5972027755169)",35.5588,Significantly Less
ENSG00000159377,"(42.798870827467766, 254.0435151216988)",301.0678,Significantly More
ENSG00000100664,"(139.43035205077766, 456.13261677393837)",49.7113,Significantly Less
ENSG00000077549,"(85.02971391629241, 150.0702145276005)",38.5828,Significantly Less
ENSG00000121057,"(159.16030669825273, 360.08465475093794)",91.182,Significantly Less
ENSG00000155096,"(8.604711263412202, 51.339834425576996)",75.4115,Significantly More
ENSG00000179010,"(35.95566931407754, 167.4998589898797)",200.3143,Significantly More
ENSG00000170248,"(124.2164482634488, 733.7964658196521)",51.3144,Significantly Less
ENSG00000159335,"(-130.5006454345696, 405.06187055566716)",841.2215,Significantly More
ENSG00000118971,"(0.985094927960743, 32.95881522070434)",146.9913,Significantly More
ENSG00000275023,"(42.667931882261115, 177.75314568288988)",34.2445,Significantly Less
ENSG00000169223,"(75.60142261970212, 200.18891863661503)",317.0688,Significantly More
ENSG00000142634,"(49.6704157777221, 191.6541242656389)",496.56,Significantly More
ENSG00000120694,"(-2.6997191955952538, 36.947357105096316)",43.1526,Significantly More
ENSG00000131473,"(16.374860112528836, 98.44396537814069)",140.2396,Significantly More
ENSG00000179051,"(10.879933328908194, 82.6056224760436)",139.1423,Significantly More
ENSG00000238045,"(79.84478752496148, 507.22838941880445)",5.0759,Significantly Less
ENSG00000126267,"(177.97474368985445, 622.6444006146365)",678.4154,Significantly More
ENSG00000162522,"(8.566129769008505, 102.0428327013106)",103.7698,Significantly More
ENSG00000178719,"(-1.8313380897823777, 199.07434068924238)",340.1786,Significantly More
ENSG00000128050,"(3.3586678944311785, 54.78366412316788)",89.9546,Significantly More
ENSG00000007202,"(170.87784190232475, 421.8306949751355)",41.5076,Significantly Less
ENSG00000113722,"(31.778324965186584, 235.85351188472532)",582.6892,Significantly More
ENSG00000100412,"(43.169544920550564, 161.13058558624664)",32.2117,Significantly Less
ENSG00000125753,"(224.7937854094598, 437.6776073409188)",185.3443,Significantly Less
ENSG00000090060,"(134.89079855147747, 258.51530009423954)",37.4568,Significantly Less
ENSG00000126777,"(63.252173132160166, 213.8457697985595)",24.0039,Significantly Less
ENSG00000084733,"(113.89352026983649, 238.56420357399395)",110.3991,Significantly Less
ENSG00000136938,"(59.70341665858638, 258.806965202726)",364.7748,Significantly More
ENSG00000189334,"(15.241291103400613, 434.4229218881628)",450.5875,Significantly More
ENSG00000124783,"(54.704728713103066, 167.52292720996164)",44.8959,Significantly Less
ENSG00000204262,"(-8.335564745924408, 33.060573997741486)",41.0903,Significantly More
ENSG00000129250,"(213.15662298508113, 543.0606104208209)",75.9006,Significantly Less
ENSG00000171552,"(15.696032110038491, 57.45344026674911)",57.7916,Significantly More
ENSG00000095139,"(32.00714022762916, 84.47099127993002)",104.985,Significantly More
ENSG00000196878,"(-13.484171295021184, 96.23525771411174)",113.3763,Significantly More
ENSG00000105640,"(8.250426616755277, 195.69755984499423)",454.3117,Significantly More
ENSG00000156261,"(43.50767443569855, 165.25346272800897)",208.4555,Significantly More
ENSG00000143621,"(28.61293508537463, 180.81218795575592)",212.6189,Significantly More
ENSG00000084090,"(119.27129252633296, 281.11179595568365)",105.3929,Significantly Less
ENSG00000184007,"(167.60083810979432, 313.84449705360737)",81.7781,Significantly Less
ENSG00000124422,"(129.87106711239886, 399.2944833198106)",73.4048,Significantly Less
ENSG00000074416,"(60.77672746686915, 631.5268859238407)",35.1009,Significantly Less
ENSG00000177733,"(7.604127563117631, 24.584508968547503)",66.4891,Significantly More
ENSG00000061676,"(78.41482973143411, 345.4401911375539)",17.3238,Significantly Less
ENSG00000134107,"(-10.388401684566695, 102.38507603631388)",192.5065,Significantly More
ENSG00000265681,"(70.66793881343688, 363.46855718413303)",10.331,Significantly Less
ENSG00000143882,"(11.489409688798503, 123.18942548326109)",5.8973,Significantly Less
ENSG00000089159,"(126.60315542881732, 317.2167217775169)",36.6965,Significantly Less
ENSG00000103257,"(-3.707031073452119, 13.982621411615739)",187.7689,Significantly More
ENSG00000196642,"(25.95088236627899, 75.12353173506078)",82.3642,Significantly More
ENSG00000164828,"(116.31228870242849, 251.87168002087833)",19.3999,Significantly Less
ENSG00000051523,"(18.173663732814646, 353.520513426548)",407.753,Significantly More
ENSG00000127481,"(41.71007277519442, 310.5605637863985)",17.6353,Significantly Less
ENSG00000173598,"(32.299807664940815, 123.52953131392216)",20.8365,Significantly Less
ENSG00000180921,"(-1.0375967532542116, 31.074059935968364)",131.6247,Significantly More
ENSG00000108344,"(40.80546497024785, 115.13730970244734)",136.2595,Significantly More
ENSG00000268083,"(166.41613915729624, 380.23537299278894)",0.0,Significantly Less
ENSG00000121774,"(32.225152352444354, 76.30612431990978)",150.8318,Significantly More
ENSG00000101856,"(28.411664746363954, 138.72318751470164)",333.3867,Significantly More
ENSG00000159842,"(133.57895744738192, 558.1631791585864)",63.8605,Significantly Less
ENSG00000087274,"(63.875500470272755, 313.4114936026724)",34.3274,Significantly Less
ENSG00000273749,"(137.08660235654176, 449.2934939201974)",39.981,Significantly Less
ENSG00000101161,"(16.225092011048503, 44.85416815706569)",157.3268,Significantly More
ENSG00000182580,"(-28.01015038685881, 217.3363232356503)",247.9501,Significantly More
ENSG00000179195,"(91.27803714586753, 370.73260954715806)",82.6492,Significantly Less
ENSG00000170515,"(32.36338336669209, 208.33147726582132)",218.9617,Significantly More
ENSG00000165732,"(-3.9448477515507694, 35.84413194625721)",79.0867,Significantly More
ENSG00000176340,"(198.96613841106046, 674.3870381673754)",798.8967,Significantly More
ENSG00000168003,"(8.608253055252472, 70.28938594520233)",119.1291,Significantly More
ENSG00000143418,"(44.413861979259394, 223.5964656938058)",40.4221,Significantly Less
ENSG00000101367,"(13.760696897727122, 68.39875586816157)",176.5184,Significantly More
ENSG00000233276,"(7.0012079341463505, 239.15834984500177)",717.7991,Significantly More
ENSG00000103769,"(155.05148840016795, 399.28037508536886)",90.8727,Significantly Less
ENSG00000165527,"(27.917266699945323, 72.47801048267038)",109.0045,Significantly More
ENSG00000112473,"(18.24566118358399, 109.56993584767986)",192.5531,Significantly More
ENSG00000170296,"(189.2223544276595, 466.7190312782004)",2.5498,Significantly Less
ENSG00000147162,"(0.5278080756796903, 36.65974983094071)",64.8368,Significantly More
ENSG00000106052,"(37.81553876560812, 92.04776850477162)",22.0569,Significantly Less
ENSG00000007952,"(-5.03249677510221, 108.89360265014236)",513.5348,Significantly More
ENSG00000128016,"(-85.09034047802734, 320.53311901426787)",397.0071,Significantly More
ENSG00000137409,"(31.263210589839687, 77.27054701308138)",179.922,Significantly More
ENSG00000175793,"(-47.23944597280254, 393.06595473969105)",583.8555,Significantly More
ENSG00000122705,"(64.51212101703744, 159.90576447319233)",321.6929,Significantly More
ENSG00000257923,"(24.34211056573826, 68.46976877904544)",17.6416,Significantly Less
ENSG00000100300,"(57.6751180907018, 383.2344411780761)",650.1615,Significantly More
ENSG00000073578,"(117.61217768547888, 408.3178481456338)",9.8377,Significantly Less
ENSG00000078808,"(51.407470663069866, 130.12138953914146)",168.7957,Significantly More
ENSG00000198242,"(49.69247835360116, 230.42416072796513)",276.5716,Significantly More
ENSG00000168646,"(-2.9647313657700423, 62.13520869050367)",90.4134,Significantly More
ENSG00000179950,"(34.988510705466005, 85.7275077825681)",145.075,Significantly More
ENSG00000136295,"(0.4877259553341311, 26.481772348719826)",86.3566,Significantly More
ENSG00000110107,"(40.438000869111235, 204.90056269606407)",220.0004,Significantly More
ENSG00000124429,"(3.1401646825636575, 87.95163519509387)",117.9839,Significantly More
ENSG00000196305,"(1.8477454302495602, 30.74895895297314)",71.5135,Significantly More
ENSG00000197965,"(86.1258521715744, 191.24997502999688)",48.7064,Significantly Less
ENSG00000124207,"(3.654468183594215, 26.11583372824104)",164.909,Significantly More
ENSG00000267748,"(51.50113283472814, 730.1441677526291)",0.0,Significantly Less
ENSG00000167600,"(-104.72707848938943, 301.6291649820288)",664.3302,Significantly More
ENSG00000196562,"(20.515662775313466, 122.12824714419557)",9.8732,Significantly Less
ENSG00000141551,"(151.0922660592345, 331.7220166625366)",39.9977,Significantly Less
ENSG00000166197,"(4.670374655734953, 51.40576309568589)",158.6068,Significantly More
ENSG00000167792,"(154.6687134875474, 452.4492370715275)",146.4244,Significantly Less
ENSG00000127884,"(58.43712059776553, 260.53614298879427)",521.18,Significantly More
ENSG00000244687,"(95.49606143864233, 166.05453935624897)",1.7209,Significantly Less
ENSG00000147649,"(83.3554870917602, 220.74611992782343)",66.2436,Significantly Less
ENSG00000165376,"(-10.892576318176207, 13.130861828421938)",33.6859,Significantly More
ENSG00000159399,"(-34.62267736773901, 145.78258712295602)",183.0969,Significantly More
ENSG00000103363,"(46.80481659111224, 242.8390666095887)",598.7807,Significantly More
ENSG00000008018,"(12.055955661983589, 144.79313128550007)",254.279,Significantly More
ENSG00000111540,"(200.65333334080617, 483.2966945804101)",80.791,Significantly Less
ENSG00000182199,"(17.72899548738672, 118.88078310831719)",262.5921,Significantly More
ENSG00000115241,"(20.653674058506326, 63.46245289710488)",138.9738,Significantly More
ENSG00000187555,"(105.61265659275017, 346.38547061933025)",62.3755,Significantly Less
ENSG00000010244,"(57.076027134442114, 173.5042367709766)",26.7414,Significantly Less
ENSG00000108774,"(198.62774044210227, 385.481766478549)",72.6688,Significantly Less
ENSG00000270647,"(15.575644677094502, 113.81700277256634)",125.4301,Significantly More
ENSG00000133318,"(85.32014265354282, 193.6750058315032)",62.6463,Significantly Less
ENSG00000071553,"(34.57740509832723, 84.764819898208)",132.2051,Significantly More
ENSG00000138757,"(65.96702094868525, 158.3359799094909)",28.2179,Significantly Less
ENSG00000105976,"(1.9815597130673144, 22.13035948182769)",46.3676,Significantly More
ENSG00000132646,"(3.8339709770487715, 106.00693862130103)",569.5712,Significantly More
ENSG00000124486,"(5.3732445028531615, 27.76948042837448)",40.9994,Significantly More
ENSG00000106609,"(136.31180995181566, 251.74962880082361)",60.85,Significantly Less
ENSG00000282034,"(6.179150251903721, 30.710774848382414)",0.0,Significantly Less
ENSG00000128245,"(74.5893265277522, 152.30566331672262)",187.4881,Significantly More
ENSG00000171617,"(0.8366446367346647, 13.87122384035931)",77.6486,Significantly More
ENSG00000149100,"(58.144330590125755, 173.87102134866353)",56.3626,Significantly Less
ENSG00000133816,"(98.31273580202696, 644.6931068147887)",15.4248,Significantly Less
ENSG00000125743,"(-3.134230653577049, 305.28372164477264)",519.4575,Significantly More
ENSG00000082153,"(67.32354429526285, 343.68140914498713)",28.8628,Significantly Less
ENSG00000126457,"(10.634200422976448, 176.40166709606282)",269.0559,Significantly More
ENSG00000172016,"(-407.9931397420409, 460.9151748500304)",6156.9545,Significantly More
ENSG00000130706,"(26.454641891643817, 84.31840621007021)",176.9268,Significantly More
ENSG00000140497,"(120.55194188181596, 486.116357907565)",98.2567,Significantly Less
ENSG00000139289,"(-5.207108119051515, 13.591662076750609)",51.1892,Significantly More
ENSG00000069329,"(89.56631300509034, 222.27427473174768)",39.34,Significantly Less
ENSG00000241837,"(49.82393567237648, 596.696339350024)",49.6941,Significantly Less
ENSG00000112118,"(3.409811095960496, 44.91233986426684)",136.3545,Significantly More
ENSG00000109606,"(66.28749706268758, 210.09464385379346)",55.6024,Significantly Less
ENSG00000130513,"(-27.79495523121114, 59.49282028949971)",805.1624,Significantly More
ENSG00000122642,"(53.361518880704836, 193.71067295212833)",40.1875,Significantly Less
ENSG00000115307,"(36.92812048975158, 167.20370190099652)",229.2824,Significantly More
ENSG00000104852,"(13.936614997581664, 95.62527099405085)",234.7452,Significantly More
ENSG00000197930,"(23.800707233003948, 120.9301605081532)",127.8422,Significantly More
ENSG00000090861,"(4.637396165003391, 42.91872692761554)",50.5284,Significantly More
ENSG00000113558,"(52.33424133755949, 336.8175747895911)",19.2693,Significantly Less
ENSG00000104341,"(3.638408306352563, 38.618885755047685)",178.4253,Significantly More
ENSG00000101361,"(10.761122678796873, 102.26177740606136)",166.4305,Significantly More
ENSG00000118785,"(-12.422595441393216, 23.73119461751725)",119.0516,Significantly More
ENSG00000176387,"(79.37213289972522, 1609.8277480146635)",74.6394,Significantly Less
ENSG00000279738,"(2.9705904461090595, 12.11024793356772)",0.6444,Significantly Less
ENSG00000104413,"(13.171763644127942, 100.70512242723439)",123.8752,Significantly More
ENSG00000131724,"(32.705926271647115, 87.84833456354036)",111.8119,Significantly More
ENSG00000116288,"(20.237853130050752, 264.965453123721)",285.205,Significantly More
ENSG00000133606,"(70.15964142063146, 288.6116343220017)",62.1253,Significantly Less
ENSG00000114978,"(124.50293748569382, 244.9079958832393)",50.7951,Significantly Less
ENSG00000101150,"(10.980197786267716, 56.01256698520398)",96.8581,Significantly More
ENSG00000104388,"(126.96712731879512, 269.3423315700892)",99.4734,Significantly Less
ENSG00000108604,"(23.138473331441553, 53.90081363782564)",137.8209,Significantly More
ENSG00000125912,"(25.917430624347602, 147.19294767042993)",243.1446,Significantly More
ENSG00000130522,"(-8.73366123093433, 298.9576838774375)",455.6787,Significantly More
ENSG00000124614,"(14.690623217345191, 233.74726795064566)",12.7041,Significantly Less
ENSG00000089248,"(63.5041322686033, 139.7696900838152)",213.5867,Significantly More
ENSG00000169692,"(-11.860568474549808, 312.03595303265115)",605.7846,Significantly More
ENSG00000137124,"(2.687289162140651, 99.853981769108)",170.4787,Significantly More
ENSG00000177885,"(98.7478477617899, 168.0519217889116)",80.2001,Significantly Less
ENSG00000124766,"(-0.6569062252403661, 18.229622451019832)",78.8874,Significantly More
ENSG00000099953,"(0.31038806840420285, 19.395570485615337)",80.248,Significantly More
ENSG00000186010,"(65.51324832798281, 443.09766710616833)",7.6821,Significantly Less
ENSG00000115561,"(102.68978176275262, 276.70288695240134)",21.9709,Significantly Less
ENSG00000185043,"(63.60678519590368, 320.6121625556809)",438.1077,Significantly More
ENSG00000179262,"(36.69723528041808, 107.42051999453255)",112.631,Significantly More
ENSG00000144224,"(83.05389493766285, 302.5317786793423)",62.0722,Significantly Less
ENSG00000204843,"(131.7702226313237, 397.4647502421998)",22.3976,Significantly Less
ENSG00000123989,"(2.586479271868239, 29.239850354924346)",200.3703,Significantly More
ENSG00000266086,"(22.166381057205037, 108.9305390820717)",0.0,Significantly Less
ENSG00000116016,"(123.16460501534903, 673.5348938186821)",33.9289,Significantly Less
ENSG00000167183,"(-5.987254986918984, 211.98121133148624)",295.3607,Significantly More
ENSG00000119139,"(10.837112682566907, 54.55273322722208)",0.7912,Significantly Less
ENSG00000080603,"(2.962798075243782, 18.845054073130715)",1.2485,Significantly Less
ENSG00000127837,"(57.26756993682293, 115.29393798766156)",198.2653,Significantly More
ENSG00000125826,"(19.119297404230956, 48.02024263526304)",202.4073,Significantly More
ENSG00000022840,"(206.05229059871647, 356.44713165956523)",105.0373,Significantly Less
ENSG00000120948,"(66.10318800116795, 214.49173859398763)",54.9459,Significantly Less
ENSG00000167468,"(-22.651859941404993, 269.5341013338265)",392.2103,Significantly More
ENSG00000100823,"(32.76429963430124, 184.7897322198435)",241.0669,Significantly More
ENSG00000073921,"(92.8934610853633, 272.55897523299996)",47.5392,Significantly Less
ENSG00000129083,"(101.61484751276166, 324.6821367749329)",62.8949,Significantly Less
ENSG00000198900,"(7.513747999768357, 36.799230990798804)",85.5873,Significantly More
ENSG00000185883,"(76.11197462751241, 243.7985610901787)",0.7452,Significantly Less
ENSG00000177565,"(83.62584607221903, 274.5659955474783)",27.6242,Significantly Less
ENSG00000197226,"(83.38352412550238, 221.25721076219236)",49.6727,Significantly Less
ENSG00000055070,"(102.92538328626449, 253.38846778309528)",83.289,Significantly Less
ENSG00000164104,"(2.3651734793872947, 140.5918507563581)",159.9761,Significantly More
ENSG00000125818,"(98.11223305844521, 203.53970574780885)",57.9941,Significantly Less
ENSG00000099341,"(27.429192100833028, 133.43715685286054)",218.9105,Significantly More
ENSG00000178950,"(66.03311751388316, 451.3310829488683)",41.1109,Significantly Less
ENSG00000126012,"(7.094521350143918, 43.54370133343981)",71.91,Significantly More
ENSG00000177731,"(142.8389830739024, 377.502923063231)",83.0206,Significantly Less
ENSG00000000003,"(2.5946507523459417, 75.43830850570473)",120.9696,Significantly More
ENSG00000104738,"(-1.562917154869453, 86.11347233154984)",100.2672,Significantly More
ENSG00000130826,"(3.882142495701668, 34.956251711013536)",130.5539,Significantly More
ENSG00000140279,"(-74.36563452246682, 102.81879794605214)",278.7457,Significantly More
ENSG00000112308,"(28.420329147896837, 66.23053636724009)",107.0529,Significantly More
ENSG00000110090,"(80.88454318942166, 797.9185198679618)",77.3348,Significantly Less
ENSG00000101474,"(9.378653079165645, 68.93882654305885)",209.2576,Significantly More
ENSG00000198752,"(98.12437605801148, 342.1431871103452)",36.6671,Significantly Less
ENSG00000127483,"(80.09066537627496, 275.7267081730253)",33.6512,Significantly Less
ENSG00000055917,"(92.92569758964044, 213.9747983302837)",45.3603,Significantly Less
ENSG00000101224,"(-10.918618480161673, 42.94225915790922)",228.7758,Significantly More
ENSG00000103512,"(66.21616542860865, 245.96138066268412)",24.8722,Significantly Less
ENSG00000067704,"(107.09904666864986, 270.5032413901799)",106.744,Significantly Less
ENSG00000159692,"(82.466227244252, 173.34477394605594)",40.7506,Significantly Less
ENSG00000005884,"(67.27411812723642, 427.2787887118022)",42.1543,Significantly Less
ENSG00000241685,"(95.52302900856452, 233.6442812851267)",45.8445,Significantly Less
ENSG00000185164,"(14.057716178666361, 58.193702688393735)",5.6522,Significantly Less
ENSG00000103888,"(-0.8419726954999069, 2.5175024667705914)",25.7739,Significantly More
ENSG00000160932,"(-21.50161469690775, 108.8877694529443)",262.4067,Significantly More
ENSG00000149084,"(37.66912945974683, 268.4813640994429)",28.1722,Significantly Less
ENSG00000175582,"(82.664368858003, 181.25824601704693)",49.6023,Significantly Less
ENSG00000153904,"(9.693860344185719, 51.24669479351488)",83.5072,Significantly More
ENSG00000165502,"(76.99885262009593, 371.00298189209155)",638.4436,Significantly More
ENSG00000230551,"(6.62493761443497, 18.53343196540327)",3.1595,Significantly Less
ENSG00000108561,"(-3.243752863360001, 229.86226676015167)",355.9818,Significantly More
ENSG00000240567,"(9.203799617107187, 61.233159612952626)",0.0,Significantly Less
ENSG00000101152,"(9.98102225444784, 34.60589245786515)",79.4785,Significantly More
ENSG00000124767,"(-2.3294830745738295, 75.4866448125648)",155.2896,Significantly More
ENSG00000130309,"(10.673194369940031, 48.30821195422355)",104.5115,Significantly More
ENSG00000196235,"(105.28216783189738, 265.35562972522456)",73.2093,Significantly Less
ENSG00000108582,"(46.56445431182888, 248.50420782736595)",22.7867,Significantly Less
ENSG00000136261,"(14.087338558501859, 66.82174307876396)",83.0301,Significantly More
ENSG00000138674,"(74.62106169447576, 263.5177103939819)",38.1366,Significantly Less
ENSG00000101333,"(-1.5117753861654801, 19.242997780924057)",27.9234,Significantly More
ENSG00000070413,"(17.11620254797891, 60.69386557576129)",77.1888,Significantly More
ENSG00000132963,"(6.761649311261685, 119.38102538918412)",227.5636,Significantly More
ENSG00000196914,"(23.067159351892126, 82.77305785418135)",10.0958,Significantly Less
ENSG00000116171,"(83.96923765129718, 300.68564159728476)",28.7867,Significantly Less
ENSG00000106628,"(5.820706026923176, 55.91700806742755)",97.8324,Significantly More
ENSG00000148672,"(19.34554539269149, 83.34105835553123)",94.9545,Significantly More
ENSG00000168209,"(-7.381789616124291, 58.55157950158741)",120.3625,Significantly More
ENSG00000180900,"(8.299992162278539, 70.99332485807983)",137.7,Significantly More
ENSG00000053918,"(3.6880047573087182, 67.6564550099749)",99.2814,Significantly More
ENSG00000100280,"(22.351192557326456, 72.02317213290733)",83.2348,Significantly More
ENSG00000157916,"(139.8525409240404, 298.24949132378396)",60.5743,Significantly Less
ENSG00000100991,"(20.261166785717894, 35.20793423131741)",146.4084,Significantly More
ENSG00000262660,"(12.908598385320829, 91.57298621387665)",0.0,Significantly Less
ENSG00000102316,"(-17.11293449089952, 112.15406663475774)",140.4511,Significantly More
ENSG00000138771,"(32.12671638275418, 652.7063987197257)",20.1446,Significantly Less
ENSG00000131828,"(34.574782162294156, 102.89166089246959)",143.0187,Significantly More
ENSG00000264364,"(8.764534604511903, 28.68579365422874)",62.252,Significantly More
ENSG00000090776,"(15.346776893633175, 44.961478132307626)",262.8826,Significantly More
ENSG00000112697,"(17.495299086874603, 46.162253827763024)",65.7565,Significantly More
ENSG00000088888,"(3.4200414063541125, 24.66081394797903)",50.1763,Significantly More
ENSG00000127824,"(27.67413983173971, 185.66005426877564)",189.5167,Significantly More
ENSG00000185803,"(13.183167492127197, 55.995175974865774)",183.0665,Significantly More
ENSG00000229117,"(-4.29888935601528, 358.1469445148325)",519.3143,Significantly More
ENSG00000143420,"(92.98556152681722, 262.1900554294945)",78.588,Significantly Less
ENSG00000023734,"(30.90059244174128, 115.72769795679966)",211.3857,Significantly More
ENSG00000183010,"(-15.796515138191488, 105.19212598193286)",108.9075,Significantly More
ENSG00000213977,"(36.28338549294679, 270.09609441160796)",6.8769,Significantly Less
ENSG00000136279,"(47.18622986558141, 115.96239437274393)",23.6893,Significantly Less
ENSG00000105963,"(49.55654297428265, 235.39565196493885)",25.8738,Significantly Less
ENSG00000135720,"(103.37203517352032, 425.03585131472676)",22.2514,Significantly Less
ENSG00000163812,"(78.85577023153758, 203.7183841602917)",30.1493,Significantly Less
ENSG00000106588,"(1.987180048738992, 101.77367412222503)",0.3239,Significantly Less
ENSG00000100813,"(51.44574633570785, 195.99717628548927)",50.1386,Significantly Less
ENSG00000237289,"(40.95989757133435, 671.7750327003237)",14.0727,Significantly Less
ENSG00000173674,"(4.644954564672187, 46.85672984017562)",71.9582,Significantly More
ENSG00000256646,"(2.947411655399364, 59.37339463505906)",0.0,Significantly Less
ENSG00000172803,"(49.69409215581098, 265.78687442842545)",0.4395,Significantly Less
ENSG00000101158,"(17.83241827407876, 50.20262226475725)",71.3522,Significantly More
ENSG00000125968,"(-11.137101835124966, 232.09707451232725)",301.3712,Significantly More
ENSG00000156599,"(99.3431382176896, 246.94218868123033)",68.8421,Significantly Less
ENSG00000139842,"(34.921463912198746, 95.24173767914418)",33.495,Significantly Less
ENSG00000101126,"(7.105060508633168, 20.287488485787055)",38.1399,Significantly More
ENSG00000129353,"(92.38807196143594, 343.3796348524911)",85.3886,Significantly Less
ENSG00000108883,"(64.67115739854499, 195.73942954304323)",46.0421,Significantly Less
ENSG00000165283,"(3.723179289416656, 130.4813638725054)",265.1006,Significantly More
ENSG00000162521,"(72.22580166082824, 204.84837322985564)",21.9355,Significantly Less
ENSG00000175029,"(107.55959754978643, 206.01395682256492)",18.407,Significantly Less
ENSG00000130520,"(35.4793238835496, 149.26652403525017)",174.1939,Significantly More
ENSG00000100605,"(87.60382776952, 321.1348298011085)",78.3483,Significantly Less
ENSG00000156467,"(53.195227066037305, 186.20288290686022)",29.4674,Significantly Less
ENSG00000182481,"(-5.420386937148869, 52.0203192698102)",68.0561,Significantly More
ENSG00000159592,"(122.87463690399235, 297.07656787514304)",36.7487,Significantly Less
ENSG00000004142,"(28.604399260912768, 63.904990042696014)",180.6702,Significantly More
ENSG00000099622,"(65.34488430153506, 242.3681005857345)",45.7827,Significantly Less
ENSG00000137166,"(6.3409946334571465, 31.687931214160503)",60.0484,Significantly More
ENSG00000105968,"(79.76047462829489, 240.3062165303702)",53.1477,Significantly Less
ENSG00000099995,"(102.41102069694637, 328.81510379204997)",59.7149,Significantly Less
ENSG00000159069,"(44.52548142258377, 156.13505805725438)",176.6492,Significantly More
ENSG00000213853,"(11.955352788104335, 53.07832221602662)",68.4563,Significantly More
ENSG00000100401,"(7.242490975926902, 47.46952814739615)",124.7185,Significantly More
ENSG00000049656,"(80.38312228902114, 261.1211610217331)",71.1265,Significantly Less
ENSG00000061794,"(17.532778475639205, 184.9608548228332)",302.1183,Significantly More
ENSG00000134243,"(96.1345406685297, 442.7325823984668)",28.0617,Significantly Less
ENSG00000148400,"(-1.3252262995288522, 23.453053047407515)",70.7329,Significantly More
ENSG00000147955,"(17.688247671847247, 52.11329056019227)",262.8457,Significantly More
ENSG00000023228,"(38.19884107028054, 95.85872868442337)",23.3413,Significantly Less
ENSG00000131446,"(135.7245336371857, 396.72979230283465)",35.5924,Significantly Less
ENSG00000104763,"(33.488749489194376, 114.01830159859581)",25.3793,Significantly Less
ENSG00000179222,"(16.031712747543367, 55.74994270788679)",96.2693,Significantly More
ENSG00000157106,"(12.918851722683321, 95.22302837431073)",9.6952,Significantly Less
ENSG00000054118,"(12.924376179648853, 47.203771079715224)",78.2478,Significantly More
ENSG00000158470,"(8.63107904279645, 40.939599306914936)",76.0757,Significantly More
ENSG00000014641,"(74.14101910623148, 271.4005426731492)",63.4707,Significantly Less
ENSG00000197122,"(24.800276901427075, 70.64269246128725)",90.955,Significantly More
ENSG00000071626,"(15.86264856004798, 62.03426789379589)",71.1873,Significantly More
ENSG00000172534,"(-0.403214313473212, 31.642315587811282)",64.2903,Significantly More
ENSG00000115806,"(70.3854914910957, 204.01813179963142)",69.2057,Significantly Less
ENSG00000076108,"(64.8366878424678, 276.01040006488074)",40.8158,Significantly Less
ENSG00000140564,"(12.134296679326468, 52.81452406168874)",133.321,Significantly More
ENSG00000182087,"(24.518157343529204, 89.11544325578436)",113.6491,Significantly More
ENSG00000154122,"(27.5228168626534, 261.8438960800863)",22.609,Significantly Less
ENSG00000117676,"(103.07932610496101, 542.2273243238949)",84.4428,Significantly Less
ENSG00000162298,"(66.78219295021137, 200.14227966156596)",53.989,Significantly Less
ENSG00000077097,"(9.268074496871986, 52.23005430502242)",53.0008,Significantly More
ENSG00000088325,"(-2.607216443821054, 19.935469143682297)",122.4373,Significantly More
ENSG00000122711,"(-756.163553528537, 1052.3121714445335)",1173.0921,Significantly More
ENSG00000136527,"(40.681153520109795, 154.43833568670084)",31.2347,Significantly Less
ENSG00000260272,"(29.448700832041396, 92.9704777119609)",0.0,Significantly Less
ENSG00000196504,"(42.877410959468435, 109.85935482174985)",30.2759,Significantly Less
ENSG00000170689,"(0.038099628134805386, 51.75577951712455)",183.7991,Significantly More
ENSG00000141027,"(32.041778437471905, 135.3090860047468)",24.0056,Significantly Less
ENSG00000100030,"(73.01055306282765, 145.40439591741938)",56.9661,Significantly Less
ENSG00000128283,"(7.113012721808502, 203.2874339520564)",208.8495,Significantly More
ENSG00000100242,"(57.09112232664293, 355.87684303743504)",30.9439,Significantly Less
ENSG00000131746,"(-8.393697668393713, 23.828535691721413)",184.0329,Significantly More
ENSG00000147604,"(37.74997944485749, 124.00018271940367)",917.7126,Significantly More
ENSG00000273734,"(33.3974271667652, 160.61050404214234)",0.0,Significantly Less
ENSG00000196591,"(55.55565846547225, 172.74805929629613)",20.9116,Significantly Less
ENSG00000085719,"(75.00498255157702, 197.86660362042346)",51.7779,Significantly Less
ENSG00000095787,"(23.700748222888514, 58.4017816840308)",21.097,Significantly Less
ENSG00000179295,"(2.693455805840621, 27.303242151929005)",65.4637,Significantly More
ENSG00000100836,"(42.426414983163426, 146.4345282670207)",15.7514,Significantly Less
ENSG00000142599,"(48.41119697613152, 324.34226252839375)",26.2568,Significantly Less
ENSG00000152102,"(8.44031447445116, 42.416826695039845)",61.9074,Significantly More
ENSG00000115875,"(8.867845238732784, 93.49980166630223)",105.5041,Significantly More
ENSG00000182149,"(98.89706803902585, 222.1930867980313)",39.112,Significantly Less
ENSG00000130414,"(19.440986547269716, 69.50435486968577)",18.821,Significantly Less
ENSG00000164266,"(-216.0305296754281, 606.2402850510923)",874.7963,Significantly More
ENSG00000106244,"(166.41401927158947, 354.12733849685037)",114.8201,Significantly Less
ENSG00000078304,"(78.38063827536043, 251.47607157302423)",22.2391,Significantly Less
ENSG00000277791,"(36.73778483704801, 247.2720248695444)",385.7722,Significantly More
ENSG00000162736,"(26.07124848870772, 59.22077808858488)",71.0856,Significantly More
ENSG00000077232,"(-0.056990041396963065, 6.4225587596924925)",10.2414,Significantly More
ENSG00000050344,"(0.02598437685083077, 15.762251925812881)",48.6958,Significantly More
ENSG00000139180,"(44.40477607489976, 238.24824997238852)",18.9467,Significantly Less
ENSG00000100304,"(27.325724272934046, 104.0585306457057)",107.9324,Significantly More
ENSG00000100591,"(42.95312192813634, 163.30602820717135)",164.7768,Significantly More
ENSG00000152894,"(33.91493120787141, 142.59571072863375)",28.6783,Significantly Less
ENSG00000126067,"(6.957025066890033, 28.42556817546891)",110.7629,Significantly More
ENSG00000204435,"(58.38492322848847, 112.07000495337175)",22.1663,Significantly Less
ENSG00000185101,"(-4.0209324995254185, 49.66691335282671)",119.7328,Significantly More
ENSG00000183207,"(24.197125652404353, 95.13906568427272)",247.0607,Significantly More
ENSG00000006007,"(53.29060634208456, 144.72487641307458)",42.1335,Significantly Less
ENSG00000131503,"(20.28970281127513, 80.83861643711802)",0.7453,Significantly Less
ENSG00000198931,"(27.553672954865775, 230.1546473196086)",247.0198,Significantly More
ENSG00000100138,"(39.46605727194083, 152.43914851066435)",175.8283,Significantly More
ENSG00000133657,"(4.2663807068515816, 22.04624559986149)",25.4315,Significantly More
ENSG00000145495,"(58.34576136412389, 202.28668174837603)",24.7701,Significantly Less
ENSG00000105402,"(123.358804165268, 223.48637219896221)",36.2163,Significantly Less
ENSG00000177189,"(16.246524357211392, 57.14350958684572)",61.2,Significantly More
ENSG00000132763,"(21.150522374151876, 73.94772989682116)",9.1362,Significantly Less
ENSG00000160182,"(-157.87457719291143, 322.97722346636056)",1240.2902,Significantly More
ENSG00000022277,"(65.83740494027528, 123.27583699437663)",49.2348,Significantly Less
ENSG00000138758,"(87.39279622192154, 301.67620788202487)",25.2276,Significantly Less
ENSG00000198952,"(103.81543240808229, 231.78895674652563)",78.8123,Significantly Less
ENSG00000270149,"(28.10013436459434, 145.29114096548423)",0.2852,Significantly Less
ENSG00000158604,"(12.528874309598375, 69.3297063109828)",73.7535,Significantly More
ENSG00000123131,"(-14.606291648162056, 131.00957248717734)",354.3158,Significantly More
ENSG00000164307,"(43.92834323651812, 412.1590505221553)",27.1705,Significantly Less
ENSG00000253719,"(7.358068660389412, 20.125421351310116)",43.938,Significantly More
ENSG00000124198,"(5.770558526963487, 23.380391680842585)",40.4459,Significantly More
ENSG00000140350,"(71.49284867544871, 181.36447775406987)",51.2347,Significantly Less
ENSG00000085377,"(9.883941140279077, 35.945329255552764)",47.1158,Significantly More
ENSG00000103266,"(81.79512392991732, 177.69699988022018)",49.8804,Significantly Less
ENSG00000093010,"(14.735138232533053, 66.0948670737603)",81.6068,Significantly More
ENSG00000185591,"(12.671955943488067, 37.08736732628305)",47.352,Significantly More
ENSG00000142230,"(0.11425808385962455, 81.79787293228823)",126.616,Significantly More
ENSG00000006831,"(127.94826164258339, 341.75072269044426)",114.4755,Significantly Less
ENSG00000182196,"(27.42826854876708, 132.76489599226812)",1.3009,Significantly Less
ENSG00000110367,"(28.677805221476582, 86.92802039716793)",28.2108,Significantly Less
ENSG00000196365,"(29.38299798420907, 108.17184758468137)",119.2313,Significantly More
ENSG00000144746,"(77.03294729600384, 411.73155785158957)",70.9188,Significantly Less
ENSG00000102158,"(6.1715586975617995, 65.64715070453803)",67.2981,Significantly More
ENSG00000101266,"(22.289351895885197, 43.68273034671747)",13.6894,Significantly Less
ENSG00000197858,"(28.321509719535786, 65.10352837112744)",207.2537,Significantly More
ENSG00000104687,"(24.533931381625592, 154.94549337509537)",157.0662,Significantly More
ENSG00000099814,"(3.8702805229135677, 36.14747895765397)",75.9064,Significantly More
ENSG00000169926,"(62.699486319855, 610.8157394844698)",34.4052,Significantly Less
ENSG00000100811,"(56.476073544495236, 118.88315985811714)",43.7601,Significantly Less
ENSG00000083312,"(47.703777045185596, 158.22491544625467)",26.6075,Significantly Less
ENSG00000131844,"(8.727898241087146, 36.334900615818455)",105.4178,Significantly More
ENSG00000169180,"(83.74383081919805, 214.33733529408718)",54.7207,Significantly Less
ENSG00000143570,"(22.674604944845438, 58.64165781739261)",0.7119,Significantly Less
ENSG00000167880,"(-1.3893645766038594, 12.224159877162535)",75.3734,Significantly More
ENSG00000091140,"(96.37078227649307, 256.2230791483999)",49.7269,Significantly Less
ENSG00000146072,"(3.6090042448074016, 63.811806227479856)",119.8426,Significantly More
ENSG00000196535,"(47.32441969001019, 296.7474172417983)",16.5135,Significantly Less
ENSG00000134686,"(9.395324423029983, 50.0992235010011)",74.4492,Significantly More
ENSG00000121892,"(77.2839026287444, 205.06343519893778)",24.4204,Significantly Less
ENSG00000196141,"(36.90053483901414, 319.70076148750934)",16.3106,Significantly Less
ENSG00000167491,"(63.910447145526604, 208.88306066435754)",60.0838,Significantly Less
ENSG00000132612,"(58.46520747033249, 88.60938407635221)",26.9304,Significantly Less
ENSG00000009335,"(63.62620118224336, 163.89779561646117)",34.19,Significantly Less
ENSG00000108179,"(38.310144420477855, 172.6161917663087)",269.6058,Significantly More
ENSG00000009954,"(4.446140655205117, 21.281471693658286)",38.7543,Significantly More
ENSG00000136848,"(54.33786196795077, 235.69983248404466)",29.7463,Significantly Less
ENSG00000140943,"(97.64706477881742, 272.18289800633755)",28.2008,Significantly Less
ENSG00000159720,"(100.1098689641756, 343.51741478504664)",50.1811,Significantly Less
ENSG00000141580,"(59.48785857899877, 112.52124139195253)",114.656,Significantly More
ENSG00000135452,"(34.35745736020612, 145.458891093892)",13.5216,Significantly Less
ENSG00000196821,"(13.905275450070478, 35.624725119073126)",58.9274,Significantly More
ENSG00000175203,"(62.50277898698872, 152.0671881563584)",37.7357,Significantly Less
ENSG00000163956,"(49.1175518449715, 137.79425914915961)",40.2893,Significantly Less
ENSG00000111530,"(71.63627721909197, 163.74103085034682)",34.5341,Significantly Less
ENSG00000125971,"(39.7732575753816, 100.76290950670972)",30.1493,Significantly Less
ENSG00000087302,"(55.99792670715152, 192.5897839294963)",44.9311,Significantly Less
ENSG00000180370,"(70.0994540974087, 179.25898896746787)",41.4974,Significantly Less
ENSG00000058673,"(11.332188984161032, 41.78861724983503)",0.047,Significantly Less
ENSG00000257315,"(2.896885295764876, 10.73992286739115)",0.0483,Significantly Less
ENSG00000088930,"(10.917536365312108, 26.44658459001083)",102.3998,Significantly More
ENSG00000149923,"(33.40357880045695, 127.66169888553645)",143.6865,Significantly More
ENSG00000108515,"(72.91363065722541, 266.7829356547112)",4.8118,Significantly Less
ENSG00000169398,"(78.94021431574828, 175.10138130098943)",20.3709,Significantly Less
ENSG00000116685,"(13.166292715077041, 78.09846313175083)",113.9904,Significantly More
ENSG00000109111,"(48.11839017575576, 274.58517393292334)",30.3703,Significantly Less
ENSG00000132305,"(32.11696585257645, 74.10761089493892)",110.8119,Significantly More
ENSG00000179632,"(29.048365911652112, 173.72462095741685)",222.5309,Significantly More
ENSG00000114650,"(65.83960930922939, 300.21690604579845)",65.2565,Significantly Less
ENSG00000148337,"(42.40919341522336, 140.58240702101992)",40.8178,Significantly Less
ENSG00000177311,"(54.55442540326909, 173.59899810528384)",19.3686,Significantly Less
ENSG00000170776,"(35.008129342266926, 389.0157222402056)",9.9308,Significantly Less
ENSG00000242125,"(-1.6828797101601483, 13.487679604468308)",63.1307,Significantly More
ENSG00000102580,"(10.701601830002563, 36.57186969278078)",43.3363,Significantly More
ENSG00000185033,"(67.54569716926264, 370.08953344888835)",64.0986,Significantly Less
ENSG00000136930,"(58.3953135953448, 182.79651933413578)",239.7784,Significantly More
ENSG00000169895,"(12.77345067379466, 37.607758719679836)",83.4232,Significantly More
ENSG00000188976,"(14.264556428475434, 75.55697798477914)",81.523,Significantly More
ENSG00000141002,"(108.50604018022875, 211.61862021415834)",34.5694,Significantly Less
ENSG00000106636,"(20.756232478571597, 42.12203789805767)",44.6177,Significantly More
ENSG00000100342,"(-42.491188202066596, 89.18371382526392)",217.3578,Significantly More
ENSG00000168653,"(24.673860149146606, 290.95481683694345)",1185.3425,Significantly More
ENSG00000167005,"(51.38374284384554, 192.46153547653864)",39.3009,Significantly Less
ENSG00000134970,"(62.01989691601099, 214.72755246068132)",45.317,Significantly Less
ENSG00000047315,"(73.63990331169546, 205.48477140070398)",42.2224,Significantly Less
ENSG00000103549,"(59.12461569542882, 167.62597288851708)",22.2787,Significantly Less
ENSG00000073584,"(14.594796714763739, 56.725036662516736)",0.8488,Significantly Less
ENSG00000204386,"(4.355667633683659, 55.2801002127)",69.9795,Significantly More
ENSG00000185359,"(102.4785950372825, 283.9598590942861)",23.8299,Significantly Less
ENSG00000100413,"(49.31296188562517, 139.58571386460818)",10.6909,Significantly Less
ENSG00000140632,"(106.63571753956265, 245.64931684610897)",50.6293,Significantly Less
ENSG00000227617,"(14.770532752678847, 202.89473565740104)",0.1049,Significantly Less
ENSG00000167476,"(30.497028569070835, 219.40321801857525)",8.9675,Significantly Less
ENSG00000158985,"(118.17381791172124, 439.73461652845856)",33.883,Significantly Less
ENSG00000100075,"(20.313284347016648, 131.31559719491554)",433.4628,Significantly More
ENSG00000071537,"(107.47187705207325, 297.1604283128761)",22.2183,Significantly Less
ENSG00000257594,"(2.4983778553625733, 22.06789699943022)",0.5879,Significantly Less
ENSG00000133030,"(40.01488270083739, 204.43423179223305)",15.2188,Significantly Less
ENSG00000125817,"(16.27875207154049, 43.15545567137477)",200.1437,Significantly More
ENSG00000101199,"(16.522905678847927, 59.28351199452565)",78.7714,Significantly More
ENSG00000004487,"(8.79392547363937, 29.070192082887118)",92.1661,Significantly More
ENSG00000161999,"(46.79914167948607, 136.87164063995)",24.6082,Significantly Less
ENSG00000143162,"(7.412438592241479, 74.55604816996998)",83.9062,Significantly More
ENSG00000112514,"(51.0355616221854, 142.5415362670368)",148.4968,Significantly More
ENSG00000249915,"(30.600025804656397, 119.32230623314318)",3.1304,Significantly Less
ENSG00000159202,"(92.53029783308668, 150.5712899964143)",52.3063,Significantly Less
ENSG00000100241,"(9.322734221035265, 45.95596906187181)",51.4185,Significantly More
ENSG00000108671,"(61.45138498296778, 188.0485431218724)",42.2678,Significantly Less
ENSG00000108256,"(3.7776825891988217, 19.864688077698222)",23.9072,Significantly More
ENSG00000254999,"(10.99636454742675, 164.96277876507304)",275.1456,Significantly More
ENSG00000101193,"(18.106782726142733, 35.49494481467519)",63.7245,Significantly More
ENSG00000097033,"(11.528086287571774, 28.986281010792688)",35.7971,Significantly More
ENSG00000051108,"(49.80296387490236, 363.9706551287545)",49.1669,Significantly Less
ENSG00000173120,"(55.1388526355632, 191.0552172199594)",26.2547,Significantly Less
ENSG00000147155,"(29.831113317958305, 136.48650341642607)",291.1765,Significantly More
ENSG00000138074,"(9.430185429247985, 78.30371961405591)",93.7716,Significantly More
ENSG00000135932,"(60.346127746967426, 257.11828208549014)",43.8776,Significantly Less
ENSG00000100804,"(25.107029892671605, 136.711333002956)",254.6832,Significantly More
ENSG00000125977,"(6.2634383052116664, 25.96767789365248)",149.8621,Significantly More
ENSG00000119689,"(126.51877859235233, 227.3844375006996)",94.2333,Significantly Less
ENSG00000213347,"(21.43470766185525, 135.1169342238309)",5.5865,Significantly Less
ENSG00000261236,"(9.21244050735902, 74.71176042991843)",195.5273,Significantly More
ENSG00000173660,"(39.192435175095994, 253.48977024084107)",369.841,Significantly More
ENSG00000168802,"(70.74883664944704, 162.45713782480016)",1.3818,Significantly Less
ENSG00000198231,"(51.12856840266946, 184.20756413784335)",32.5341,Significantly Less
ENSG00000182446,"(97.42606101741309, 203.62596147076545)",35.5535,Significantly Less
ENSG00000144567,"(87.33808069688908, 299.3080889719088)",47.7874,Significantly Less
ENSG00000173113,"(25.6044963786946, 146.58702673312436)",301.9046,Significantly More
ENSG00000078618,"(43.43644680285914, 107.89227313810514)",42.7112,Significantly Less
ENSG00000177700,"(53.19240770502523, 185.47059317363144)",400.4294,Significantly More
ENSG00000101558,"(87.27796500565287, 241.41570653059156)",24.1251,Significantly Less
ENSG00000134644,"(46.10362285991681, 165.42036076945755)",45.7636,Significantly Less
ENSG00000153147,"(74.28374009892492, 220.080087769788)",30.7378,Significantly Less
ENSG00000102898,"(12.935897764529024, 84.06710203623231)",112.3682,Significantly More
ENSG00000104517,"(32.361392155983594, 163.5649823391226)",20.8316,Significantly Less
ENSG00000074842,"(-6.129999001924716, 244.4087316771805)",313.138,Significantly More
ENSG00000120733,"(63.91375600428225, 215.12310516821893)",37.7441,Significantly Less
ENSG00000162366,"(-55.143423495644825, 185.11726254960132)",351.145,Significantly More
ENSG00000167863,"(78.02774952060523, 279.1166058311377)",65.0856,Significantly Less
ENSG00000249209,"(12.514393836024908, 223.77348693411207)",0.0,Significantly Less
ENSG00000257218,"(37.93306379243204, 108.72791310105119)",19.014,Significantly Less
ENSG00000166181,"(50.5416027997043, 126.63540492175184)",48.1638,Significantly Less
ENSG00000106003,"(-2.7475918841057556, 55.64782381299766)",80.9085,Significantly More
ENSG00000100403,"(6.001429544021514, 25.603554594253232)",28.8542,Significantly More
ENSG00000167522,"(23.51607236801189, 130.27511511839597)",14.9072,Significantly Less
ENSG00000126945,"(20.067500051875612, 52.46049516172977)",129.1458,Significantly More
ENSG00000115760,"(35.8602617124626, 250.47463013630863)",12.1303,Significantly Less
ENSG00000163110,"(47.38862832014672, 138.67719219665494)",26.6016,Significantly Less
ENSG00000198646,"(31.084829370471013, 130.77870176806897)",22.4096,Significantly Less
ENSG00000258790,"(3.29408732645215, 39.5788965075584)",0.0391,Significantly Less
ENSG00000139218,"(61.091722982546315, 160.06492937077581)",20.6223,Significantly Less
ENSG00000152332,"(5.628374723213939, 15.755011290159567)",19.2346,Significantly More
ENSG00000205476,"(126.14267528015286, 247.44089548808125)",5.9204,Significantly Less
ENSG00000141510,"(8.35430443310672, 42.488858363472986)",62.5987,Significantly More
ENSG00000140688,"(30.400962612938706, 138.16136549993718)",24.9434,Significantly Less
ENSG00000008952,"(62.16067823420369, 270.2231041030433)",21.9427,Significantly Less
ENSG00000149269,"(74.14161273164565, 200.9223582965945)",49.4978,Significantly Less
ENSG00000260007,"(16.417721580527076, 64.76922340620658)",0.7666,Significantly Less
ENSG00000124228,"(7.491556196257001, 25.242761840727425)",39.6964,Significantly More
ENSG00000160216,"(48.3571247711415, 198.20584647856202)",29.1211,Significantly Less
ENSG00000132182,"(-2.440176965238299, 22.549874084249637)",67.8038,Significantly More
ENSG00000130724,"(58.139641751036166, 183.35133975344314)",198.1141,Significantly More
ENSG00000184992,"(4.15978485843314, 21.527509624002974)",71.1566,Significantly More
ENSG00000168159,"(9.957648981703722, 17.747144232274337)",105.0241,Significantly More
ENSG00000135525,"(5.042598039924851, 35.22578578524865)",43.0349,Significantly More
ENSG00000157483,"(52.247212901138795, 383.97357066185725)",39.692,Significantly Less
ENSG00000073060,"(-2.198354053342829, 41.691789509051574)",155.3036,Significantly More
ENSG00000164713,"(56.16455436297751, 180.7320122115164)",43.8541,Significantly Less
ENSG00000196611,"(-12.43929859430003, 18.350212451094027)",83.6717,Significantly More
ENSG00000111331,"(-7.214046632545045, 24.027919546949196)",44.6459,Significantly More
ENSG00000240230,"(33.920403701499616, 113.43449733142256)",9.4287,Significantly Less
ENSG00000137845,"(64.97135688808652, 227.2447060674046)",16.2549,Significantly Less
ENSG00000015676,"(47.349531708352245, 159.46088663027615)",23.9537,Significantly Less
ENSG00000126749,"(37.919553658580355, 189.89196792103675)",30.5936,Significantly Less
ENSG00000129562,"(69.22014461348495, 286.61918995134414)",455.0135,Significantly More
ENSG00000007168,"(28.160061489468255, 69.7813879869374)",17.7665,Significantly Less
ENSG00000089127,"(-10.99266824357747, 155.828718955144)",166.8721,Significantly More
ENSG00000106367,"(21.799455025155048, 133.85955897167898)",174.7917,Significantly More
ENSG00000090372,"(65.17090162732194, 126.43630380592052)",50.6897,Significantly Less
ENSG00000101825,"(-0.630939363015524, 8.361707654788358)",8.749,Significantly More
ENSG00000116221,"(28.080263109983647, 96.89135127778654)",201.4885,Significantly More
ENSG00000123983,"(3.3093315653079944, 24.315657288618894)",36.7695,Significantly More
ENSG00000136436,"(155.8575369759138, 366.1143592593221)",21.6416,Significantly Less
ENSG00000108219,"(30.790032684833285, 77.60895196204413)",17.1906,Significantly Less
ENSG00000256206,"(11.78319370972914, 92.30736310376017)",0.0,Significantly Less
ENSG00000121316,"(23.58224360681463, 153.07007948771815)",193.781,Significantly More
ENSG00000038382,"(20.060822676844325, 172.80636019904676)",15.9947,Significantly Less
ENSG00000141429,"(44.466113798702324, 105.38326297312851)",20.8799,Significantly Less
ENSG00000090273,"(34.507721931545504, 117.21250284310786)",151.2231,Significantly More
ENSG00000175832,"(-1.262124167967517, 4.2550843102657225)",99.2827,Significantly More
ENSG00000123144,"(49.80767769454994, 131.62031834308385)",345.1882,Significantly More
ENSG00000130340,"(19.194088019218512, 46.69490790797107)",57.8375,Significantly More
ENSG00000141279,"(23.770035824899175, 49.87163276030355)",17.2737,Significantly Less
ENSG00000143183,"(48.359896937667116, 213.93638156606042)",36.5121,Significantly Less
ENSG00000076944,"(39.61222169560773, 220.42708637397521)",36.7127,Significantly Less
ENSG00000109180,"(72.84341982819328, 258.1816756591944)",54.9711,Significantly Less
ENSG00000264058,"(8.56132748509564, 32.84164665703816)",0.0,Significantly Less
ENSG00000089327,"(5.0785948408266925, 47.97591023697623)",263.0382,Significantly More
ENSG00000166847,"(48.40888670835894, 168.6601837537513)",14.4055,Significantly Less
ENSG00000065135,"(5.457386206768062, 13.665332047910928)",31.8695,Significantly More
ENSG00000100266,"(67.3655272991416, 233.4145950522161)",56.2572,Significantly Less
ENSG00000138448,"(3.099048014061932, 17.005532731125715)",20.448,Significantly More
ENSG00000271810,"(24.913867530033485, 377.71566621828276)",0.0,Significantly Less
ENSG00000101350,"(4.366136412173363, 23.77492652165901)",37.2677,Significantly More
ENSG00000126709,"(-56.61463588734324, 130.53435901986725)",168.4711,Significantly More
ENSG00000178623,"(3.403774990075295, 51.09044491650633)",64.7115,Significantly More
ENSG00000168092,"(47.89498470804556, 105.34563482116653)",32.1326,Significantly Less
ENSG00000105221,"(64.00313358074777, 167.6633160961415)",36.8667,Significantly Less
ENSG00000182473,"(26.196216273146632, 70.81072100803087)",9.6266,Significantly Less
ENSG00000167747,"(2.3891434940750536, 37.55378585543572)",245.3338,Significantly More
ENSG00000149187,"(38.422383652724875, 221.74613943912328)",32.4368,Significantly Less
ENSG00000082458,"(14.17544568755574, 48.659931475827605)",57.0999,Significantly More
ENSG00000267261,"(93.10374465902599, 194.3385769494667)",0.0,Significantly Less
ENSG00000182307,"(-20.83623633171766, 81.39145538740149)",106.6274,Significantly More
ENSG00000244462,"(9.84344147693457, 31.337044376550423)",35.4486,Significantly More
ENSG00000166747,"(63.47527600760539, 181.16914737156054)",21.6647,Significantly Less
ENSG00000104774,"(71.82217189706435, 341.42158782126546)",23.0861,Significantly Less
ENSG00000100029,"(22.937354365610304, 76.76119843497744)",87.844,Significantly More
ENSG00000179271,"(14.29268048810465, 51.70466322232299)",141.2026,Significantly More
ENSG00000169021,"(15.691162391609918, 73.11715772076565)",142.0517,Significantly More
ENSG00000112079,"(13.158079036648543, 43.54315669119167)",89.1866,Significantly More
ENSG00000143198,"(68.25590528961445, 337.2465988785507)",33.7739,Significantly Less
ENSG00000257767,"(77.44703995867303, 235.43166584084236)",0.0,Significantly Less
ENSG00000159461,"(89.60350382631232, 184.03493956682217)",44.3219,Significantly Less
ENSG00000153879,"(10.99825947288365, 40.22867681714823)",86.9321,Significantly More
ENSG00000166619,"(53.56710350694297, 174.94219821886918)",43.4673,Significantly Less
ENSG00000120137,"(73.94764457212634, 435.70344645242767)",22.0555,Significantly Less
ENSG00000101057,"(-3.924046495530229, 21.029768430632082)",122.9976,Significantly More
ENSG00000165458,"(54.134588211826724, 221.30543470432661)",47.8794,Significantly Less
ENSG00000166734,"(51.76458221528729, 191.243640014758)",28.3459,Significantly Less
ENSG00000115216,"(74.82319808612374, 142.98880988570184)",57.7641,Significantly Less
ENSG00000123136,"(3.9548431984359596, 104.41975012796965)",162.4207,Significantly More
ENSG00000147123,"(54.18302524537043, 167.1606859497355)",710.5048,Significantly More
ENSG00000106785,"(37.89538221399939, 158.2727541268582)",27.201,Significantly Less
ENSG00000167461,"(95.89280126562211, 287.4773795670234)",17.6396,Significantly Less
ENSG00000173786,"(46.99436406886461, 199.0055758200628)",22.796,Significantly Less
ENSG00000172893,"(-6.468457237329362, 37.276601417795334)",161.355,Significantly More
ENSG00000089063,"(15.692730648212134, 82.78121692060428)",88.7879,Significantly More
ENSG00000198858,"(28.018966611026883, 97.19343830874345)",126.0216,Significantly More
ENSG00000117620,"(20.054667227703185, 96.18120780770684)",11.3174,Significantly Less
ENSG00000166228,"(16.783678375560022, 134.1336303110013)",283.0148,Significantly More
ENSG00000099624,"(59.82861542962314, 222.50586251093102)",287.5516,Significantly More
ENSG00000078140,"(63.871139811852274, 136.48261889074797)",55.2932,Significantly Less
ENSG00000255639,"(33.274463274437764, 177.64638174017801)",2.0171,Significantly Less
ENSG00000173039,"(74.34507323983394, 167.63211278299025)",51.2246,Significantly Less
ENSG00000089289,"(9.823403311617568, 70.24945256711733)",137.9688,Significantly More
ENSG00000105647,"(16.080893728267895, 132.47943818503114)",0.146,Significantly Less
ENSG00000126581,"(110.30459108178087, 191.6363943677581)",26.0411,Significantly Less
ENSG00000132471,"(71.62643036289056, 168.79325616743228)",53.4692,Significantly Less
ENSG00000254692,"(24.310763186839175, 45.387826428486754)",0.0,Significantly Less
ENSG00000115694,"(53.829001015366956, 126.0712346576042)",42.256,Significantly Less
ENSG00000163714,"(25.301237222991254, 86.13590574434883)",19.9759,Significantly Less
ENSG00000125356,"(102.08453096425686, 414.47111156378)",1376.0563,Significantly More
ENSG00000189266,"(65.77443000501604, 189.7042410159557)",61.7609,Significantly Less
ENSG00000184900,"(22.833377327079845, 76.03837858541083)",106.3283,Significantly More
ENSG00000150938,"(41.29823899493343, 320.0861144950835)",18.4753,Significantly Less
ENSG00000198833,"(10.693691662802756, 44.47944935171345)",61.5079,Significantly More
ENSG00000204370,"(52.4770398213802, 315.9155392139362)",46.0345,Significantly Less
ENSG00000153944,"(11.500284602788938, 128.48559595563484)",8.0225,Significantly Less
ENSG00000100393,"(43.3523523759074, 316.08428848605854)",20.5259,Significantly Less
ENSG00000003402,"(49.936298294872245, 161.3347670386682)",7.7791,Significantly Less
ENSG00000186480,"(-33.227155988830894, 108.84769939889529)",158.1395,Significantly More
ENSG00000125170,"(67.37125075958062, 404.31059756831377)",50.8054,Significantly Less
ENSG00000153560,"(64.66025454134945, 136.96643732085298)",29.408,Significantly Less
ENSG00000072506,"(19.067734530166156, 91.66718931579257)",372.2577,Significantly More
ENSG00000186635,"(42.19176730173112, 163.19488361131437)",30.8951,Significantly Less
ENSG00000104549,"(-46.88897205166378, 116.38044292585607)",152.1474,Significantly More
ENSG00000099917,"(73.67112000806148, 195.56359821402597)",38.7257,Significantly Less
ENSG00000164171,"(-3.757886032070804, 20.574529808979143)",40.5504,Significantly More
ENSG00000176087,"(25.258471454139496, 62.734243413778785)",77.4808,Significantly More
ENSG00000107862,"(100.98941656273223, 420.1099821749988)",13.356,Significantly Less
ENSG00000099942,"(11.75777636878076, 31.22716897897675)",52.8827,Significantly More
ENSG00000110075,"(75.77256355021768, 140.14006956075926)",30.4579,Significantly Less
ENSG00000188986,"(19.312944646784683, 40.85834785093242)",144.9305,Significantly More
ENSG00000108091,"(10.607324219681633, 43.88005315126961)",44.6157,Significantly More
ENSG00000090266,"(99.47423583292355, 248.76751924070902)",50.3732,Significantly Less
ENSG00000259956,"(5.524268575795105, 17.87216916625892)",36.5033,Significantly More
ENSG00000122203,"(59.03264921267575, 198.11309947851177)",51.1455,Significantly Less
ENSG00000100632,"(-2.3978173164008183, 181.83102390252296)",252.4635,Significantly More
ENSG00000126003,"(1.1663527012505899, 12.287018917876365)",42.724,Significantly More
ENSG00000127838,"(9.805359431021209, 49.83227947802076)",138.8824,Significantly More
ENSG00000132670,"(16.231073496705147, 34.90723410986203)",49.5855,Significantly More
ENSG00000117862,"(27.32752344019876, 130.2440614886861)",12.0534,Significantly Less
ENSG00000108349,"(39.16641279038889, 193.16612409230783)",27.5075,Significantly Less
ENSG00000163347,"(-1.309855858460604, 4.410872235235242)",47.6589,Significantly More
ENSG00000110108,"(0.3505866672893987, 71.01365874252309)",138.6136,Significantly More
ENSG00000013275,"(17.800402216010543, 81.37227141633537)",178.4132,Significantly More
ENSG00000165025,"(4.389940096931772, 26.848527906091647)",49.188,Significantly More
ENSG00000137288,"(31.602603771616877, 101.19735656146372)",24.8512,Significantly Less
ENSG00000105379,"(57.68258233345905, 170.79306957234706)",31.1426,Significantly Less
ENSG00000104969,"(18.68566783331106, 42.19845340407916)",45.3264,Significantly More
ENSG00000204574,"(12.268420713517056, 38.25235808095549)",61.9617,Significantly More
ENSG00000005339,"(41.39540647691837, 297.7481944341441)",14.1602,Significantly Less
ENSG00000180182,"(42.867737570149785, 173.66022465996602)",30.6545,Significantly Less
ENSG00000139613,"(34.296352821548595, 117.92692485300122)",28.6089,Significantly Less
ENSG00000070814,"(-1.7559823684276594, 18.663455152226003)",29.4799,Significantly More
ENSG00000161921,"(5.723455566027955, 54.8384337667333)",94.8846,Significantly More
ENSG00000173933,"(54.867627149581764, 104.34719374585033)",4.3347,Significantly Less
ENSG00000107262,"(47.500142096495374, 173.21247077760665)",29.6464,Significantly Less
ENSG00000144283,"(24.061009423011228, 98.15078222730465)",16.423,Significantly Less
ENSG00000179115,"(13.973595724828492, 61.44814448586336)",148.3313,Significantly More
ENSG00000151366,"(52.35816889976468, 255.19832186583238)",27.7657,Significantly Less
ENSG00000115464,"(34.59786481290581, 229.8425844973936)",6.0076,Significantly Less
ENSG00000162458,"(132.146598981728, 464.37425627752435)",38.3536,Significantly Less
ENSG00000177963,"(84.73598769249264, 164.33544030140553)",40.139,Significantly Less
ENSG00000125648,"(46.20113163359167, 521.6741230091691)",33.2007,Significantly Less
ENSG00000107341,"(9.413547268116055, 20.704320878890442)",56.8373,Significantly More
ENSG00000165802,"(1.8236593305956177, 26.272473258147087)",60.7588,Significantly More
ENSG00000172057,"(68.58202986290536, 164.84443606194372)",67.2976,Significantly Less
ENSG00000008130,"(62.820538084561846, 183.05163868927218)",49.879,Significantly Less
ENSG00000023318,"(8.882897739924513, 28.881954506891734)",61.4525,Significantly More
ENSG00000144560,"(42.93700794031483, 120.81989528326167)",11.7628,Significantly Less
ENSG00000173327,"(63.91218537784823, 274.2571231724779)",39.1316,Significantly Less
ENSG00000075420,"(23.263027850486992, 123.19615650894465)",16.7333,Significantly Less
ENSG00000132405,"(12.059715448566266, 30.43148379729164)",11.8237,Significantly Less
ENSG00000134909,"(2.196126152928912, 20.525216037180098)",21.4833,Significantly More
ENSG00000100216,"(1.765022644478634, 100.0286809913834)",116.8944,Significantly More
ENSG00000160294,"(19.661112416692912, 62.03071559535179)",18.6976,Significantly Less
ENSG00000213024,"(9.07336358913118, 36.29267189762655)",55.591,Significantly More
ENSG00000100852,"(11.49502994762519, 35.49499017896396)",6.9918,Significantly Less
ENSG00000175334,"(17.14794629736626, 161.49934058218417)",227.4301,Significantly More
ENSG00000198355,"(-26.808152034441925, 113.96404429863011)",230.6466,Significantly More
ENSG00000109321,"(-46.18282448436719, 91.34062282779763)",104.0171,Significantly More
ENSG00000197386,"(28.584146351359934, 246.51556040388772)",20.987,Significantly Less
ENSG00000185651,"(18.274125584233346, 37.33318031454306)",82.4826,Significantly More
ENSG00000080503,"(40.209446606030795, 206.17342337817087)",7.7988,Significantly Less
ENSG00000070019,"(2.094125759516814, 74.59708708952584)",86.8655,Significantly More
ENSG00000144043,"(71.6054709241786, 158.7523730928535)",48.2793,Significantly Less
ENSG00000148600,"(-24.788307726562806, 76.6207790679924)",88.2363,Significantly More
ENSG00000102858,"(49.795092934527844, 128.01206568160384)",28.1068,Significantly Less
ENSG00000168259,"(21.9253058709988, 53.13811853422345)",14.5343,Significantly Less
ENSG00000120675,"(2.1783232291930688, 22.898365860241782)",28.2122,Significantly More
ENSG00000052802,"(-43.49243888495299, 145.0737671490068)",177.0693,Significantly More
ENSG00000138594,"(82.25476113269264, 289.0827140136925)",19.0844,Significantly Less
ENSG00000127922,"(29.26366401155107, 125.67272117358925)",27.5254,Significantly Less
ENSG00000132024,"(12.885264321893274, 77.77484760462953)",82.1194,Significantly More
ENSG00000100897,"(80.69424181246396, 327.9755302615697)",31.7874,Significantly Less
ENSG00000139998,"(-1.3004850904915557, 22.798830305145575)",47.5416,Significantly More
ENSG00000025772,"(5.217255987602249, 18.717064823236612)",124.5399,Significantly More
ENSG00000108465,"(22.686964092807926, 120.73677798971329)",4.6387,Significantly Less
ENSG00000089820,"(8.564855656846404, 83.99290893644583)",6.0785,Significantly Less
ENSG00000158109,"(27.01212647625909, 82.62172320157325)",103.5324,Significantly More
ENSG00000088367,"(24.03655997892183, 129.00246740185486)",20.6116,Significantly Less
ENSG00000062038,"(-7.77607557854337, 12.653199204987033)",44.7576,Significantly More
ENSG00000163682,"(-144.40495781183122, 282.07644057477796)",290.2592,Significantly More
ENSG00000092931,"(36.22995401570449, 122.12703473130537)",7.5751,Significantly Less
ENSG00000244274,"(26.13789360487999, 116.96816715718347)",4.5813,Significantly Less
ENSG00000147416,"(53.03337472847021, 184.44553255072515)",42.6313,Significantly Less
ENSG00000149182,"(84.10167467500527, 152.0367733843077)",41.0109,Significantly Less
ENSG00000163382,"(7.8927911113209035, 52.68945108800851)",142.6362,Significantly More
ENSG00000119333,"(18.589969023180323, 102.98419692999929)",150.2836,Significantly More
ENSG00000176978,"(3.3523666838037194, 51.482933826376055)",94.1967,Significantly More
ENSG00000151348,"(7.677691261205998, 22.036549819957358)",22.4283,Significantly More
ENSG00000100106,"(53.077490105158404, 172.7712671407453)",24.3762,Significantly Less
ENSG00000120963,"(51.09643477085101, 129.44159294194893)",49.3857,Significantly Less
ENSG00000101040,"(4.6069234602267155, 20.012161108573167)",50.4927,Significantly More
ENSG00000101365,"(45.180651141262246, 114.5957966440831)",161.8457,Significantly More
ENSG00000169562,"(4.179659658271014, 72.26989719370457)",116.4449,Significantly More
ENSG00000141556,"(2.426159365411422, 17.858214010664536)",32.9289,Significantly More
ENSG00000149658,"(10.26618364655954, 30.502004690515726)",85.2946,Significantly More
ENSG00000099331,"(39.351815049776675, 213.431199207024)",29.428,Significantly Less
ENSG00000010404,"(24.371912029246104, 157.58366038305132)",1.3462,Significantly Less
ENSG00000169976,"(19.073880278091835, 206.67775959793886)",560.1661,Significantly More
ENSG00000100225,"(31.167352291618204, 57.525589920498334)",29.3674,Significantly Less
ENSG00000106077,"(20.543197866977117, 121.46556794678773)",142.9097,Significantly More
ENSG00000214717,"(12.842551206103007, 34.17321224085329)",64.4566,Significantly More
ENSG00000264577,"(15.646552305175327, 76.48254740851237)",8.0488,Significantly Less
ENSG00000140553,"(25.57409108133848, 99.82590871586511)",24.9502,Significantly Less
ENSG00000214706,"(5.587612592909679, 80.36080102611169)",82.7239,Significantly More
ENSG00000182472,"(21.823539463698374, 95.04795066813594)",2.3246,Significantly Less
ENSG00000175756,"(57.60991744693919, 156.3972003364727)",270.3325,Significantly More
ENSG00000263798,"(14.203283558209964, 46.246570340783904)",0.0,Significantly Less
ENSG00000163251,"(2.6788609054695556, 34.967105266678054)",42.1251,Significantly More
ENSG00000204619,"(41.85407046157634, 75.43841246049689)",76.6151,Significantly More
ENSG00000108773,"(6.595971246216031, 59.42371820374678)",80.5047,Significantly More
ENSG00000272325,"(1.6870771536584783, 12.63046154046351)",1.142,Significantly Less
ENSG00000172845,"(16.93769792076383, 38.693532077552916)",9.3041,Significantly Less
ENSG00000136271,"(11.096746558101724, 36.307433094473154)",64.8122,Significantly More
ENSG00000079332,"(47.83090958208466, 149.74241018154174)",29.1072,Significantly Less
ENSG00000128524,"(14.111139131249956, 105.65717249531285)",292.7889,Significantly More
ENSG00000175482,"(35.083729587604736, 282.48820100821246)",12.5869,Significantly Less
ENSG00000005483,"(23.396465461899474, 86.40817537297801)",14.0762,Significantly Less
ENSG00000077235,"(30.21875084630331, 156.4243273051577)",23.273,Significantly Less
ENSG00000153561,"(45.522347626091204, 317.3121410440598)",29.6263,Significantly Less
ENSG00000148229,"(-2.066786748145333, 49.24386004749415)",74.5927,Significantly More
ENSG00000108510,"(32.24434529699063, 113.49531792446585)",14.8808,Significantly Less
ENSG00000267740,"(44.79694714461421, 273.5895355907125)",0.0,Significantly Less
ENSG00000163050,"(6.397753496815753, 51.220640914002395)",0.9231,Significantly Less
ENSG00000148334,"(17.235474307151243, 49.24021029110495)",77.083,Significantly More
ENSG00000160877,"(7.7264631125364875, 22.293143437253548)",66.5565,Significantly More
ENSG00000143149,"(62.8941383824041, 162.38880831720715)",45.5248,Significantly Less
ENSG00000074071,"(26.230038076002256, 79.46229602800793)",326.894,Significantly More
ENSG00000132300,"(33.74906803760576, 126.62702315425491)",30.0213,Significantly Less
ENSG00000198373,"(55.1733459100943, 286.9991703810849)",26.3006,Significantly Less
ENSG00000101911,"(5.118956730205831, 100.83305599351954)",108.9334,Significantly More
ENSG00000136709,"(14.195389269867642, 27.995611491751845)",13.5801,Significantly Less
ENSG00000100226,"(87.7818525676211, 248.79248767283303)",23.812,Significantly Less
ENSG00000198836,"(9.400098789054862, 22.3920732255919)",23.129,Significantly More
ENSG00000172890,"(33.93361333957704, 159.80505064627735)",25.1198,Significantly Less
ENSG00000180198,"(1.3830534690366818, 63.76902051416053)",96.388,Significantly More
ENSG00000111142,"(7.837416660102143, 53.50422658624793)",70.4895,Significantly More
ENSG00000120889,"(2.814845174087946, 56.869658597474086)",109.675,Significantly More
ENSG00000261832,"(14.279212561587762, 63.17048281422145)",0.0,Significantly Less
ENSG00000247077,"(-1.9656813752074385, 60.81625637359132)",133.8106,Significantly More
ENSG00000142002,"(42.62191908480661, 116.65930889482871)",33.8293,Significantly Less
ENSG00000157593,"(9.073650281084266, 43.18353067764954)",106.9836,Significantly More
ENSG00000129824,"(-189.35856306024232, 353.27565363755707)",430.9443,Significantly More
ENSG00000130640,"(11.579344188968317, 28.40158967008063)",43.1852,Significantly More
ENSG00000261582,"(46.61434018692302, 119.18185912207949)",1.1399,Significantly Less
ENSG00000146066,"(61.949099885923445, 223.54953766534067)",315.0929,Significantly More
ENSG00000087074,"(-14.670015092443098, 69.85234864397017)",74.4143,Significantly More
ENSG00000100221,"(52.99970543059169, 377.9827644146629)",47.9142,Significantly Less
ENSG00000178951,"(11.217829048151977, 35.89233380807853)",44.4636,Significantly More
ENSG00000119487,"(25.486875964372814, 121.45350133204269)",25.404,Significantly Less
ENSG00000102445,"(0.2993169148816168, 15.783193917190607)",29.481,Significantly More
ENSG00000168288,"(22.87070743997812, 77.61723080571589)",81.0527,Significantly More
ENSG00000140262,"(31.114359418742566, 85.79900646541677)",11.9372,Significantly Less
ENSG00000186193,"(-1.0282050851069044, 11.135108212992431)",85.8079,Significantly More
ENSG00000183684,"(11.884329919142203, 161.45336970427746)",180.9342,Significantly More
ENSG00000132155,"(22.001837942193482, 37.73179448961813)",11.5211,Significantly Less
ENSG00000225339,"(6.768197959803743, 37.71750790511772)",0.0,Significantly Less
ENSG00000213281,"(8.017498051645841, 29.447484253805857)",43.9068,Significantly More
ENSG00000115275,"(8.726286364652857, 36.71386560729356)",78.2335,Significantly More
ENSG00000107554,"(6.621284927708425, 25.119387954048165)",31.982,Significantly More
ENSG00000077238,"(102.10722230933474, 275.73799450462553)",49.5486,Significantly Less
ENSG00000099800,"(15.423288036715498, 88.50969070293928)",268.7894,Significantly More
ENSG00000103194,"(54.44128220255456, 148.7378688775249)",45.2983,Significantly Less
ENSG00000100028,"(53.059555776633665, 148.27828571713812)",33.0842,Significantly Less
ENSG00000075568,"(46.65556204357992, 379.1594255987144)",13.5235,Significantly Less
ENSG00000078674,"(36.19676742810471, 174.4060880001938)",22.1964,Significantly Less
ENSG00000183734,"(-2.1205406770903155, 11.107967981758545)",260.6323,Significantly More
ENSG00000158615,"(8.839169046123285, 25.456085656000734)",39.6717,Significantly More
ENSG00000164096,"(-6.3242891707866065, 64.95187017853138)",110.7683,Significantly More
ENSG00000184897,"(12.618084975299503, 82.02850869623524)",151.4428,Significantly More
ENSG00000267059,"(30.10029152107966, 131.9607637802112)",0.0,Significantly Less
ENSG00000126254,"(25.07752678013722, 61.85504668587005)",187.4426,Significantly More
ENSG00000102241,"(14.984227744558625, 46.246162463318754)",89.8559,Significantly More
ENSG00000144118,"(54.08445164705803, 172.61411342461076)",53.0902,Significantly Less
ENSG00000091483,"(21.146069804041268, 64.88580985086796)",133.5972,Significantly More
ENSG00000025796,"(37.19096955786979, 150.51790894694386)",21.3175,Significantly Less
ENSG00000154978,"(54.344111262538135, 157.5737106666365)",9.5399,Significantly Less
ENSG00000103222,"(-0.9158824068449878, 24.1523084243657)",42.1732,Significantly More
ENSG00000109736,"(14.13764631059233, 43.44546527518188)",110.2943,Significantly More
ENSG00000087088,"(46.987519077260416, 141.60243729134464)",234.3072,Significantly More
ENSG00000111276,"(9.46947492450797, 42.601346147038356)",69.702,Significantly More
ENSG00000132716,"(31.534600446788104, 131.735444184218)",9.9507,Significantly Less
ENSG00000049618,"(7.7136379105296555, 35.406502838174696)",3.4888,Significantly Less
ENSG00000051620,"(35.843440596542244, 136.83687202964566)",24.2604,Significantly Less
ENSG00000197771,"(11.612745811860707, 36.45569566026654)",40.4154,Significantly More
ENSG00000121741,"(10.270581332721324, 35.559123101026756)",10.1841,Significantly Less
ENSG00000166136,"(31.026728929190156, 267.13649955037505)",25.6398,Significantly Less
ENSG00000196712,"(10.528415732553576, 41.05624290812125)",5.7954,Significantly Less
ENSG00000072135,"(49.89459356682234, 240.37874870684857)",41.2634,Significantly Less
ENSG00000169871,"(15.897292766005535, 127.7657279196595)",15.1952,Significantly Less
ENSG00000131558,"(54.06886020325217, 153.4947003235204)",18.3737,Significantly Less
ENSG00000177425,"(42.92620412622135, 167.201106319011)",18.5786,Significantly Less
ENSG00000100207,"(3.0122849471085216, 12.21277949839114)",35.6848,Significantly More
ENSG00000167775,"(10.479160514992671, 78.4679311545084)",229.3943,Significantly More
ENSG00000101966,"(53.45822895161204, 171.3753465065529)",33.9331,Significantly Less
ENSG00000198925,"(56.455666271953305, 184.29190709160497)",17.168,Significantly Less
ENSG00000241973,"(73.06012330986613, 224.05015477056912)",22.2545,Significantly Less
ENSG00000162923,"(16.23670537658024, 45.09737525308052)",16.2162,Significantly Less
ENSG00000134057,"(-11.195387457904587, 79.24589267545615)",156.0752,Significantly More
ENSG00000124702,"(13.766917686599932, 63.24772404967788)",114.3107,Significantly More
ENSG00000213614,"(12.053072962019279, 53.47160150837161)",7.5925,Significantly Less
ENSG00000102893,"(50.19020016290447, 108.42005702762813)",12.5856,Significantly Less
ENSG00000138073,"(10.354328392659902, 63.274728236950615)",90.6264,Significantly More
ENSG00000160679,"(14.36017092517555, 38.76139135286296)",41.3783,Significantly More
ENSG00000186716,"(37.389379019460705, 144.21244855738522)",20.0108,Significantly Less
ENSG00000259529,"(0.4900704209567195, 24.46909069071776)",0.1623,Significantly Less
ENSG00000277972,"(13.810741560866568, 61.769907879180046)",90.6028,Significantly More
ENSG00000182541,"(26.034023765500777, 161.0379153053695)",20.5964,Significantly Less
ENSG00000132356,"(45.97474587937659, 120.71313448182948)",24.6459,Significantly Less
ENSG00000028528,"(73.28708971896049, 168.41828699893878)",22.4834,Significantly Less
ENSG00000100227,"(23.699570097289065, 51.247443903307314)",57.0773,Significantly More
ENSG00000117242,"(15.002424733508416, 35.982291200551984)",4.6483,Significantly Less
ENSG00000136754,"(12.364151783446053, 31.66196221772909)",35.5602,Significantly More
ENSG00000133135,"(-3.8676827121289143, 42.1264268019267)",57.9965,Significantly More
ENSG00000067829,"(47.54817509375542, 103.93249860882091)",144.7546,Significantly More
ENSG00000072210,"(27.184819944517905, 75.57078033094524)",16.5486,Significantly Less
ENSG00000219200,"(74.62227211917616, 165.88074071212367)",3.7076,Significantly Less
ENSG00000099901,"(4.160668911116282, 68.96856236221495)",80.4635,Significantly More
ENSG00000105677,"(12.723272094795405, 77.38161898804175)",256.512,Significantly More
ENSG00000179403,"(-37.600076600269155, 105.02705840855168)",109.3174,Significantly More
ENSG00000111206,"(-5.233442517854684, 37.529873133616164)",50.3511,Significantly More
ENSG00000247556,"(24.93694286880381, 70.33316978908958)",12.7753,Significantly Less
ENSG00000260170,"(17.451032528263994, 321.93202250171976)",0.0,Significantly Less
ENSG00000140990,"(56.13121601683402, 209.11186602606568)",369.6194,Significantly More
ENSG00000174851,"(26.43918246657846, 140.78301212597165)",142.6469,Significantly More
ENSG00000072364,"(35.17060229636989, 148.04019469760908)",15.2203,Significantly Less
ENSG00000036257,"(61.82250984632427, 148.88092898800014)",11.4911,Significantly Less
ENSG00000064419,"(8.257066949673499, 21.614619012314385)",42.6192,Significantly More
ENSG00000148110,"(9.54575058793472, 33.32663089530597)",74.3635,Significantly More
ENSG00000039123,"(81.34314568418327, 155.17143071558567)",20.8058,Significantly Less
ENSG00000132382,"(4.20834903672521, 67.70928726367418)",79.2192,Significantly More
ENSG00000111639,"(39.10295850957043, 179.6794291889497)",197.4478,Significantly More
ENSG00000006625,"(7.019536133934032, 59.703861069637576)",86.9111,Significantly More
ENSG00000205213,"(73.13607043968176, 356.86724781966825)",20.1628,Significantly Less
ENSG00000099795,"(20.93978516570695, 300.700366037616)",469.7099,Significantly More
ENSG00000055332,"(2.2000876812467145, 7.942328541127219)",12.8835,Significantly More
ENSG00000105723,"(134.57624860191248, 256.53875224697623)",43.8787,Significantly Less
ENSG00000008294,"(35.072210279898044, 165.97000829082867)",14.1853,Significantly Less
ENSG00000177951,"(59.95912532611851, 143.59863236160456)",43.6495,Significantly Less
ENSG00000126107,"(56.27864154121427, 211.38687916700854)",50.1994,Significantly Less
ENSG00000104897,"(34.10713049157227, 101.11868232691941)",126.3247,Significantly More
ENSG00000107263,"(7.497517315056777, 24.33024485421184)",36.1043,Significantly More
ENSG00000246705,"(22.522742943743225, 145.07814564618982)",186.5918,Significantly More
ENSG00000058063,"(26.942302225237295, 87.92614829551229)",17.0322,Significantly Less
ENSG00000198113,"(-3.512853091189804, 39.428587530123174)",69.1389,Significantly More
ENSG00000160285,"(-2.875968209866773, 57.48417392073023)",92.5349,Significantly More
ENSG00000134899,"(8.28650136117856, 23.369876172975857)",0.9977,Significantly Less
ENSG00000100348,"(36.18722965485096, 149.2948791152272)",175.5971,Significantly More
ENSG00000109084,"(4.66177574317393, 43.78537124355506)",114.8743,Significantly More
ENSG00000160714,"(85.93986124716697, 168.41547951585858)",39.7554,Significantly Less
ENSG00000234127,"(14.320135236963711, 47.00982335993804)",52.7631,Significantly More
ENSG00000138821,"(-7.162448026869807, 58.001827971108554)",94.4493,Significantly More
ENSG00000102172,"(15.625871365076424, 53.5645535133506)",227.9803,Significantly More
ENSG00000111348,"(-26.23310887195811, 234.98128248301424)",327.4054,Significantly More
ENSG00000084652,"(5.17789209861795, 18.08254095098243)",55.4467,Significantly More
ENSG00000183020,"(45.05250633093229, 116.91207336492349)",28.1223,Significantly Less
ENSG00000032444,"(45.76432406505913, 200.89901668418992)",35.9763,Significantly Less
ENSG00000147548,"(19.75259265230386, 62.182803694501175)",13.2206,Significantly Less
ENSG00000146433,"(5.929092716767473, 22.446391128502732)",31.8834,Significantly More
ENSG00000136718,"(20.90470599832814, 95.0946564125404)",114.6051,Significantly More
ENSG00000167900,"(-17.22899484295192, 135.8793700982718)",203.937,Significantly More
ENSG00000113048,"(5.531862002104637, 31.876674888824105)",39.8321,Significantly More
ENSG00000257727,"(17.52581507459267, 108.11663316709395)",13.2322,Significantly Less
ENSG00000164574,"(12.42061458617908, 58.56829474339706)",11.5473,Significantly Less
ENSG00000105176,"(48.39849165602679, 119.99149341267575)",42.7226,Significantly Less
ENSG00000100568,"(100.963886156418, 188.07713920036585)",19.0002,Significantly Less
ENSG00000023330,"(13.116932599490944, 74.6042242714401)",117.3399,Significantly More
ENSG00000042753,"(48.92377022630853, 127.65067932540953)",281.6584,Significantly More
ENSG00000153048,"(34.14280341916621, 115.06551476072902)",29.1114,Significantly Less
ENSG00000107404,"(17.98242760979109, 93.22215554256586)",99.4105,Significantly More
ENSG00000003756,"(34.14005016119289, 192.14724052089718)",15.8213,Significantly Less
ENSG00000166595,"(17.428163152108013, 117.45566739585867)",295.8049,Significantly More
ENSG00000130303,"(-12.217435523619976, 94.89627790279812)",255.489,Significantly More
ENSG00000108100,"(51.708302110872594, 116.0104635623597)",34.7251,Significantly Less
ENSG00000090316,"(39.080295951608704, 81.96976167807527)",29.2714,Significantly Less
ENSG00000014824,"(35.71696541604746, 95.84241492257362)",27.0963,Significantly Less
ENSG00000133961,"(39.56489099706212, 86.01003093199043)",20.308,Significantly Less
ENSG00000164597,"(56.77532991849351, 156.23416939935322)",9.6046,Significantly Less
ENSG00000136100,"(51.981166971200466, 124.7230750578051)",16.729,Significantly Less
ENSG00000106546,"(30.069093455384547, 103.00717410671109)",7.5083,Significantly Less
ENSG00000060491,"(6.178033266471887, 31.788313207390416)",45.301,Significantly More
ENSG00000106460,"(15.079406086124969, 100.53046280051629)",8.8675,Significantly Less
ENSG00000132522,"(39.75611333279294, 102.11892897213485)",1.6104,Significantly Less
ENSG00000136802,"(1.8874954958391932, 25.524758388002954)",42.223,Significantly More
ENSG00000111684,"(17.508612948004952, 286.22337888071814)",12.3668,Significantly Less
ENSG00000117139,"(7.414620747909211, 29.364764743336607)",4.3954,Significantly Less
ENSG00000182872,"(9.884232670941755, 30.343541050954805)",128.9679,Significantly More
ENSG00000103479,"(39.92498546984247, 132.89992856153515)",14.5396,Significantly Less
ENSG00000070770,"(12.691928504527619, 33.6969462320252)",10.2263,Significantly Less
ENSG00000147475,"(23.8231989828896, 71.81301941486075)",23.0192,Significantly Less
ENSG00000151690,"(47.94824595383892, 203.77337707466245)",21.7209,Significantly Less
ENSG00000112062,"(31.589607418533987, 67.74975276315506)",31.5777,Significantly Less
ENSG00000114315,"(8.339346779327165, 82.0911772122194)",117.7274,Significantly More
ENSG00000183864,"(9.615467548881998, 52.50281702610555)",57.5762,Significantly More
ENSG00000135930,"(36.246659900001205, 100.902584130602)",29.5284,Significantly Less
ENSG00000213064,"(35.7688227427537, 110.84124189394468)",15.1056,Significantly Less
ENSG00000245848,"(1.5272357552688192, 64.61315711040605)",72.2727,Significantly More
ENSG00000169221,"(36.14649657480741, 82.23620533392148)",34.9182,Significantly Less
ENSG00000099219,"(2.1069897127854453, 26.132172128971202)",37.8021,Significantly More
ENSG00000163683,"(52.467781335464906, 500.37806902942316)",19.8855,Significantly Less
ENSG00000168672,"(1.8359481922551097, 12.39154585555922)",44.1672,Significantly More
ENSG00000137942,"(5.0942490477399485, 22.928226560350176)",25.1938,Significantly More
ENSG00000151465,"(20.284138381941453, 78.15598999208723)",83.0485,Significantly More
ENSG00000119285,"(18.23955530247592, 80.03061309123154)",15.4057,Significantly Less
ENSG00000077312,"(22.53907363494909, 103.77048128480493)",173.2338,Significantly More
ENSG00000006607,"(43.03107863990387, 197.9597765259084)",12.0421,Significantly Less
ENSG00000129007,"(14.611907665237897, 68.6538100396289)",0.3591,Significantly Less
ENSG00000122958,"(43.92745248401199, 121.02336687484618)",33.532,Significantly Less
ENSG00000084073,"(11.393515147656373, 34.48739307147941)",39.7294,Significantly More
ENSG00000105583,"(54.88006678120567, 159.0664127152544)",0.0,Significantly Less
ENSG00000204568,"(19.68479649485957, 61.807129094827204)",154.5218,Significantly More
ENSG00000163501,"(-1.7897651246313337, 62.55681575699053)",128.9241,Significantly More
ENSG00000038358,"(38.03777043129091, 139.7816706089363)",22.0228,Significantly Less
ENSG00000144021,"(16.17767137962929, 33.57123618604754)",57.0452,Significantly More
ENSG00000160410,"(39.571808715347615, 109.73421608259842)",110.6268,Significantly More
ENSG00000103126,"(6.19457534423055, 23.89804933032589)",31.8814,Significantly More
ENSG00000162729,"(9.772145659989327, 47.38261266131852)",93.228,Significantly More
ENSG00000189241,"(8.328020540139915, 24.053226924381498)",25.9565,Significantly More
ENSG00000088833,"(53.483802224360936, 101.41187669163008)",45.9326,Significantly Less
ENSG00000167193,"(24.92978141686637, 49.20738588258485)",50.3726,Significantly More
ENSG00000143164,"(42.50412808965149, 92.02461338647967)",16.5186,Significantly Less
ENSG00000196154,"(-26.7910847813242, 225.9371339835939)",314.7197,Significantly More
ENSG00000169627,"(9.102445852093481, 254.64855865677248)",2.5363,Significantly Less
ENSG00000175063,"(-4.476286219128493, 51.559915297585235)",278.6353,Significantly More
ENSG00000149532,"(46.20851739540251, 144.31300733735083)",30.1194,Significantly Less
ENSG00000166889,"(11.503255638355363, 29.57562715384006)",53.0656,Significantly More
ENSG00000243156,"(6.97345696774687, 100.8922001220576)",4.3456,Significantly Less
ENSG00000106348,"(1.1121422642909167, 25.137883582505545)",119.4201,Significantly More
ENSG00000104979,"(8.840334447558035, 154.359696500495)",225.9312,Significantly More
ENSG00000261147,"(1.0848307780496569, 32.420348164290736)",0.0,Significantly Less
ENSG00000113141,"(98.4626910222369, 152.45048466383017)",50.4854,Significantly Less
ENSG00000145050,"(-9.954577492337982, 105.44156227164382)",154.9753,Significantly More
ENSG00000127947,"(24.351577000729655, 105.42944616959534)",21.9094,Significantly Less
ENSG00000066027,"(57.47581885591403, 164.0041411835059)",37.897,Significantly Less
ENSG00000110906,"(34.31262935343824, 199.10372353440522)",30.0217,Significantly Less
ENSG00000165795,"(72.47388146524361, 408.30441733639816)",25.3574,Significantly Less
ENSG00000185950,"(-1.3346516718493007, 11.319380018557563)",14.9897,Significantly More
ENSG00000116584,"(22.56115602595355, 119.80307643158642)",21.8669,Significantly Less
ENSG00000132383,"(55.85564877291989, 160.41599811686498)",38.2905,Significantly Less
ENSG00000112787,"(10.650214098418196, 65.11236431842755)",70.2134,Significantly More
ENSG00000154305,"(43.7386359588461, 184.89999047415944)",13.3007,Significantly Less
ENSG00000113522,"(7.742711468151549, 25.245709856941524)",0.799,Significantly Less
ENSG00000125995,"(12.717188990173469, 238.9976420655869)",525.0367,Significantly More
ENSG00000005486,"(37.67113528809649, 100.45437979388029)",112.3978,Significantly More
ENSG00000104325,"(48.78487295921977, 229.9690049441496)",45.3614,Significantly Less
ENSG00000116120,"(2.732369486271681, 18.964429720333186)",36.0312,Significantly More
ENSG00000160058,"(59.54280128590443, 137.99178285149029)",26.5445,Significantly Less
ENSG00000085449,"(37.00394652560285, 143.94878804095453)",21.8768,Significantly Less
ENSG00000129422,"(85.73471263880637, 261.6328683415097)",14.8738,Significantly Less
ENSG00000167699,"(62.72384608653348, 183.94755773105825)",32.716,Significantly Less
ENSG00000130204,"(0.9986596663727774, 42.956575200791136)",177.806,Significantly More
ENSG00000213625,"(82.39016648955933, 259.96186117187267)",26.7988,Significantly Less
ENSG00000055130,"(8.828453722058201, 24.271937474983183)",47.0176,Significantly More
ENSG00000118482,"(11.878032400178384, 34.428544931468245)",7.8089,Significantly Less
ENSG00000123836,"(25.048949760516166, 285.9569748273922)",17.6879,Significantly Less
ENSG00000166411,"(51.898638680286126, 311.37227439637735)",10.6714,Significantly Less
ENSG00000166123,"(-0.8162238975551768, 14.784344155059255)",74.0701,Significantly More
ENSG00000168175,"(55.900582194908836, 186.01631367328895)",36.2493,Significantly Less
ENSG00000142507,"(30.618497675564655, 162.69208181479019)",230.4435,Significantly More
ENSG00000126756,"(16.84902038218587, 149.40810226285032)",191.892,Significantly More
ENSG00000255872,"(1.4248596591630225, 25.762589606368113)",0.0582,Significantly Less
ENSG00000275700,"(10.935316289808515, 28.178057070058788)",55.5503,Significantly More
ENSG00000106723,"(49.71786659709247, 132.55648299478378)",30.3461,Significantly Less
ENSG00000062194,"(24.92753430450751, 42.56811808177391)",23.0592,Significantly Less
ENSG00000197548,"(60.785640260510384, 123.31466751367299)",7.1679,Significantly Less
ENSG00000165688,"(10.642936157390587, 31.61593387578356)",55.2669,Significantly More
ENSG00000196715,"(3.4139220042037737, 12.352327515385898)",24.3739,Significantly More
ENSG00000197045,"(49.478061487184675, 222.84186284364705)",19.9745,Significantly Less
ENSG00000196371,"(-1.1989178716895195, 16.097262192183788)",45.7042,Significantly More
ENSG00000125772,"(7.176329124753689, 55.070386093714774)",87.5792,Significantly More
ENSG00000174695,"(54.76658444848724, 151.30151356933598)",40.4057,Significantly Less
ENSG00000204120,"(17.430881515522458, 142.52618876768108)",9.2536,Significantly Less
ENSG00000103064,"(13.145551261280161, 98.97213801778538)",7.8671,Significantly Less
ENSG00000119431,"(12.775013108216257, 104.7556566865972)",184.4768,Significantly More
ENSG00000023516,"(0.4422000912650388, 7.998416674209172)",13.273,Significantly More
ENSG00000088682,"(53.15436801456994, 134.52013080010036)",42.163,Significantly Less
ENSG00000116455,"(6.235428459665968, 58.1108243835435)",65.0709,Significantly More
ENSG00000136536,"(25.845232151166897, 127.94859141743825)",17.357,Significantly Less
ENSG00000104695,"(77.87473884949121, 264.9467391643139)",51.6416,Significantly Less
ENSG00000137776,"(38.1680250140873, 138.17983200062002)",27.7604,Significantly Less
ENSG00000100934,"(38.31724747982079, 300.13749868379796)",24.6835,Significantly Less
ENSG00000055208,"(27.336962157337567, 66.23196252264465)",22.6044,Significantly Less
ENSG00000140992,"(50.64781072798351, 182.68050766784947)",6.2034,Significantly Less
ENSG00000138443,"(18.740931183426184, 143.73600256333248)",2.9664,Significantly Less
ENSG00000186815,"(40.00127775753343, 236.73655754923448)",36.0286,Significantly Less
ENSG00000187147,"(39.423454331774366, 85.32420472558331)",18.1917,Significantly Less
ENSG00000028137,"(4.0813765320919515, 52.76199750450837)",81.0393,Significantly More
ENSG00000111726,"(40.6003066193723, 155.10008110533184)",176.4058,Significantly More
ENSG00000146574,"(32.90061839611873, 129.76842134697046)",1.8264,Significantly Less
ENSG00000114416,"(20.1972580703412, 92.15832496066969)",14.1047,Significantly Less
ENSG00000130177,"(11.566913057648293, 26.59278238174757)",40.8947,Significantly More
ENSG00000204427,"(36.585346917043175, 87.72393316100658)",1.337,Significantly Less
ENSG00000075292,"(26.247081065915104, 115.82366455735632)",13.4867,Significantly Less
ENSG00000196396,"(7.0903825593753655, 22.045849142171086)",53.3079,Significantly More
ENSG00000101255,"(-1.713505844026113, 9.48714413547895)",180.7966,Significantly More
ENSG00000144677,"(29.727821776527193, 105.04313387503358)",28.3227,Significantly Less
ENSG00000062582,"(30.131285464221463, 98.1111791183911)",1.3299,Significantly Less
ENSG00000163320,"(32.47589650339465, 91.91843103982491)",20.6014,Significantly Less
ENSG00000142784,"(10.077246613554248, 33.47853067791985)",38.6112,Significantly More
ENSG00000122390,"(62.84894800382388, 175.49923380787322)",28.9842,Significantly Less
ENSG00000139675,"(11.402967196979176, 45.10533643797734)",5.4937,Significantly Less
ENSG00000103226,"(5.073044618897107, 22.0839825461131)",1.3691,Significantly Less
ENSG00000033100,"(8.736418199416692, 33.43158842943747)",47.7873,Significantly More
ENSG00000120896,"(65.67514962605617, 243.6659270074211)",40.8947,Significantly Less
ENSG00000265241,"(37.04310419990602, 98.507664693311)",26.1305,Significantly Less
ENSG00000198876,"(38.66500920392055, 130.63521851920672)",29.5205,Significantly Less
ENSG00000164024,"(50.30110747691194, 126.84635002926956)",45.6976,Significantly Less
ENSG00000088766,"(12.286130030199743, 66.95078923351427)",7.0219,Significantly Less
ENSG00000171862,"(16.226561335202994, 40.353858468162855)",12.4204,Significantly Less
ENSG00000109501,"(-8.938462107610093, 33.412991529455454)",55.5822,Significantly More
ENSG00000114023,"(7.405188738465185, 70.47802895069198)",71.0215,Significantly More
ENSG00000116649,"(-1.4696563936386795, 99.52116250372453)",312.0792,Significantly More
ENSG00000087269,"(4.504072739244339, 21.078874361024706)",53.1997,Significantly More
ENSG00000114861,"(9.825211523695465, 68.92258767408043)",2.0695,Significantly Less
ENSG00000134453,"(33.51819683464297, 87.73170302517914)",32.7659,Significantly Less
ENSG00000160271,"(7.689246736783595, 26.75610185368344)",5.5584,Significantly Less
ENSG00000033050,"(29.360660190494745, 61.64096917333538)",16.6295,Significantly Less
ENSG00000112658,"(-16.150330504702023, 51.42342125303307)",57.1847,Significantly More
ENSG00000087152,"(69.22080068767195, 141.11490694747172)",41.0921,Significantly Less
ENSG00000124209,"(5.300026182926475, 11.20600844658158)",19.2623,Significantly More
ENSG00000079616,"(3.5421079908933955, 42.19905738480986)",44.1645,Significantly More
ENSG00000114993,"(4.893237035818444, 47.86722633636594)",53.9854,Significantly More
ENSG00000106246,"(34.44598033566086, 106.82712956870625)",2.7568,Significantly Less
ENSG00000052841,"(21.673457558606405, 82.1889177707837)",13.4119,Significantly Less
ENSG00000006459,"(2.3875039726451144, 10.188054668788684)",15.2869,Significantly More
ENSG00000106009,"(3.9442325825260305, 14.508915745210349)",34.1569,Significantly More
ENSG00000106803,"(20.423470963744762, 168.36379780150918)",212.5915,Significantly More
ENSG00000251143,"(1.6372866162415427, 33.72997081065988)",0.5698,Significantly Less
ENSG00000162402,"(27.505113548034835, 146.91964174714465)",20.7006,Significantly Less
ENSG00000122140,"(9.15023891984191, 40.02816787319656)",134.0447,Significantly More
ENSG00000017483,"(-14.384888319804308, 60.363159795459595)",162.3773,Significantly More
ENSG00000068308,"(16.38161502235733, 37.457155267492475)",88.9976,Significantly More
ENSG00000115207,"(41.13501655294593, 103.98747180287722)",28.3473,Significantly Less
ENSG00000140829,"(37.69847359699908, 126.94839108834769)",28.2142,Significantly Less
ENSG00000107521,"(13.966033236065002, 38.95537666119919)",61.8798,Significantly More
ENSG00000221823,"(44.869993594222656, 84.96056549157231)",32.7126,Significantly Less
ENSG00000143368,"(20.27957805823228, 63.48365439959599)",153.2238,Significantly More
ENSG00000011009,"(36.662422813613546, 109.8726310388229)",155.2221,Significantly More
ENSG00000163739,"(-36.26089950696296, 58.32985812523263)",309.3518,Significantly More
ENSG00000120256,"(2.6863910223624714, 14.652123977475817)",0.9006,Significantly Less
ENSG00000076248,"(6.6002628310363605, 41.33282921267712)",123.0743,Significantly More
ENSG00000087470,"(5.71368328084608, 26.08591388287059)",36.6206,Significantly More
ENSG00000158290,"(4.15615768471197, 17.35779333609223)",25.395,Significantly More
ENSG00000188486,"(0.3571616207283732, 45.80646702775893)",263.8535,Significantly More
ENSG00000134108,"(54.347506273255334, 128.00890591964443)",51.9494,Significantly Less
ENSG00000239857,"(33.562677508469434, 79.86875410437806)",1.1746,Significantly Less
ENSG00000171681,"(18.306221076577103, 142.63614912640787)",13.1671,Significantly Less
ENSG00000160293,"(0.004826048298587793, 20.512674241326252)",32.553,Significantly More
ENSG00000143157,"(2.1971385285791127, 12.316245040733403)",17.4562,Significantly More
ENSG00000114062,"(14.340705248294046, 34.31123097856096)",7.1995,Significantly Less
ENSG00000183018,"(-16.1720824329776, 61.46467173982579)",79.8202,Significantly More
ENSG00000091542,"(17.103281232197297, 54.620794438913)",71.9616,Significantly More
ENSG00000206527,"(65.1662764765428, 197.76470870887027)",33.1591,Significantly Less
ENSG00000138604,"(5.370359303699514, 20.874648709054348)",39.6762,Significantly More
ENSG00000160113,"(5.606794879963417, 106.36321646392489)",158.6333,Significantly More
ENSG00000119185,"(49.01760663718943, 116.22046149557198)",10.9795,Significantly Less
ENSG00000153786,"(63.84641307974667, 228.84614865792972)",50.2998,Significantly Less
ENSG00000131242,"(20.63083397993418, 180.41040586336342)",14.2917,Significantly Less
ENSG00000165271,"(0.804182547228983, 21.086874811286062)",41.6729,Significantly More
ENSG00000176407,"(64.55102527394789, 113.90018475960758)",21.9271,Significantly Less
ENSG00000074319,"(57.8914850943728, 139.70561432190667)",47.4526,Significantly Less
ENSG00000068912,"(2.303477578451261, 51.64967599265897)",59.7869,Significantly More
ENSG00000279689,"(9.492820153793852, 23.34221811256588)",0.1675,Significantly Less
ENSG00000073008,"(0.04394323662734578, 20.32070159706761)",65.3368,Significantly More
ENSG00000082701,"(64.96500557530386, 189.27922219876655)",11.3961,Significantly Less
ENSG00000075711,"(11.227056871134122, 25.505557391751495)",8.2058,Significantly Less
ENSG00000119408,"(1.1069778945702993, 29.137784064113156)",46.6897,Significantly More
ENSG00000119820,"(50.2194501760042, 106.35941549476762)",11.6395,Significantly Less
ENSG00000145494,"(51.38162390360657, 171.38525122815628)",342.6217,Significantly More
ENSG00000141568,"(31.273116248562836, 78.61667159692217)",19.383,Significantly Less
ENSG00000165175,"(-0.5242549090993602, 24.34580275808021)",115.6234,Significantly More
ENSG00000064607,"(-0.2987503002367955, 22.560730668304394)",30.2455,Significantly More
ENSG00000090061,"(41.81969756236039, 96.38479973119921)",2.9893,Significantly Less
ENSG00000140521,"(27.124159707297267, 106.24806909767459)",21.3422,Significantly Less
ENSG00000127418,"(2.1667590754436974, 16.440244699621584)",62.4235,Significantly More
ENSG00000214160,"(15.451185115762662, 57.72587134706412)",110.1695,Significantly More
ENSG00000130332,"(10.151484947484, 111.12422576432823)",230.6801,Significantly More
ENSG00000160862,"(-4.916705870107187, 26.14163734809589)",77.9986,Significantly More
ENSG00000076716,"(-1.8701374128747084, 18.393615080343768)",41.3725,Significantly More
ENSG00000155957,"(25.418610154706073, 191.58163463871261)",6.9598,Significantly Less
ENSG00000105856,"(44.82294699512583, 206.73358798525038)",6.5108,Significantly Less
ENSG00000102034,"(2.7629785934232345, 39.66507336027025)",56.4185,Significantly More
ENSG00000064726,"(42.232600622313726, 112.37728412903718)",38.6321,Significantly Less
ENSG00000204422,"(13.12072063955318, 31.286128390136167)",0.0,Significantly Less
ENSG00000158828,"(21.724711924283373, 77.61027416579813)",10.2619,Significantly Less
ENSG00000261150,"(-0.7721803811732784, 5.354836946589224)",12.2349,Significantly More
ENSG00000147164,"(42.925566490329714, 99.5875469072547)",99.6845,Significantly More
ENSG00000269858,"(64.37632036158504, 135.35199190751018)",3.7377,Significantly Less
ENSG00000078902,"(65.57073755812708, 139.34878628815272)",47.217,Significantly Less
ENSG00000118900,"(35.16466958189423, 106.17350246524771)",18.8609,Significantly Less
ENSG00000136158,"(4.0798994657471255, 35.348599542127864)",67.2331,Significantly More
ENSG00000122729,"(7.220662811692, 30.9924992642285)",32.7632,Significantly More
ENSG00000167962,"(6.205432476291433, 25.31885120461287)",48.153,Significantly More
ENSG00000105700,"(33.23278835660179, 110.72197415798269)",32.8109,Significantly Less
ENSG00000101187,"(-2.5742242401413753, 16.936436483845426)",36.1475,Significantly More
ENSG00000119414,"(11.487297888264013, 22.86407139800075)",32.0629,Significantly More
ENSG00000004779,"(25.30048360450766, 154.6172118712595)",177.6241,Significantly More
ENSG00000165389,"(8.438692209272407, 46.70832165305954)",102.4987,Significantly More
ENSG00000125378,"(-1.5306793869848399, 33.336894806870745)",118.3187,Significantly More
ENSG00000099804,"(30.381947995566094, 63.16385791548751)",105.2203,Significantly More
ENSG00000130193,"(4.335777685948697, 22.31270843266691)",97.6998,Significantly More
ENSG00000132842,"(8.519770100985395, 24.241729743367067)",30.1383,Significantly More
ENSG00000272391,"(14.391426588705585, 119.05673885754375)",9.2717,Significantly Less
ENSG00000175224,"(74.78940016354656, 149.51004145916008)",27.9057,Significantly Less
ENSG00000073969,"(10.216453870123054, 29.92039289177361)",30.0289,Significantly More
ENSG00000179832,"(3.246433769954619, 20.785296603628268)",39.7226,Significantly More
ENSG00000147471,"(74.37289219351797, 203.67520057973783)",58.9879,Significantly Less
ENSG00000092531,"(59.25630971129016, 200.4197803305516)",4.611,Significantly Less
ENSG00000164896,"(18.928200510083578, 56.34511323681193)",57.7235,Significantly More
ENSG00000005812,"(50.17491147630167, 138.96706463146432)",7.2433,Significantly Less
ENSG00000255339,"(11.458644107584277, 109.92331829427017)",0.0,Significantly Less
ENSG00000092871,"(38.60687235323638, 93.59065155547029)",8.9003,Significantly Less
ENSG00000267426,"(9.11587532414389, 41.73687172761781)",0.0,Significantly Less
ENSG00000107863,"(30.54536317045691, 114.95749464889784)",15.1747,Significantly Less
ENSG00000121022,"(20.913454928538286, 96.75186362178476)",20.677,Significantly Less
ENSG00000142102,"(-2.147781965615101, 7.834162004233898)",101.3943,Significantly More
ENSG00000187778,"(29.15232901999971, 73.45694131207085)",98.0478,Significantly More
ENSG00000276418,"(10.908853480555344, 89.2396412396665)",0.0,Significantly Less
ENSG00000054267,"(8.090196606891636, 19.34415614320401)",6.3032,Significantly Less
ENSG00000134452,"(52.394943626562394, 118.91877826610471)",20.2095,Significantly Less
ENSG00000108592,"(38.402479111616564, 126.41018764214795)",28.5619,Significantly Less
ENSG00000151923,"(33.11402573368854, 78.3320453328711)",25.7632,Significantly Less
ENSG00000103111,"(35.05310920776422, 94.20856446301586)",22.9761,Significantly Less
ENSG00000132694,"(33.5838193006944, 149.4172662497263)",18.5644,Significantly Less
ENSG00000156639,"(45.925292179356205, 131.1566218302043)",43.0705,Significantly Less
ENSG00000182325,"(11.049928013157885, 59.86711796464405)",94.0213,Significantly More
ENSG00000116977,"(35.50421697937429, 86.95235961730867)",9.7025,Significantly Less
ENSG00000163463,"(47.874868261169524, 126.58800049125355)",5.0196,Significantly Less
ENSG00000113194,"(51.068782971795486, 105.30138696524449)",27.8388,Significantly Less
ENSG00000092203,"(72.0902784433416, 127.82871952796533)",20.2385,Significantly Less
ENSG00000158062,"(13.944920050378133, 59.89775719547876)",11.5047,Significantly Less
ENSG00000175387,"(40.59167988520775, 101.05217896427652)",2.7231,Significantly Less
ENSG00000137171,"(42.94200676241687, 207.08423432712232)",21.1896,Significantly Less
ENSG00000117505,"(19.547376342372203, 46.87704868230195)",12.3081,Significantly Less
ENSG00000120451,"(29.450734748103166, 80.87711638628002)",6.5235,Significantly Less
ENSG00000105393,"(38.720079490338506, 112.9776866913571)",31.5394,Significantly Less
ENSG00000127463,"(3.731553143074658, 20.031230743515835)",20.2995,Significantly More
ENSG00000187735,"(28.36754843634698, 97.66218786892193)",23.6779,Significantly Less
ENSG00000160201,"(25.866952967068123, 67.84056355033638)",0.163,Significantly Less
ENSG00000083896,"(43.93531249419547, 112.80092474354026)",22.8917,Significantly Less
ENSG00000177628,"(38.453119882930324, 166.6251890188792)",24.0501,Significantly Less
ENSG00000104320,"(1.1395025066231224, 14.370183663611899)",29.2391,Significantly More
ENSG00000006704,"(0.45212885686289805, 7.910212276996316)",36.6255,Significantly More
ENSG00000072682,"(29.879708042894272, 102.44528271517959)",24.1818,Significantly Less
ENSG00000100926,"(41.00052192440574, 78.98155045282226)",3.5872,Significantly Less
ENSG00000204316,"(28.584294583389315, 137.31174568946145)",3.4732,Significantly Less
ENSG00000124562,"(17.49729785304804, 88.19649842390923)",217.9207,Significantly More
ENSG00000165416,"(12.70101021028789, 23.524895190011385)",9.1235,Significantly Less
ENSG00000137161,"(10.092328565316478, 43.0483271695618)",102.5148,Significantly More
ENSG00000137673,"(-1.3492696418906063, 1.9359317659120492)",18.5834,Significantly More
ENSG00000146676,"(1.7203577406948014, 8.7357736492546)",10.777,Significantly More
ENSG00000172046,"(8.179260586483933, 23.047765220576068)",30.6867,Significantly More
ENSG00000198677,"(2.9880061469649934, 12.014392428740077)",17.643,Significantly More
ENSG00000141699,"(62.34282193212925, 145.89891042912157)",34.6322,Significantly Less
ENSG00000100359,"(23.16757731644185, 138.91075128039358)",1.8646,Significantly Less
ENSG00000079432,"(4.793820555357968, 31.597959470582936)",36.996,Significantly More
ENSG00000148296,"(6.109838241682848, 26.691106422093167)",60.6539,Significantly More
ENSG00000164934,"(1.8550026925979761, 21.026161461248172)",23.991,Significantly More
ENSG00000168000,"(14.584688852783877, 47.0490361120121)",1.4447,Significantly Less
ENSG00000170581,"(2.0164529962224567, 21.506262654858283)",22.0356,Significantly More
ENSG00000177479,"(40.97257354793895, 130.7272928729629)",21.4735,Significantly Less
ENSG00000137547,"(10.032393298380747, 89.46673088912178)",130.4261,Significantly More
ENSG00000124243,"(6.235281121863025, 107.52517720737693)",2.5247,Significantly Less
ENSG00000102119,"(11.763369563430345, 64.30497341458342)",175.7161,Significantly More
ENSG00000115286,"(30.81568408415808, 92.42664321952023)",17.3876,Significantly Less
ENSG00000102753,"(6.081907673466656, 28.676533096518238)",31.1348,Significantly More
ENSG00000097021,"(7.504302448054531, 62.10830403926839)",112.7586,Significantly More
ENSG00000224281,"(6.5806904058783005, 92.73135180619249)",0.5276,Significantly Less
ENSG00000140675,"(26.002398565776105, 111.83859356662592)",0.5736,Significantly Less
ENSG00000126456,"(23.309499987620793, 73.86676084445612)",83.8365,Significantly More
ENSG00000115128,"(34.30860907310064, 92.98425173204741)",169.5063,Significantly More
ENSG00000070614,"(47.11631047466385, 264.2104249772475)",17.2939,Significantly Less
ENSG00000166783,"(21.89455311695339, 115.69749671760609)",12.4263,Significantly Less
ENSG00000162302,"(14.399555913771223, 49.68642901758135)",64.4643,Significantly More
ENSG00000167797,"(27.077644920596164, 118.58048031381884)",133.574,Significantly More
ENSG00000118579,"(17.421725470995185, 117.21206330157393)",10.3731,Significantly Less
ENSG00000157399,"(-9.018768096733027, 45.49843954580254)",240.6893,Significantly More
ENSG00000108819,"(3.9274524070581087, 35.67041278268198)",44.7068,Significantly More
ENSG00000185269,"(-0.07067050191891369, 0.21939410831193004)",3.4155,Significantly More
ENSG00000127526,"(37.70514318829933, 84.83314570180183)",20.5131,Significantly Less
ENSG00000145569,"(22.62436557221666, 162.7507375168439)",17.5586,Significantly Less
ENSG00000183856,"(-3.243642983397902, 13.383522359861704)",34.3887,Significantly More
ENSG00000148842,"(9.132598380692578, 48.00419001925025)",2.7704,Significantly Less
ENSG00000142166,"(7.213194969676556, 17.336780285957865)",21.4319,Significantly More
ENSG00000178605,"(11.011109250404736, 42.133594892544835)",147.034,Significantly More
ENSG00000170445,"(14.780534108615566, 31.774289200812877)",14.7605,Significantly Less
ENSG00000131368,"(6.925331431913928, 17.836819396814633)",30.7893,Significantly More
ENSG00000099849,"(2.458013314277146, 61.17552427361802)",110.4517,Significantly More
ENSG00000093144,"(31.41840495785341, 133.75075353226583)",28.8692,Significantly Less
ENSG00000176105,"(6.96296144969614, 19.13888479625411)",30.4745,Significantly More
ENSG00000150760,"(38.048690421913165, 159.0515072914897)",13.275,Significantly Less
ENSG00000103051,"(10.39191208840952, 26.84541765456973)",37.7419,Significantly More
ENSG00000164961,"(43.98208751730829, 84.39817358419685)",39.9734,Significantly Less
ENSG00000063978,"(60.27893590339464, 118.96440410303673)",29.6807,Significantly Less
ENSG00000165934,"(30.28570663587866, 95.01799632829491)",10.6589,Significantly Less
ENSG00000100558,"(-6.420098974089399, 106.85354867362913)",181.5878,Significantly More
ENSG00000119541,"(44.803877385135046, 109.1362639044331)",39.4771,Significantly Less
ENSG00000161217,"(57.76653846964018, 154.91465819711695)",17.6347,Significantly Less
ENSG00000165733,"(1.6053731639540691, 7.5542606779289665)",19.2343,Significantly More
ENSG00000109079,"(49.90276050862491, 110.71287906907875)",35.9327,Significantly Less
ENSG00000133703,"(7.95297208073298, 22.76921802057633)",24.974,Significantly More
ENSG00000157823,"(50.12164921791944, 315.41707875221516)",6.2832,Significantly Less
ENSG00000197555,"(33.05229424761269, 109.73392043047313)",11.8902,Significantly Less
ENSG00000011347,"(-3.302915121894751, 21.12254826640534)",39.8026,Significantly More
ENSG00000173915,"(32.993513820186536, 176.37357551773167)",239.4981,Significantly More
ENSG00000167778,"(18.026429646079976, 87.52371780339844)",89.6732,Significantly More
ENSG00000245910,"(6.513453367973547, 84.63181088320172)",191.4858,Significantly More
ENSG00000170638,"(4.195565774879837, 29.855641352618264)",121.9352,Significantly More
ENSG00000184428,"(1.3314835118833557, 37.11447872225281)",42.0918,Significantly More
ENSG00000101457,"(7.501195853201764, 57.6371979569784)",178.5371,Significantly More
ENSG00000173436,"(42.22302283878444, 161.05011733668854)",8.8853,Significantly Less
ENSG00000172775,"(44.4618596219478, 96.19981596087553)",38.2849,Significantly Less
ENSG00000132912,"(44.57534535322122, 112.04262022926298)",18.6697,Significantly Less
ENSG00000254087,"(0.05924267772937597, 23.940863971480052)",33.627,Significantly More
ENSG00000198356,"(12.299239083590209, 67.73592276450613)",110.5407,Significantly More
ENSG00000146834,"(11.920437665425691, 39.13953104851741)",62.7486,Significantly More
ENSG00000108055,"(6.089496972431908, 22.97701629291894)",24.3773,Significantly More
ENSG00000110931,"(13.098542542620644, 29.062858876840636)",34.5291,Significantly More
ENSG00000139687,"(28.407344634081632, 93.25825091489727)",15.6042,Significantly Less
ENSG00000115548,"(18.730421952624667, 97.75550521156333)",16.7761,Significantly Less
ENSG00000122884,"(2.8225441179006943, 19.021523748189434)",78.9069,Significantly More
ENSG00000171824,"(44.73478797983345, 115.43574682293243)",28.8107,Significantly Less
ENSG00000166233,"(43.14633962378583, 124.74137297045417)",6.2136,Significantly Less
ENSG00000155876,"(21.90159727821177, 58.46607241958283)",117.9388,Significantly More
ENSG00000124535,"(8.446636245360793, 20.89514580879695)",51.4349,Significantly More
ENSG00000175221,"(18.164724639876823, 60.77085703248791)",73.3739,Significantly More
ENSG00000198171,"(21.573432108838016, 64.79548452707974)",170.9066,Significantly More
ENSG00000116521,"(32.47567877632402, 73.8778394093487)",74.5709,Significantly More
ENSG00000134046,"(33.94477538995739, 78.03199602364677)",19.6984,Significantly Less
ENSG00000123575,"(4.146185344659314, 11.681194661555377)",26.5547,Significantly More
ENSG00000130313,"(21.91441383277146, 88.95866396389988)",103.1341,Significantly More
ENSG00000143393,"(46.19383490511449, 86.13987412719959)",27.2427,Significantly Less
ENSG00000137073,"(2.823591438516295, 16.180701707042957)",22.2571,Significantly More
ENSG00000102103,"(19.92617071249163, 60.540116560180365)",108.3675,Significantly More
ENSG00000112576,"(58.0501242768038, 176.19669656594488)",22.1109,Significantly Less
ENSG00000168522,"(20.073098918161328, 92.57793772209408)",14.7763,Significantly Less
ENSG00000179526,"(40.98248591719205, 91.50244547494235)",114.6715,Significantly More
ENSG00000102100,"(11.438383566294057, 57.54093695688584)",93.9098,Significantly More
ENSG00000198015,"(15.466926495443623, 71.98714141177507)",13.1609,Significantly Less
ENSG00000274523,"(15.060436616633925, 44.96843990341597)",62.6914,Significantly More
ENSG00000157992,"(3.4926935535453794, 109.17714175535652)",185.1295,Significantly More
ENSG00000198791,"(38.586718811951684, 105.71706321526942)",20.4881,Significantly Less
ENSG00000256861,"(10.02515699556833, 25.357587068525007)",0.0,Significantly Less
ENSG00000133704,"(71.83341216588684, 151.26693487970724)",26.8107,Significantly Less
ENSG00000080371,"(51.972852504237295, 125.96855484090761)",11.3755,Significantly Less
ENSG00000184203,"(32.756395739828015, 83.64544648763999)",22.5399,Significantly Less
ENSG00000172164,"(0.11791989649438372, 6.6938637060502195)",19.1041,Significantly More
ENSG00000102890,"(2.7453904530324422, 44.30107232231224)",107.9522,Significantly More
ENSG00000184634,"(4.225071669553023, 28.08915326201346)",34.5347,Significantly More
ENSG00000128585,"(24.421939626169078, 86.40050642098704)",6.7446,Significantly Less
ENSG00000150768,"(6.558979089056756, 26.279230695171734)",32.9082,Significantly More
ENSG00000077380,"(35.17131894453251, 96.04323772872584)",26.0579,Significantly Less
ENSG00000133265,"(16.468068996921943, 86.55512184760518)",187.9639,Significantly More
ENSG00000135924,"(46.80971800719185, 103.09215642540876)",23.096,Significantly Less
ENSG00000117399,"(-8.67207038998345, 52.47868375664963)",180.7912,Significantly More
ENSG00000136021,"(57.618459150199826, 178.20107139177873)",25.1177,Significantly Less
ENSG00000070159,"(1.5594714912163283, 13.707680649793193)",19.3957,Significantly More
ENSG00000145337,"(5.143305936626945, 79.72362137110609)",0.0,Significantly Less
ENSG00000160446,"(22.048770184077085, 89.29485236919291)",97.6137,Significantly More
ENSG00000112701,"(18.002648191203228, 50.30644168377041)",10.9591,Significantly Less
ENSG00000116096,"(13.779068168933819, 83.1236398271849)",141.2346,Significantly More
ENSG00000151327,"(37.03342433285137, 138.42835898773927)",15.0942,Significantly Less
ENSG00000051009,"(3.9467997626218043, 37.69500659615241)",42.9019,Significantly More
ENSG00000093000,"(31.94079467008028, 133.24202073292435)",20.6645,Significantly Less
ENSG00000256100,"(51.44173963815845, 227.24542444796734)",0.0,Significantly Less
ENSG00000111670,"(27.7533648910931, 218.41013751137135)",20.9756,Significantly Less
ENSG00000035141,"(11.056342289202709, 43.04041639177854)",65.3106,Significantly More
ENSG00000136819,"(42.1595808141157, 90.88190149048073)",27.2876,Significantly Less
ENSG00000171222,"(6.660318610291206, 53.227793846435496)",197.2698,Significantly More
ENSG00000239900,"(2.932729635802417, 42.224195895935324)",2.5068,Significantly Less
ENSG00000067955,"(2.911961880836124, 16.693836142726504)",29.7475,Significantly More
ENSG00000031823,"(36.70114271667409, 142.80352102277917)",23.1233,Significantly Less
ENSG00000170545,"(9.727040864867213, 108.17437247252627)",121.2135,Significantly More
ENSG00000145819,"(17.141004010816665, 140.2983973939818)",8.2762,Significantly Less
ENSG00000054148,"(25.117122760910192, 145.24463649084288)",189.4621,Significantly More
ENSG00000254873,"(30.53890343944196, 65.71006965582907)",0.2518,Significantly Less
ENSG00000120437,"(0.47836890795242226, 69.27801536400136)",87.9689,Significantly More
ENSG00000119514,"(23.76928721701313, 317.78524762835195)",9.38,Significantly Less
ENSG00000151502,"(40.923368732490005, 100.3681728431343)",27.262,Significantly Less
ENSG00000188938,"(30.55320586637978, 68.34179034197821)",10.4471,Significantly Less
ENSG00000152642,"(78.72674698107545, 315.2723274247392)",32.8966,Significantly Less
ENSG00000144029,"(8.194498613538077, 18.889323906332855)",22.1167,Significantly More
ENSG00000102178,"(27.661707386058907, 90.81259714590824)",106.7814,Significantly More
ENSG00000071859,"(30.50964217160716, 63.76483799068995)",174.7292,Significantly More
ENSG00000181090,"(30.260229622339793, 111.50373657676916)",9.0701,Significantly Less
ENSG00000170142,"(20.550961803142428, 117.94110021294836)",15.4982,Significantly Less
ENSG00000132792,"(12.030523696561044, 31.341291519815787)",48.5529,Significantly More
ENSG00000079950,"(36.91748004914454, 105.47553831027423)",7.3225,Significantly Less
ENSG00000117859,"(40.38183326069591, 85.39474651609919)",13.4268,Significantly Less
ENSG00000124789,"(2.960155495378988, 11.157783262875213)",23.1255,Significantly More
ENSG00000144485,"(3.3080799705618347, 40.298670798237836)",197.5754,Significantly More
ENSG00000149600,"(6.118859581793096, 51.50761237411452)",62.4059,Significantly More
ENSG00000158545,"(28.932650749694233, 96.05331798022655)",21.8324,Significantly Less
ENSG00000141349,"(13.057348947054148, 33.89596029910942)",69.7589,Significantly More
ENSG00000107159,"(-3.41349278707613, 6.0450339630941805)",97.9666,Significantly More
ENSG00000058804,"(1.3344410248990375, 23.731633255604095)",43.3397,Significantly More
ENSG00000169174,"(-7.8567936937947, 13.057171053475592)",117.2504,Significantly More
ENSG00000167114,"(2.2091930934914004, 69.38045628588665)",86.041,Significantly More
ENSG00000170312,"(-3.37558568355737, 25.25424741049227)",47.0149,Significantly More
ENSG00000213246,"(26.20519667037425, 109.51048347826551)",1.5952,Significantly Less
ENSG00000140750,"(41.32826728936392, 146.19074750261274)",18.9214,Significantly Less
ENSG00000129636,"(37.986310346741746, 80.22096486736768)",12.8503,Significantly Less
ENSG00000148840,"(-5.137345321905833, 42.51342695031744)",42.848,Significantly More
ENSG00000100461,"(76.54648709910896, 148.58809595641992)",12.8149,Significantly Less
ENSG00000136877,"(12.643658790317339, 60.839920403745516)",61.6255,Significantly More
ENSG00000262406,"(-37.11046394456332, 55.729161941836225)",113.4324,Significantly More
ENSG00000223501,"(40.48269761525279, 88.78838185176542)",23.5867,Significantly Less
ENSG00000173418,"(4.974939729540317, 54.497592201479755)",93.8195,Significantly More
ENSG00000173141,"(3.8295163592996264, 25.652681595049856)",84.9933,Significantly More
ENSG00000065883,"(8.1413229997016, 24.10992439789925)",5.309,Significantly Less
ENSG00000114030,"(14.929586539467248, 49.674937328888376)",11.1401,Significantly Less
ENSG00000111817,"(7.265615730113311, 41.52329138591931)",0.6597,Significantly Less
ENSG00000100614,"(30.15205467700386, 83.81277210418092)",10.4828,Significantly Less
ENSG00000258465,"(11.154220032547439, 38.896014519565824)",0.0,Significantly Less
ENSG00000243646,"(10.458813839462508, 93.62039508160333)",0.6328,Significantly Less
ENSG00000164944,"(35.02279906314049, 97.5161990369835)",14.4941,Significantly Less
ENSG00000076826,"(1.3501837916181572, 34.18112077149714)",63.8914,Significantly More
ENSG00000238227,"(16.163623810753474, 42.126179291804405)",51.5317,Significantly More
ENSG00000173457,"(8.988802943395008, 52.227150299170034)",137.3814,Significantly More
ENSG00000196199,"(28.813205162883342, 98.97807274346872)",23.0926,Significantly Less
ENSG00000111011,"(22.944806934564895, 77.93698172382304)",17.1519,Significantly Less
ENSG00000266953,"(24.820470596447084, 86.1122285429549)",0.0,Significantly Less
ENSG00000122692,"(4.228872731548453, 8.51705034673539)",22.5613,Significantly More
ENSG00000068366,"(-0.8579448606995612, 12.109728720121105)",37.0073,Significantly More
ENSG00000082212,"(12.333604938022816, 56.652751580000256)",8.212,Significantly Less
ENSG00000119402,"(2.6913986654740363, 9.008191152516671)",13.5936,Significantly More
ENSG00000142875,"(23.358435556628393, 134.2150627762468)",11.782,Significantly Less
ENSG00000087266,"(19.98591318780496, 95.58278231732226)",18.5753,Significantly Less
ENSG00000131263,"(1.5496235508090606, 6.124622235719)",22.8666,Significantly More
ENSG00000152484,"(36.310274581453854, 110.8602957688652)",21.3873,Significantly Less
ENSG00000101363,"(-0.6580960715553132, 58.348958136273836)",108.1396,Significantly More
ENSG00000122126,"(6.849691157059127, 18.204626959283953)",39.3231,Significantly More
ENSG00000105983,"(25.540788174638433, 65.84909531084034)",9.2197,Significantly Less
ENSG00000125952,"(28.14377399429965, 124.37714327892631)",23.2974,Significantly Less
ENSG00000075239,"(35.51884336584045, 148.00769962270147)",35.1374,Significantly Less
ENSG00000128463,"(28.798737647094825, 112.83949500176455)",24.4518,Significantly Less
ENSG00000153107,"(5.890535061713772, 33.154535356777174)",5.3361,Significantly Less
ENSG00000070047,"(3.6198868156824275, 14.426236475544783)",40.7811,Significantly More
ENSG00000111707,"(38.88448588094427, 118.71705203615169)",32.8453,Significantly Less
ENSG00000136111,"(0.39924351796771074, 15.733535626812415)",21.1143,Significantly More
ENSG00000162819,"(36.54239675484439, 93.48309665843797)",24.519,Significantly Less
ENSG00000105618,"(23.840486468233003, 63.4353564848252)",85.8912,Significantly More
ENSG00000163882,"(16.396170782712197, 73.33258101269519)",90.2755,Significantly More
ENSG00000110514,"(4.160335481515695, 16.58368559857453)",22.3976,Significantly More
ENSG00000048707,"(12.347441857322679, 107.43074798411284)",6.4529,Significantly Less
ENSG00000100325,"(68.62649408035298, 171.05997195058794)",40.6445,Significantly Less
ENSG00000259972,"(27.989169213865047, 84.6699330294918)",3.1979,Significantly Less
ENSG00000242259,"(8.057286441104107, 29.92180514654559)",7.3009,Significantly Less
ENSG00000245748,"(7.409611446938052, 17.5831896261329)",0.0701,Significantly Less
ENSG00000184983,"(13.495046822868112, 121.33976250807152)",144.9143,Significantly More
ENSG00000204673,"(14.038208816291098, 36.41281274458254)",60.5667,Significantly More
ENSG00000099246,"(38.78917035451395, 121.92244922967257)",19.1551,Significantly Less
ENSG00000145191,"(9.174006819716364, 24.148379931851363)",29.6973,Significantly More
ENSG00000007171,"(-49.179526534723934, 78.8129452136349)",107.5343,Significantly More
ENSG00000112033,"(-4.944227711367542, 58.5802630110537)",75.6609,Significantly More
ENSG00000142188,"(27.3240120015341, 159.77577914957075)",24.2791,Significantly Less
ENSG00000108433,"(13.46746462970138, 35.85236583654105)",7.6391,Significantly Less
ENSG00000072062,"(27.89328057084719, 67.39766665626692)",21.7655,Significantly Less
ENSG00000170525,"(-4.039028685256728, 36.40687549952486)",59.8894,Significantly More
ENSG00000019144,"(10.594844477921214, 77.53545195009403)",5.7411,Significantly Less
ENSG00000160208,"(2.175838850447894, 9.614073765249001)",42.445,Significantly More
ENSG00000143653,"(9.040452403642032, 33.9280788853753)",57.7358,Significantly More
ENSG00000139746,"(2.8297724477935438, 12.842751458872861)",13.359,Significantly More
ENSG00000163584,"(-3.2582261730514688, 47.28783877381858)",75.9981,Significantly More
ENSG00000125834,"(4.77454688585344, 15.761479485489435)",41.6378,Significantly More
ENSG00000125870,"(4.33159139058143, 33.02820891780151)",81.2691,Significantly More
ENSG00000151693,"(11.930060834178292, 46.72826744978247)",6.8965,Significantly Less
ENSG00000135596,"(0.9399916026758977, 27.43582248618744)",33.8469,Significantly More
ENSG00000271980,"(4.1973027642941485, 17.96747905681788)",0.1773,Significantly Less
ENSG00000112379,"(-0.5035368855331852, 4.40943084293897)",10.8857,Significantly More
ENSG00000102081,"(5.775967252052881, 12.768820713592168)",22.3484,Significantly More
ENSG00000101146,"(7.128522074417797, 21.43153803584366)",30.5929,Significantly More
ENSG00000116898,"(-1.801109836915149, 62.596214706914594)",87.7732,Significantly More
ENSG00000162735,"(39.54506606235192, 144.6589355749469)",21.1977,Significantly Less
ENSG00000089022,"(18.337889102188583, 63.67582328415111)",14.57,Significantly Less
ENSG00000111596,"(52.164484375284424, 96.30738820958092)",12.0835,Significantly Less
ENSG00000125656,"(25.35735458068175, 78.44287823721206)",86.6228,Significantly More
ENSG00000131626,"(37.50640968252476, 89.09737496021161)",9.8962,Significantly Less
ENSG00000163605,"(32.78384840142996, 80.19336274696846)",23.3791,Significantly Less
ENSG00000198730,"(36.05851130072375, 100.6514579085094)",19.0981,Significantly Less
ENSG00000100985,"(-19.36294226181179, 36.54294514340298)",49.2379,Significantly More
ENSG00000115084,"(30.091076710748766, 132.2088222564028)",21.0402,Significantly Less
ENSG00000139697,"(1.8479733093968946, 5.274927021213431)",21.7152,Significantly More
ENSG00000092068,"(-2.2687461033571736, 42.80317935667749)",45.5939,Significantly More
ENSG00000053254,"(28.611532931541745, 349.4454596613158)",7.3522,Significantly Less
ENSG00000169957,"(12.142188826993177, 45.784077652048)",84.9501,Significantly More
ENSG00000103415,"(19.7523905718645, 48.28880162351943)",53.4778,Significantly More
ENSG00000064763,"(9.624453848163895, 43.67982687865995)",48.921,Significantly More
ENSG00000103037,"(20.91621284801599, 61.35430718321112)",7.1487,Significantly Less
ENSG00000163374,"(14.331505728866146, 29.638964037620724)",13.3535,Significantly Less
ENSG00000001497,"(3.414615044921921, 11.437486354725355)",21.9726,Significantly More
ENSG00000129657,"(15.310662600007163, 150.26258492604336)",9.2579,Significantly Less
ENSG00000260916,"(49.908381835250474, 143.336536881147)",2.6239,Significantly Less
ENSG00000279861,"(22.025771559436883, 41.907538320556014)",1.8423,Significantly Less
ENSG00000091164,"(29.170420007801944, 89.91044911423302)",9.5009,Significantly Less
ENSG00000143294,"(40.7152861406515, 74.99692717408273)",38.4736,Significantly Less
ENSG00000139083,"(39.69268460571898, 115.0472726822289)",30.0659,Significantly Less
ENSG00000164144,"(52.971422190042276, 155.96733542630807)",27.1549,Significantly Less
ENSG00000108244,"(-0.504209672860461, 1.44234645690348)",29.1133,Significantly More
ENSG00000096401,"(3.477160856856371, 9.408388538195165)",19.5891,Significantly More
ENSG00000131043,"(6.147877458380501, 21.58531533146534)",48.1748,Significantly More
ENSG00000100335,"(47.893378641544466, 108.58405506588673)",23.046,Significantly Less
ENSG00000099977,"(33.02678354733621, 157.59996767634618)",0.0,Significantly Less
ENSG00000178802,"(47.6712216839091, 124.9182085152114)",16.816,Significantly Less
ENSG00000163950,"(7.645251415370813, 38.39763673806468)",88.8158,Significantly More
ENSG00000165209,"(27.067390461947365, 87.33391556458959)",17.5602,Significantly Less
ENSG00000185722,"(12.322882695251423, 52.45681178832447)",9.0613,Significantly Less
ENSG00000197785,"(0.8082342030124892, 23.007612926942738)",76.0946,Significantly More
ENSG00000136143,"(22.400784567352733, 76.2553124503748)",9.5755,Significantly Less
ENSG00000162073,"(-0.6073757246487643, 14.392189488539632)",17.1652,Significantly More
ENSG00000170242,"(15.032492165922527, 88.89144735504473)",6.4816,Significantly Less
ENSG00000166887,"(50.896811520801556, 149.72948752576698)",21.6772,Significantly Less
ENSG00000137815,"(54.78938979895439, 168.67780412804723)",26.2305,Significantly Less
ENSG00000140400,"(16.91682010016823, 106.3763970936538)",14.8202,Significantly Less
ENSG00000198198,"(10.370226902402607, 46.33052806970339)",3.5522,Significantly Less
ENSG00000120899,"(35.38101565243909, 316.15132386584366)",27.0807,Significantly Less
ENSG00000124151,"(1.7950978531584045, 10.595287430435173)",14.0234,Significantly More
ENSG00000186951,"(40.396171673424874, 199.36639662864712)",14.7793,Significantly Less
ENSG00000172269,"(7.392756840323909, 31.33593895008278)",36.7731,Significantly More
ENSG00000113360,"(26.061672504570666, 106.16174265884983)",23.3677,Significantly Less
ENSG00000258311,"(28.402707785145736, 175.27587909483188)",0.4724,Significantly Less
ENSG00000124882,"(-2.3195695215118746, 9.649473211717766)",11.0824,Significantly More
ENSG00000170385,"(-0.38238603437926066, 22.06285581620694)",26.9108,Significantly More
ENSG00000198420,"(14.437423094865224, 85.92268657622992)",4.8975,Significantly Less
ENSG00000182117,"(11.446333986317129, 177.10408398508184)",410.3166,Significantly More
ENSG00000076924,"(10.971207078127044, 35.44325220209235)",50.7349,Significantly More
ENSG00000073614,"(40.677558007546445, 122.02864832582804)",14.6749,Significantly Less
ENSG00000172466,"(11.248674760236131, 23.301670186541404)",10.6631,Significantly Less
ENSG00000186566,"(22.891589650090914, 97.74870114477554)",11.5804,Significantly Less
ENSG00000153574,"(5.965182375740072, 25.615580184782637)",81.7342,Significantly More
ENSG00000145041,"(2.499843280024761, 11.308972862704456)",19.3028,Significantly More
ENSG00000166685,"(51.32471986094907, 120.39918243798058)",14.346,Significantly Less
ENSG00000100982,"(19.41290889964394, 43.83928334049925)",51.4083,Significantly More
ENSG00000069998,"(5.1394525424874296, 41.76486129149852)",53.5065,Significantly More
ENSG00000166902,"(18.14063411169085, 94.28085451821426)",166.7098,Significantly More
ENSG00000103061,"(11.87594292555406, 48.94870959027439)",1.8735,Significantly Less
ENSG00000165516,"(34.84454243702279, 112.67608507433872)",10.783,Significantly Less
ENSG00000100083,"(44.24180361472294, 120.99066381690885)",22.6971,Significantly Less
ENSG00000111780,"(21.810267410267244, 180.02362994042343)",0.0,Significantly Less
ENSG00000158042,"(-6.959879779079486, 69.8300807511856)",83.8572,Significantly More
ENSG00000165006,"(13.518303290359567, 28.173804818872917)",49.3788,Significantly More
ENSG00000085998,"(5.089040836526545, 20.135548069716556)",21.7997,Significantly More
ENSG00000170043,"(70.93831193788792, 140.42808914047805)",171.0866,Significantly More
ENSG00000007080,"(12.570483126781042, 83.43973319632761)",170.9855,Significantly More
ENSG00000171159,"(13.625762420017661, 68.54233795293084)",160.6871,Significantly More
ENSG00000024048,"(2.34409076354176, 13.884260952484958)",14.0656,Significantly More
ENSG00000160221,"(31.096142027436443, 103.34537042866533)",0.0569,Significantly Less
ENSG00000142273,"(7.023530004691104, 70.58093638053154)",177.1017,Significantly More
ENSG00000086666,"(33.46793810114035, 127.13723549437977)",24.5442,Significantly Less
ENSG00000160445,"(51.59889390222142, 278.90450321166475)",34.0474,Significantly Less
ENSG00000136152,"(25.572870734254508, 97.17311582193224)",16.3947,Significantly Less
ENSG00000171988,"(14.998056057291393, 82.53018663462373)",8.6704,Significantly Less
ENSG00000157911,"(36.799073717790975, 87.45894606037572)",19.6106,Significantly Less
ENSG00000174938,"(-1.1756136241866377, 16.196343318777746)",22.9971,Significantly More
ENSG00000175309,"(28.70881215044355, 119.16668375236654)",10.2891,Significantly Less
ENSG00000227057,"(11.781912776260363, 54.38221979457055)",73.4325,Significantly More
ENSG00000023287,"(33.2287698575067, 88.50030829636776)",16.3162,Significantly Less
ENSG00000106608,"(49.48822588468729, 162.7302137868966)",20.6491,Significantly Less
ENSG00000105486,"(-0.16895362591023577, 18.498905954626153)",44.6326,Significantly More
ENSG00000132591,"(22.785346898039087, 57.281790549259064)",81.4975,Significantly More
ENSG00000130958,"(16.28044824388421, 116.96854922917443)",9.8082,Significantly Less
ENSG00000135766,"(33.94073811111806, 118.74912201275396)",6.8636,Significantly Less
ENSG00000105186,"(26.888627047106198, 83.22515078048397)",23.7961,Significantly Less
ENSG00000105514,"(-0.5518611354862681, 23.959608459555035)",27.4054,Significantly More
ENSG00000086475,"(14.612138625039229, 31.09422814384459)",49.6409,Significantly More
ENSG00000070669,"(1.5333739372996416, 22.40456370245392)",0.4003,Significantly Less
ENSG00000112110,"(15.895184984337433, 81.96287129942675)",127.5971,Significantly More
ENSG00000100603,"(18.591306315356533, 36.15832790624599)",44.629,Significantly More
ENSG00000011451,"(1.6166347913412835, 15.957944575351032)",22.6338,Significantly More
ENSG00000188112,"(1.6145913148505464, 12.501678092616103)",32.0766,Significantly More
ENSG00000167508,"(-10.706877629605323, 103.672593464122)",103.896,Significantly More
ENSG00000174547,"(2.397048678262429, 63.849097895598085)",68.8127,Significantly More
ENSG00000185619,"(24.24023957819857, 97.37788456235556)",18.049,Significantly Less
ENSG00000153066,"(37.77479822365439, 128.47897232042266)",33.8721,Significantly Less
ENSG00000263465,"(10.723293522804257, 33.35073436211318)",45.6581,Significantly More
ENSG00000168958,"(28.56623321127233, 77.46850754888585)",22.5752,Significantly Less
ENSG00000085721,"(8.20295350270129, 28.34847590232478)",33.3617,Significantly More
ENSG00000131374,"(24.82327320973485, 116.00077339351992)",7.1969,Significantly Less
ENSG00000262246,"(19.308191688706287, 106.51739168125216)",6.8919,Significantly Less
ENSG00000167202,"(20.17582245638927, 174.37753570091718)",12.0128,Significantly Less
ENSG00000180992,"(8.286491483245946, 77.20424614204637)",241.0057,Significantly More
ENSG00000198815,"(6.221937298717319, 14.530721805004944)",23.2809,Significantly More
ENSG00000152520,"(2.1576023193322493, 11.205803343499412)",19.3892,Significantly More
ENSG00000135069,"(-2.650667002058851, 11.319879773848113)",89.792,Significantly More
ENSG00000180530,"(31.170965821237147, 162.04463558830605)",9.6512,Significantly Less
ENSG00000187954,"(4.54258207774096, 13.437454188956416)",21.3636,Significantly More
ENSG00000176920,"(-11.58476720995079, 100.26955030329972)",140.3135,Significantly More
ENSG00000177463,"(12.76243859555887, 44.699677805558004)",7.7152,Significantly Less
ENSG00000107651,"(38.278440171448004, 115.20820794613664)",15.8681,Significantly Less
ENSG00000126768,"(10.500901746309644, 55.275345026484906)",109.7945,Significantly More
ENSG00000198742,"(5.438130365296224, 17.128363755712073)",19.9892,Significantly More
ENSG00000162144,"(28.73814710939105, 126.82016695690588)",7.5288,Significantly Less
ENSG00000204590,"(25.47639765764384, 81.9844816816074)",14.7852,Significantly Less
ENSG00000153774,"(42.18059832487042, 127.56909383799992)",31.867,Significantly Less
ENSG00000151893,"(54.29972582209741, 112.85199872166083)",14.2533,Significantly Less
ENSG00000082512,"(0.05929150967818497, 9.810074988746639)",15.0045,Significantly More
ENSG00000166135,"(24.344565565773422, 102.50520762650532)",8.9945,Significantly Less
ENSG00000187840,"(-1.8667935074786364, 52.920077414490294)",398.451,Significantly More
ENSG00000145740,"(30.229276221729293, 88.47462425969543)",24.2581,Significantly Less
ENSG00000162607,"(8.308590083173936, 25.938734405040552)",28.248,Significantly More
ENSG00000157540,"(15.990402157568045, 42.12801652530287)",4.8497,Significantly Less
ENSG00000188352,"(21.74258773007667, 95.35778621285053)",12.392,Significantly Less
ENSG00000124160,"(8.671287710607414, 29.109891493398138)",54.0051,Significantly More
ENSG00000066135,"(28.18674514381989, 128.19995931881306)",16.7496,Significantly Less
ENSG00000213339,"(15.043111996262205, 65.40913434612094)",95.3264,Significantly More
ENSG00000108963,"(11.773530046836495, 37.99246332484229)",9.8503,Significantly Less
ENSG00000157800,"(36.855342281382676, 98.02856079010347)",14.9494,Significantly Less
ENSG00000086504,"(18.02076302143537, 41.121795095732)",64.4365,Significantly More
ENSG00000100722,"(25.716451691755836, 59.92800060150968)",5.0254,Significantly Less
ENSG00000144848,"(23.818079318951966, 94.25505695538578)",20.4532,Significantly Less
ENSG00000136108,"(1.7589190796348593, 15.142442218055868)",26.4561,Significantly More
ENSG00000005156,"(24.71998975508701, 64.96001794288202)",8.4248,Significantly Less
ENSG00000100239,"(8.976286740221392, 21.42836364322345)",36.5805,Significantly More
ENSG00000129933,"(33.286085419491826, 116.19425626518469)",13.4762,Significantly Less
ENSG00000126746,"(27.306047171555726, 60.6452584821238)",13.8206,Significantly Less
ENSG00000265354,"(7.605562426811165, 51.79442689952985)",149.7333,Significantly More
ENSG00000166170,"(5.316686859608002, 14.41594328928596)",33.9187,Significantly More
ENSG00000140948,"(1.986831612997947, 13.094257729793107)",19.7417,Significantly More
ENSG00000116337,"(2.1972338234169264, 11.845092141829278)",18.3837,Significantly More
ENSG00000161021,"(27.303672541862113, 81.47094955685134)",23.015,Significantly Less
ENSG00000179933,"(8.855852607579191, 44.47729291471772)",52.9929,Significantly More
ENSG00000213995,"(10.05699639650425, 25.783665891858877)",42.5183,Significantly More
ENSG00000122068,"(16.728174185918256, 115.835160321003)",12.5225,Significantly Less
ENSG00000113716,"(3.1061368934798104, 19.02342902615682)",27.6798,Significantly More
ENSG00000164897,"(19.586046974112975, 65.15696622746674)",129.4748,Significantly More
ENSG00000250479,"(60.368332526334655, 284.94084990675657)",297.5934,Significantly More
ENSG00000111615,"(12.035583495354345, 61.86024768838226)",8.0514,Significantly Less
ENSG00000184489,"(-5.446107822178419, 15.319761821915684)",99.0472,Significantly More
ENSG00000012061,"(17.494422561265722, 62.40216373944165)",15.8994,Significantly Less
ENSG00000144566,"(34.86178123797108, 72.81675135578402)",31.8541,Significantly Less
ENSG00000225921,"(24.94769078774588, 57.512775903829166)",74.2893,Significantly More
ENSG00000137411,"(6.433814607717379, 26.463509443379614)",0.303,Significantly Less
ENSG00000260914,"(30.727851304602467, 53.41537228974906)",0.0,Significantly Less
ENSG00000198586,"(14.874765413292689, 32.29592568053134)",11.2519,Significantly Less
ENSG00000261553,"(3.9827898769301644, 22.533746105923534)",0.3247,Significantly Less
ENSG00000137496,"(8.07380295921147, 57.199626514906036)",4.2554,Significantly Less
ENSG00000255857,"(31.818545503596575, 82.46830331706238)",2.2145,Significantly Less
ENSG00000186919,"(20.49817518734762, 52.48829372685483)",0.07,Significantly Less
ENSG00000167323,"(22.213554500690712, 59.12832474164204)",20.022,Significantly Less
ENSG00000115009,"(-30.696215669962744, 79.07865971016402)",384.1488,Significantly More
ENSG00000123975,"(-17.58324767865879, 73.8480429299678)",385.9214,Significantly More
ENSG00000070010,"(17.427375534833054, 74.47497444611648)",15.4687,Significantly Less
ENSG00000151503,"(1.622616354429522, 13.432800082359162)",14.2639,Significantly More
ENSG00000138246,"(37.338561435490305, 110.86532192422618)",11.6934,Significantly Less
ENSG00000162980,"(16.28249536731626, 81.70773969069951)",12.4482,Significantly Less
ENSG00000260669,"(11.77296828599254, 37.69268942700583)",0.2475,Significantly Less
ENSG00000151148,"(15.99990036321553, 44.24141156040438)",15.8458,Significantly Less
ENSG00000100445,"(30.493703803402997, 73.5070562348022)",3.4051,Significantly Less
ENSG00000130731,"(13.793347369917708, 61.29539854450972)",216.6469,Significantly More
ENSG00000127314,"(13.735859079871588, 165.6826885340334)",8.1314,Significantly Less
ENSG00000184887,"(14.589842299993988, 37.193239457366765)",65.0379,Significantly More
ENSG00000169018,"(40.369683338480485, 135.5589741259314)",17.3802,Significantly Less
ENSG00000105185,"(8.029335201308506, 78.01148834299522)",106.9086,Significantly More
ENSG00000145703,"(23.665983286942236, 318.2120487118789)",17.4351,Significantly Less
ENSG00000101413,"(31.52914047036598, 78.5622468120277)",25.1716,Significantly Less
ENSG00000135090,"(57.111734728495776, 150.508637531294)",11.4506,Significantly Less
ENSG00000123091,"(32.56995026930642, 132.39372693586623)",28.5314,Significantly Less
ENSG00000143314,"(12.855253133099886, 93.6762688192373)",121.9314,Significantly More
ENSG00000156802,"(-0.7924721312127554, 8.39820373474251)",19.5546,Significantly More
ENSG00000120071,"(9.49525418691346, 38.88391617273611)",7.0262,Significantly Less
ENSG00000125877,"(11.993513965261524, 52.80362875802784)",131.1077,Significantly More
ENSG00000167632,"(34.92151646392773, 103.1005666289582)",23.0141,Significantly Less
ENSG00000198917,"(20.6409605773814, 59.41784549643932)",0.2641,Significantly Less
ENSG00000168453,"(3.6863087591809105, 94.17902057626154)",2.2146,Significantly Less
ENSG00000117411,"(-2.6986016497944547, 35.45117739201319)",41.0201,Significantly More
ENSG00000177105,"(24.21958880989284, 86.78055476386227)",104.0135,Significantly More
ENSG00000116514,"(2.5963794210870894, 48.40254263032634)",72.6165,Significantly More
ENSG00000162194,"(14.675736590078845, 75.62664906900788)",2.78,Significantly Less
ENSG00000118855,"(41.41758951923101, 102.34547591632025)",19.5535,Significantly Less
ENSG00000187742,"(16.01044324659399, 56.59863053874892)",10.7457,Significantly Less
ENSG00000198276,"(5.818023173939061, 24.934132326028525)",67.3982,Significantly More
ENSG00000090013,"(31.11052799896352, 120.03445504426709)",141.5879,Significantly More
ENSG00000114631,"(1.9676045063590113, 14.187926092036067)",110.6169,Significantly More
ENSG00000184047,"(13.765766813843804, 42.68985368031544)",0.4548,Significantly Less
ENSG00000120008,"(43.60664454318521, 104.38099924859577)",11.2212,Significantly Less
ENSG00000114316,"(33.64497489767547, 64.83490423294863)",16.3748,Significantly Less
ENSG00000281376,"(6.023824670189484, 22.44594084717024)",0.0792,Significantly Less
ENSG00000118503,"(0.6351683027921222, 21.40981613693203)",42.5691,Significantly More
ENSG00000179562,"(34.24875496905764, 66.41372120135571)",13.478,Significantly Less
ENSG00000167617,"(-32.50518183893462, 319.195652650054)",709.8801,Significantly More
ENSG00000053372,"(-5.765150912272972, 88.12846613597348)",96.4873,Significantly More
ENSG00000119392,"(7.641445923098967, 19.703254598429112)",31.7565,Significantly More
ENSG00000166454,"(9.123199076284422, 18.067177815976727)",18.1118,Significantly More
ENSG00000176101,"(21.146376267036832, 84.67009628167908)",180.123,Significantly More
ENSG00000147202,"(2.142708785849944, 8.31955667319393)",17.0162,Significantly More
ENSG00000006327,"(-23.025468892783785, 43.893885436911056)",73.4064,Significantly More
ENSG00000143079,"(18.726328264475725, 72.26439823113645)",17.1382,Significantly Less
ENSG00000170852,"(30.278179832904698, 79.38296297194596)",23.2803,Significantly Less
ENSG00000146802,"(17.52391538459012, 100.88777888059906)",10.6645,Significantly Less
ENSG00000006715,"(49.474358771992456, 95.93047176311848)",13.6707,Significantly Less
ENSG00000107854,"(3.8025831216442922, 10.086071141174063)",21.7354,Significantly More
ENSG00000145386,"(-2.323352220176533, 17.907118293093497)",54.034,Significantly More
ENSG00000198604,"(22.085009623961135, 92.21535669158146)",16.9585,Significantly Less
ENSG00000163166,"(33.107445773461805, 92.50535736509939)",30.2875,Significantly Less
ENSG00000136381,"(41.81583620010152, 99.11650166739733)",12.5029,Significantly Less
ENSG00000221838,"(19.22407910753573, 54.95409940007332)",14.2063,Significantly Less
ENSG00000149091,"(1.2248584667873033, 23.849930350347822)",31.9605,Significantly More
ENSG00000141646,"(7.876692340930104, 24.7666598171014)",5.7896,Significantly Less
ENSG00000205302,"(36.48769707152235, 117.66566438650082)",15.1167,Significantly Less
ENSG00000278845,"(6.090737932087826, 36.565806972647)",66.7037,Significantly More
ENSG00000104660,"(34.13202210493643, 90.54283270202077)",29.8095,Significantly Less
ENSG00000159079,"(9.071369819754164, 37.81292652199129)",5.1616,Significantly Less
ENSG00000168496,"(-5.907562838049596, 67.1122731082295)",88.0613,Significantly More
ENSG00000228144,"(19.239565713225055, 112.70407152740515)",0.0,Significantly Less
ENSG00000164164,"(21.943988965173787, 70.46841794059672)",10.316,Significantly Less
ENSG00000114331,"(41.06919590260499, 111.70025895825684)",10.5289,Significantly Less
ENSG00000157538,"(43.90969379413013, 101.64924465010441)",13.3875,Significantly Less
ENSG00000213699,"(4.663347635855021, 15.864728277720971)",33.5722,Significantly More
ENSG00000125901,"(7.534404594356385, 49.644431487618576)",355.6495,Significantly More
ENSG00000128607,"(32.6434240182474, 90.51054670382783)",16.7395,Significantly Less
ENSG00000169682,"(10.369555847202811, 30.428534275161134)",0.7553,Significantly Less
ENSG00000173852,"(0.8008018433083031, 8.778181130445615)",13.4121,Significantly More
ENSG00000001629,"(29.639851189144537, 74.89018988902833)",13.3018,Significantly Less
ENSG00000105612,"(6.915252925378031, 32.089347846568344)",50.4803,Significantly More
ENSG00000116786,"(6.420624870365545, 20.43903291544804)",37.1215,Significantly More
ENSG00000136950,"(8.521983330296555, 28.735453110935097)",57.2504,Significantly More
ENSG00000119537,"(18.490439130854703, 68.04088881574256)",14.0882,Significantly Less
ENSG00000243004,"(3.8609934167742637, 108.61111430251809)",0.3394,Significantly Less
ENSG00000149716,"(9.545778504556917, 40.523123222412835)",7.8514,Significantly Less
ENSG00000101079,"(6.74926098795728, 19.595935939776055)",35.4209,Significantly More
ENSG00000065308,"(0.9107990092464551, 14.15809752027961)",20.0226,Significantly More
ENSG00000128626,"(1.8116756312120117, 61.74100262307826)",170.8578,Significantly More
ENSG00000109171,"(50.9254839235409, 148.86419222437658)",18.3832,Significantly Less
ENSG00000122952,"(-4.376538592436109, 40.09289947785379)",76.6735,Significantly More
ENSG00000148498,"(2.4878657658727743, 16.600038671343334)",16.7574,Significantly More
ENSG00000115808,"(2.313153302895634, 8.538421124488197)",9.0967,Significantly More
ENSG00000148719,"(12.521170785416144, 24.662061827325843)",30.1602,Significantly More
ENSG00000123472,"(33.35058500672685, 88.77663295667094)",28.6783,Significantly Less
ENSG00000145293,"(2.7436998182536936, 22.77937646019499)",68.9686,Significantly More
ENSG00000169032,"(11.50282942854652, 22.99197671047188)",48.1009,Significantly More
ENSG00000119421,"(24.568762425603985, 91.89544554714593)",234.5574,Significantly More
ENSG00000033800,"(47.37453813915963, 82.33512464642547)",6.8103,Significantly Less
ENSG00000130749,"(6.04655910660537, 20.882562499376775)",39.9389,Significantly More
ENSG00000187678,"(-0.44511980468988277, 17.16774756319026)",24.4,Significantly More
ENSG00000160211,"(7.640349121998533, 23.14179788028303)",71.0855,Significantly More
ENSG00000077254,"(48.93024383092571, 106.34168881400637)",14.9047,Significantly Less
ENSG00000174744,"(20.924010697166022, 64.11221598874414)",77.3521,Significantly More
ENSG00000138592,"(53.99661228045711, 110.0752528125303)",4.1483,Significantly Less
ENSG00000115993,"(44.648566587867066, 134.66839051580195)",11.7132,Significantly Less
ENSG00000144791,"(8.075981433202351, 40.10096225371025)",7.5278,Significantly Less
ENSG00000214046,"(23.46998510578756, 65.28906240005796)",10.7507,Significantly Less
ENSG00000132823,"(3.632244006296606, 25.29176429065752)",48.7296,Significantly More
ENSG00000161204,"(35.22873651135446, 82.34496723629715)",27.1848,Significantly Less
ENSG00000175311,"(1.1165396055916688, 30.09585727626745)",42.7168,Significantly More
ENSG00000138092,"(15.409320522957739, 51.52372380659713)",6.8844,Significantly Less
ENSG00000111731,"(22.462531398940726, 115.90900555541099)",17.5302,Significantly Less
ENSG00000067066,"(9.300246013044426, 46.82735054472526)",7.4979,Significantly Less
ENSG00000106443,"(11.623749182949693, 34.81410377863574)",7.6962,Significantly Less
ENSG00000176095,"(26.15092244106883, 60.070483264465366)",25.8879,Significantly Less
ENSG00000063322,"(15.213205979843337, 28.966782916345444)",42.3693,Significantly More
ENSG00000119522,"(21.44561628147772, 66.57684500364996)",15.2422,Significantly Less
ENSG00000173486,"(54.99147407276886, 123.73040669153158)",1.8437,Significantly Less
ENSG00000173272,"(16.922530034535598, 63.845571377169605)",66.2945,Significantly More
ENSG00000128789,"(22.247922762653204, 56.662806053365145)",58.2989,Significantly More
ENSG00000170892,"(7.096245612526262, 25.10987305136959)",68.4787,Significantly More
ENSG00000152990,"(32.14738437484408, 148.04714859216344)",14.1127,Significantly Less
ENSG00000271303,"(1.770150752140534, 19.033340202052564)",0.8348,Significantly Less
ENSG00000129451,"(-0.41230462133566814, 1.6216655846395316)",8.2954,Significantly More
ENSG00000089177,"(2.6348165900023606, 23.773354522864913)",24.9848,Significantly More
ENSG00000112667,"(11.965341768618401, 88.24243300309445)",176.6167,Significantly More
ENSG00000242498,"(19.10792339096178, 52.099359884334824)",10.0556,Significantly Less
ENSG00000134748,"(25.20773797067073, 57.886067280918994)",20.6381,Significantly Less
ENSG00000126464,"(0.7615965179502933, 20.016113672944833)",29.6345,Significantly More
ENSG00000213782,"(16.54453599374461, 56.64748466609354)",0.7478,Significantly Less
ENSG00000249319,"(12.35688060210942, 104.84539519069236)",0.0,Significantly Less
ENSG00000101220,"(-6.946691725904969, 45.36539265896914)",183.246,Significantly More
ENSG00000163428,"(0.7758285036633406, 6.097321689392002)",17.5154,Significantly More
ENSG00000159210,"(43.90666120142928, 82.02037093269632)",21.005,Significantly Less
ENSG00000011007,"(6.2699966892207275, 13.873204578352647)",27.1517,Significantly More
ENSG00000156504,"(7.9761234472174, 30.751589480941693)",35.7698,Significantly More
ENSG00000164379,"(-0.22295655003912723, 0.702715291121607)",7.3646,Significantly More
ENSG00000001084,"(15.182607734474338, 38.144621173156935)",11.5798,Significantly Less
ENSG00000116667,"(10.794597089184428, 51.4697014805234)",4.1477,Significantly Less
ENSG00000095059,"(25.401006716304664, 93.68924606269175)",3.5363,Significantly Less
ENSG00000100938,"(39.47381088483307, 100.27407794356161)",25.0759,Significantly Less
ENSG00000168872,"(9.650619968250936, 45.90866036010137)",5.5903,Significantly Less
ENSG00000106366,"(-13.49402083040475, 19.89079179470734)",26.5574,Significantly More
ENSG00000153922,"(14.957281211149983, 74.25594935639833)",12.7072,Significantly Less
ENSG00000157500,"(25.764929195798132, 104.08311818433616)",9.5671,Significantly Less
ENSG00000128298,"(-1.7995074979704064, 61.86736613809485)",110.9732,Significantly More
ENSG00000198585,"(4.807030183879506, 18.331600909001303)",19.8594,Significantly More
ENSG00000154845,"(41.10057508819126, 140.13623969899282)",17.8167,Significantly Less
ENSG00000188021,"(3.0206211252572714, 16.70587150589685)",46.944,Significantly More
ENSG00000144591,"(8.342869227995239, 37.01943491446133)",41.4944,Significantly More
ENSG00000004897,"(16.79953936328235, 68.10319401906602)",15.11,Significantly Less
ENSG00000112305,"(15.793646873222098, 35.41102954516627)",7.6153,Significantly Less
ENSG00000159111,"(9.001378797984664, 43.1258575678494)",52.9327,Significantly More
ENSG00000178057,"(24.901850802091403, 71.77468656088575)",135.8204,Significantly More
ENSG00000168216,"(13.232223659530156, 58.57392053898)",7.2666,Significantly Less
ENSG00000151929,"(-13.976154648988896, 62.481676561422404)",76.0068,Significantly More
ENSG00000108559,"(3.838253430958032, 16.319357960731715)",30.285,Significantly More
ENSG00000111602,"(-0.9050450268474801, 16.150207182461223)",36.0184,Significantly More
ENSG00000178127,"(25.253519397063314, 148.75472877765097)",0.9453,Significantly Less
ENSG00000130725,"(48.06449447495035, 107.60498193062577)",170.5522,Significantly More
ENSG00000153989,"(2.9657180377898955, 12.901796079110479)",14.8044,Significantly More
ENSG00000270299,"(1.6506693202599152, 17.378027247353838)",0.0,Significantly Less
ENSG00000165097,"(4.235910946262253, 15.841429628588985)",18.4577,Significantly More
ENSG00000204351,"(5.285135306456045, 14.131363062027333)",30.2913,Significantly More
ENSG00000125810,"(-1.9186200715745745, 15.484033247881586)",17.2611,Significantly More
ENSG00000158526,"(4.155160219115652, 13.755884107748164)",60.3949,Significantly More
ENSG00000000419,"(4.208027310050989, 33.01050199155085)",88.175,Significantly More
ENSG00000005020,"(57.811160606211516, 155.73250983975657)",9.673,Significantly Less
ENSG00000109519,"(6.738887184114553, 21.84189175932261)",53.7558,Significantly More
ENSG00000184752,"(21.661623240630817, 105.63984544764905)",120.816,Significantly More
ENSG00000185658,"(9.543711177581809, 35.84762256072082)",5.1439,Significantly Less
ENSG00000153936,"(3.4511137079733327, 10.891192189047516)",14.0272,Significantly More
ENSG00000138081,"(8.930244122254797, 21.489564519338842)",6.8019,Significantly Less
ENSG00000175662,"(28.768729915667222, 98.03993921169132)",23.4086,Significantly Less
ENSG00000172977,"(39.5218216422352, 92.02604107593203)",11.2293,Significantly Less
ENSG00000070423,"(8.377506802890249, 38.24922100737466)",45.1105,Significantly More
ENSG00000148218,"(61.76381828158199, 175.28553189900504)",21.5527,Significantly Less
ENSG00000173456,"(6.657349872515271, 23.427399718086292)",38.7294,Significantly More
ENSG00000250021,"(47.08974053294179, 192.11974231282275)",0.0,Significantly Less
ENSG00000170835,"(-2.2122086829691074, 3.3378113065597095)",152.6421,Significantly More
ENSG00000015475,"(1.5141069844175696, 33.60771268893535)",36.9023,Significantly More
ENSG00000093167,"(44.476422323920445, 141.55670971666768)",10.126,Significantly Less
ENSG00000166526,"(20.678321259671883, 58.53549556363824)",14.063,Significantly Less
ENSG00000165997,"(0.9845868607903636, 6.927662467665993)",22.2441,Significantly More
ENSG00000136045,"(12.0848348549202, 55.547281749731)",75.1046,Significantly More
ENSG00000078699,"(0.9266583377162343, 9.548545181741215)",15.1751,Significantly More
ENSG00000163975,"(-6.277264242768883, 18.598628852145477)",21.7841,Significantly More
ENSG00000140365,"(31.259066198678113, 75.71817893288093)",29.1066,Significantly Less
ENSG00000071189,"(16.100581870002184, 51.675046152453774)",5.353,Significantly Less
ENSG00000102921,"(54.799038773534114, 142.69957306977426)",15.5186,Significantly Less
ENSG00000165525,"(30.529972922743287, 83.9173706550679)",5.5505,Significantly Less
ENSG00000273841,"(3.191927564517851, 43.32873296728465)",62.2022,Significantly More
ENSG00000134759,"(19.59329601245509, 99.07359115937254)",7.919,Significantly Less
ENSG00000255717,"(-1.5952314386257775, 21.595914216452364)",44.3886,Significantly More
ENSG00000138032,"(18.819923246313024, 46.051288208663934)",8.1261,Significantly Less
ENSG00000110711,"(11.884000951998054, 56.41624870445636)",79.8821,Significantly More
ENSG00000108587,"(29.712175702921343, 69.18269512075251)",10.9064,Significantly Less
ENSG00000169188,"(10.417917557905824, 22.44182925049499)",80.4696,Significantly More
ENSG00000139579,"(10.079151094798135, 36.699418414045226)",88.0098,Significantly More
ENSG00000068400,"(6.161062990182947, 17.251823256899847)",25.0987,Significantly More
ENSG00000155959,"(4.684439886663249, 45.95346417054607)",75.3734,Significantly More
ENSG00000117691,"(5.315478185292342, 66.73279844872513)",149.1963,Significantly More
ENSG00000167173,"(4.659668737724763, 25.239403762819805)",38.3162,Significantly More
ENSG00000142677,"(-7.200996027651126, 40.69081260419071)",54.7975,Significantly More
ENSG00000028203,"(33.293521805390284, 95.76071334474331)",13.0695,Significantly Less
ENSG00000131462,"(1.3400656424497335, 26.659783639527294)",52.3357,Significantly More
ENSG00000157184,"(10.957026118601881, 58.944479814912974)",7.3513,Significantly Less
ENSG00000050748,"(18.28951605493328, 35.94466918832302)",12.6085,Significantly Less
ENSG00000140396,"(39.623302691330096, 117.99568440342789)",10.603,Significantly Less
ENSG00000172216,"(-2.4803953436879613, 23.726206031611255)",88.9398,Significantly More
ENSG00000103507,"(14.623154961219026, 32.82405605715097)",56.3597,Significantly More
ENSG00000139343,"(4.609474071607149, 49.58877519597657)",134.6466,Significantly More
ENSG00000170653,"(8.007521687827825, 112.62181882021568)",7.9102,Significantly Less
ENSG00000168256,"(27.133895435809066, 50.20651101519063)",19.0574,Significantly Less
ENSG00000160218,"(32.291241658805774, 136.65590151718928)",6.5087,Significantly Less
ENSG00000134283,"(11.946900305102615, 33.15198128613904)",11.6703,Significantly Less
ENSG00000115107,"(-3.1184116332058807, 31.15830190915772)",57.7279,Significantly More
ENSG00000077454,"(12.138975631222607, 53.35407537385403)",3.8762,Significantly Less
ENSG00000114126,"(17.223944074635618, 100.8467397472156)",8.9457,Significantly Less
ENSG00000156304,"(3.649216520496454, 18.69274184722829)",31.6021,Significantly More
ENSG00000087586,"(-0.7651701971739753, 15.246523468604831)",58.7953,Significantly More
ENSG00000206560,"(14.435362999432058, 41.82503822349609)",9.9197,Significantly Less
ENSG00000254505,"(31.929641844981937, 94.71189637614262)",0.708,Significantly Less
ENSG00000119977,"(9.570450048369075, 29.876982459704884)",33.2082,Significantly More
ENSG00000067900,"(17.055485691119912, 148.08988176022615)",8.6977,Significantly Less
ENSG00000204604,"(10.391718131076836, 100.20351412221524)",8.6524,Significantly Less
ENSG00000197976,"(1.5489274125540344, 16.725487471335228)",64.0025,Significantly More
ENSG00000170632,"(2.730001511500153, 14.811668067155367)",20.2973,Significantly More
ENSG00000148187,"(13.664923396966742, 43.66733816194133)",13.3056,Significantly Less
ENSG00000141858,"(19.17232158300697, 70.04783465666787)",87.8863,Significantly More
ENSG00000120875,"(-0.5769013176136766, 2.489434393808049)",14.1357,Significantly More
ENSG00000126062,"(15.261682014686864, 34.13648003960335)",60.2415,Significantly More
ENSG00000215375,"(24.400945132221757, 105.71134638586369)",8.0538,Significantly Less
ENSG00000090686,"(29.307808430186178, 83.59553744398406)",14.3334,Significantly Less
ENSG00000116580,"(7.536441721185742, 37.91827010749239)",5.593,Significantly Less
ENSG00000141380,"(37.11695843036294, 103.47546372943238)",12.9793,Significantly Less
ENSG00000136811,"(2.430730027949272, 19.72372163891376)",20.9626,Significantly More
ENSG00000014919,"(9.90386348003506, 21.967250620528297)",22.547,Significantly More
ENSG00000198162,"(19.07336620506969, 86.78473113793484)",8.9665,Significantly Less
ENSG00000187608,"(-79.40279618910506, 181.64289185603485)",275.7605,Significantly More
ENSG00000173889,"(16.380757302964586, 77.73550082797378)",6.6022,Significantly Less
ENSG00000066455,"(31.52599039232124, 86.32750135704589)",27.9857,Significantly Less
ENSG00000086589,"(31.69387921856047, 61.061416266702594)",31.3933,Significantly Less
ENSG00000136875,"(3.3654244068112735, 13.723560151650494)",35.2129,Significantly More
ENSG00000110046,"(3.6970570485690573, 22.66085072297359)",24.3258,Significantly More
ENSG00000168002,"(9.694867721186377, 59.87356071323915)",94.078,Significantly More
ENSG00000151726,"(-10.386364985536005, 28.225140075454433)",32.1449,Significantly More
ENSG00000088812,"(-0.6878312797673534, 16.259678026591722)",16.5167,Significantly More
ENSG00000136908,"(12.897859215262123, 41.05944013694115)",72.091,Significantly More
ENSG00000100422,"(19.959769543194206, 96.14624260792198)",13.6681,Significantly Less
ENSG00000253797,"(4.690647293484398, 9.67759763045952)",0.0,Significantly Less
ENSG00000101464,"(14.63227672970187, 42.920211982086585)",62.3703,Significantly More
ENSG00000198265,"(15.683086940614814, 88.91480229481998)",7.1528,Significantly Less
ENSG00000183337,"(0.6029512225901383, 9.864188101083894)",14.5572,Significantly More
ENSG00000235173,"(7.982401269404772, 44.21314065468624)",93.3271,Significantly More
ENSG00000139517,"(3.3769560609495812, 12.746291591898121)",15.873,Significantly More
ENSG00000088808,"(47.4604260218228, 93.49680505225257)",12.8811,Significantly Less
ENSG00000152061,"(12.704012464248297, 39.15396865481482)",5.8907,Significantly Less
ENSG00000005882,"(9.924552225991022, 248.21512741457735)",9.5061,Significantly Less
ENSG00000139625,"(28.177234520731652, 84.14365900062566)",1.8912,Significantly Less
ENSG00000169446,"(8.677056790561727, 19.960166415061643)",35.8921,Significantly More
ENSG00000166716,"(4.150205287162434, 13.323768389391153)",17.2466,Significantly More
ENSG00000161526,"(32.90288052216724, 62.1110564901513)",17.4231,Significantly Less
ENSG00000224186,"(26.120222219891684, 64.75605747961214)",0.3627,Significantly Less
ENSG00000134779,"(13.155358520172022, 65.7657792126756)",8.8859,Significantly Less
ENSG00000185515,"(4.893414111476054, 18.162430509023203)",55.2344,Significantly More
ENSG00000126767,"(8.73931825874751, 23.60646264050642)",53.3691,Significantly More
ENSG00000124356,"(3.822488999326452, 9.037846063657167)",11.2658,Significantly More
ENSG00000145685,"(31.295155797028897, 136.33349369825277)",11.3197,Significantly Less
ENSG00000131778,"(6.64904797440166, 16.517046717527787)",0.8762,Significantly Less
ENSG00000132388,"(33.40316020798678, 82.05554470068114)",29.7575,Significantly Less
ENSG00000102710,"(9.248292361083571, 31.36447081506237)",6.5494,Significantly Less
ENSG00000183579,"(0.444522636241925, 9.244021576002535)",22.8633,Significantly More
ENSG00000145715,"(4.451946665167108, 14.244204396407621)",15.9756,Significantly More
ENSG00000170871,"(17.857383613590358, 145.11777864839058)",13.5333,Significantly Less
ENSG00000038210,"(4.777758355458652, 20.148581472375795)",24.6676,Significantly More
ENSG00000179456,"(2.328598440005742, 9.558068213447065)",12.1184,Significantly More
ENSG00000035928,"(20.040710709483115, 86.49272395834336)",15.1218,Significantly Less
ENSG00000117758,"(58.27310297483073, 145.55534104484622)",25.5409,Significantly Less
ENSG00000188761,"(26.387020513688498, 312.21276188344916)",25.6742,Significantly Less
ENSG00000047249,"(37.333837471126, 84.95130982275774)",33.4336,Significantly Less
ENSG00000101194,"(-6.211003966026117, 14.928737345512353)",71.909,Significantly More
ENSG00000065268,"(6.031838855987658, 41.63509746642217)",84.2544,Significantly More
ENSG00000237649,"(-5.77890728056304, 58.37924108949897)",62.3385,Significantly More
ENSG00000188342,"(6.069402523029721, 26.811719309361777)",32.2133,Significantly More
ENSG00000136051,"(25.435965415833177, 81.18633209808749)",19.4556,Significantly Less
ENSG00000163558,"(36.06596932672521, 96.72740699973728)",15.393,Significantly Less
ENSG00000099810,"(7.651859695599871, 46.67165843434151)",7.4611,Significantly Less
ENSG00000204231,"(12.116896337849177, 31.78300528220072)",34.0795,Significantly More
ENSG00000106683,"(2.8228576354611423, 18.527981410593718)",23.4752,Significantly More
ENSG00000264324,"(4.2771490003875385, 12.352848644201355)",0.0,Significantly Less
ENSG00000103496,"(32.141189449930124, 57.94580776678063)",28.9226,Significantly Less
ENSG00000135457,"(8.512438196691372, 27.59660308548174)",41.2989,Significantly More
ENSG00000110330,"(26.51812436641866, 109.82336090362985)",18.8267,Significantly Less
ENSG00000174917,"(16.72869572360588, 116.60680966852013)",157.5989,Significantly More
ENSG00000197712,"(28.671617153382428, 106.1239233654566)",20.8279,Significantly Less
ENSG00000102931,"(12.994523890602231, 73.27371736206842)",1.6632,Significantly Less
ENSG00000087116,"(-2.2318853690916125, 7.021404208517881)",10.7615,Significantly More
ENSG00000183527,"(4.31754463005883, 38.904136024803805)",85.2504,Significantly More
ENSG00000155827,"(32.639498395940514, 101.92616584212078)",18.9879,Significantly Less
ENSG00000088992,"(-0.49492661021386253, 5.281862242615537)",30.4468,Significantly More
ENSG00000170801,"(-8.457693413508627, 24.909041015778605)",40.5595,Significantly More
ENSG00000249141,"(16.702765271641482, 95.28632061011703)",0.7537,Significantly Less
ENSG00000116266,"(36.30279698961289, 86.1103578026272)",17.2955,Significantly Less
ENSG00000196998,"(20.797673974873298, 63.73942311807287)",20.4702,Significantly Less
ENSG00000164068,"(26.79563248264954, 76.04911823333582)",14.142,Significantly Less
ENSG00000169410,"(65.53351754258954, 134.24365323715182)",11.0039,Significantly Less
ENSG00000176783,"(27.72643401317409, 60.29547678986276)",13.2328,Significantly Less
ENSG00000235027,"(5.32659418266844, 68.71100828704834)",0.5237,Significantly Less
ENSG00000053770,"(42.26568487265836, 115.25080690569919)",8.719,Significantly Less
ENSG00000110536,"(8.387250800790996, 31.377992077806816)",6.9321,Significantly Less
ENSG00000178988,"(7.146722136441241, 34.81633338714376)",46.0248,Significantly More
ENSG00000062822,"(1.4419590918452325, 11.840514753448522)",53.1005,Significantly More
ENSG00000100330,"(49.98753156992471, 137.8333457399027)",1.4479,Significantly Less
ENSG00000165704,"(-0.5941701805459729, 65.26409103717083)",83.9768,Significantly More
ENSG00000143256,"(13.85247085103967, 67.41676889562756)",206.0934,Significantly More
ENSG00000113312,"(13.095528148044025, 46.336963708022225)",73.7399,Significantly More
ENSG00000213186,"(8.397722531404682, 58.078647292214455)",3.8544,Significantly Less
ENSG00000139718,"(1.0087238890280652, 9.432680274649368)",26.0552,Significantly More
ENSG00000119812,"(3.480256845348948, 15.583519683142562)",28.2861,Significantly More
ENSG00000214655,"(16.088728039290324, 89.38517963686832)",12.624,Significantly Less
ENSG00000136824,"(-0.3705258966805127, 11.305438906057624)",17.8007,Significantly More
ENSG00000084112,"(16.82719984937728, 115.75477740644726)",10.3173,Significantly Less
ENSG00000179041,"(-0.9665203427328972, 19.588371992578658)",100.79,Significantly More
ENSG00000198887,"(17.796418094936683, 92.27381609425771)",15.312,Significantly Less
ENSG00000120254,"(-3.953256634684042, 24.17471480598036)",38.0026,Significantly More
ENSG00000114796,"(16.214281201539478, 119.54715925665661)",7.8249,Significantly Less
ENSG00000197971,"(46.03737116119326, 144.34633278737175)",6.4951,Significantly Less
ENSG00000242028,"(2.1906024942288695, 16.548649041477994)",0.3295,Significantly Less
ENSG00000133935,"(3.3858858027895185, 23.983203768620484)",102.2739,Significantly More
ENSG00000178104,"(23.37426267245832, 87.20143023905348)",2.4176,Significantly Less
ENSG00000161956,"(20.845024057097696, 83.65131183751419)",12.8534,Significantly Less
ENSG00000117480,"(6.383870926632284, 79.23504763427252)",79.6346,Significantly More
ENSG00000089902,"(42.28355819637059, 181.0972807507889)",24.0991,Significantly Less
ENSG00000173517,"(36.441915596083504, 157.97981775924632)",4.5129,Significantly Less
ENSG00000113300,"(26.45134024131761, 70.26196190516195)",20.2311,Significantly Less
ENSG00000125633,"(35.912930940860136, 128.60559396857633)",14.4298,Significantly Less
ENSG00000213988,"(1.0568339013002834, 27.603114029782116)",0.1486,Significantly Less
ENSG00000182512,"(25.974422943046182, 54.82657995603478)",63.6949,Significantly More
ENSG00000107175,"(9.873984698225701, 52.40939769809843)",62.2349,Significantly More
ENSG00000163082,"(1.5950982945931784, 23.76364194578197)",28.3463,Significantly More
ENSG00000198642,"(4.046943916376669, 10.289122801305146)",17.5433,Significantly More
ENSG00000182173,"(5.815720745111731, 19.9184807934926)",51.3899,Significantly More
ENSG00000148331,"(4.377194805585102, 7.923409747374169)",18.1666,Significantly More
ENSG00000244649,"(-0.7353963982948102, 44.37375283011216)",50.9522,Significantly More
ENSG00000168938,"(23.71587167678267, 60.43007390045939)",19.4045,Significantly Less
ENSG00000171566,"(30.09765646503535, 75.46876790133848)",24.7988,Significantly Less
ENSG00000179335,"(27.82786760719518, 77.08481771537456)",7.8017,Significantly Less
ENSG00000117593,"(2.577461066405446, 17.841381852979538)",20.8089,Significantly More
ENSG00000109756,"(13.008100808318083, 110.93496276293638)",10.152,Significantly Less
ENSG00000163874,"(-18.424198252186905, 48.62808659047236)",143.919,Significantly More
ENSG00000108509,"(37.75713938391877, 111.27627663595351)",20.7521,Significantly Less
ENSG00000122026,"(5.291318502014569, 27.698232774182024)",274.9502,Significantly More
ENSG00000168894,"(13.645006221976573, 113.07673172966416)",123.1194,Significantly More
ENSG00000277258,"(10.72954134252338, 36.65033957985288)",7.4729,Significantly Less
ENSG00000117751,"(4.199615262306434, 26.54960290824278)",41.1809,Significantly More
ENSG00000160746,"(43.66169811817173, 198.8486841345005)",14.6326,Significantly Less
ENSG00000256566,"(2.59103587045664, 46.95738409411588)",0.0,Significantly Less
ENSG00000137033,"(-17.264081482358044, 33.4220023577128)",83.6452,Significantly More
ENSG00000047932,"(4.34814577155378, 13.903549549102257)",15.2441,Significantly More
ENSG00000085978,"(23.335406649568455, 46.46557117697043)",21.2147,Significantly Less
ENSG00000079462,"(4.1346490339246635, 42.996708530728654)",140.7607,Significantly More
ENSG00000076513,"(30.534779574809832, 104.9574010472971)",13.6185,Significantly Less
ENSG00000125875,"(6.343805248704615, 14.029297207811599)",30.7139,Significantly More
ENSG00000143437,"(41.89870182285117, 105.78689264856368)",12.0167,Significantly Less
ENSG00000204070,"(24.202605422889157, 57.03652253701407)",17.3107,Significantly Less
ENSG00000125484,"(2.1891902379225554, 8.696974345730535)",11.8717,Significantly More
ENSG00000233927,"(-11.598958378246483, 55.55348122384201)",614.2983,Significantly More
ENSG00000133895,"(3.945132063914725, 16.504866063178305)",33.8499,Significantly More
ENSG00000100105,"(1.5218577980208048, 14.276822843500764)",27.4132,Significantly More
ENSG00000110104,"(0.48044141502032645, 19.121454261706514)",32.2964,Significantly More
ENSG00000111335,"(-6.285302399873104, 18.228328007641895)",20.4076,Significantly More
ENSG00000048649,"(20.82457270550966, 78.2630691548612)",5.143,Significantly Less
ENSG00000052795,"(9.800186892311736, 83.75321076015157)",9.3899,Significantly Less
ENSG00000198142,"(2.7270141511386257, 17.82714913345512)",37.141,Significantly More
ENSG00000140455,"(22.88274006566743, 56.31470747643918)",12.7176,Significantly Less
ENSG00000102359,"(0.790077996752558, 26.4273454894169)",49.0152,Significantly More
ENSG00000234771,"(0.4072850906317189, 15.196836570851394)",27.9274,Significantly More
ENSG00000137822,"(7.475933431020376, 68.93712932628638)",5.1954,Significantly Less
ENSG00000141965,"(2.0693402893019104, 5.794205674743543)",0.7427,Significantly Less
ENSG00000156875,"(3.526111469091653, 39.608213665568364)",1.1773,Significantly Less
ENSG00000175931,"(4.037680478232538, 20.41692843267854)",26.5153,Significantly More
ENSG00000160688,"(9.095393635459313, 36.262165045820225)",36.8709,Significantly More
ENSG00000147669,"(-4.0091373473632785, 59.628808140535426)",61.6323,Significantly More
ENSG00000138835,"(21.196375412195206, 48.87658993371157)",8.9182,Significantly Less
ENSG00000100554,"(43.446627722791135, 126.60857712952304)",21.8293,Significantly Less
ENSG00000119411,"(-0.09114682105362526, 25.994648101149544)",43.6321,Significantly More
ENSG00000141644,"(15.46155710700177, 33.314230737372796)",13.924,Significantly Less
ENSG00000119725,"(6.508081553027736, 57.382529414804694)",0.2553,Significantly Less
ENSG00000144597,"(16.407541758437528, 43.10595319973605)",13.9108,Significantly Less
ENSG00000171135,"(12.95687414429436, 42.46456039800109)",93.8884,Significantly More
ENSG00000103740,"(23.077669427340595, 152.75447469699583)",0.1295,Significantly Less
ENSG00000034677,"(45.78942867546655, 117.66060792052525)",12.1587,Significantly Less
ENSG00000164609,"(42.609016089350334, 95.74434666947535)",18.2704,Significantly Less
ENSG00000105011,"(-6.711856798462602, 58.43627396103611)",78.453,Significantly More
ENSG00000173166,"(5.4191087168514365, 40.56760334726664)",0.5577,Significantly Less
ENSG00000165689,"(5.7309022266086025, 46.75545194532569)",57.0224,Significantly More
ENSG00000117419,"(9.006441013612907, 55.487302657518406)",60.4069,Significantly More
ENSG00000103089,"(4.078583515749791, 60.170085636975095)",112.5888,Significantly More
ENSG00000167513,"(-1.7597363185266879, 44.827548128565965)",83.1292,Significantly More
ENSG00000197329,"(28.288179067647263, 102.17801428305162)",15.5869,Significantly Less
ENSG00000148335,"(6.905294508441251, 26.355170809370385)",27.9823,Significantly More
ENSG00000131748,"(27.61064779789983, 69.23404513529455)",18.3153,Significantly Less
ENSG00000048544,"(2.955428498363263, 24.50937701012689)",39.4813,Significantly More
ENSG00000153207,"(1.594564718478569, 5.404442834336845)",9.8987,Significantly More
ENSG00000223572,"(17.189637736870296, 145.39211537894488)",16.2852,Significantly Less
ENSG00000144320,"(35.76041821513603, 118.31371498648691)",9.4123,Significantly Less
ENSG00000170265,"(10.638976154527864, 34.62994475783643)",36.9151,Significantly More
ENSG00000135823,"(3.2201277434204005, 7.661155247090129)",15.2446,Significantly More
ENSG00000108061,"(9.36642281465625, 19.823167008377162)",20.572,Significantly More
ENSG00000170860,"(2.6871222674844297, 17.187028426805693)",35.1398,Significantly More
ENSG00000060718,"(-0.1389427602072086, 0.4000310645679448)",5.0907,Significantly More
ENSG00000066136,"(26.479963783849737, 49.4310367165955)",20.6868,Significantly Less
ENSG00000147400,"(-15.418358956720809, 58.166304005817594)",79.168,Significantly More
ENSG00000163041,"(14.00603002292609, 52.41858004862542)",7.1709,Significantly Less
ENSG00000068438,"(6.515406750791289, 38.58993959932678)",72.9589,Significantly More
ENSG00000111110,"(2.669596419408567, 25.2261847057071)",37.8971,Significantly More
ENSG00000112406,"(2.8241201376120557, 14.864128779315578)",16.3402,Significantly More
ENSG00000133983,"(27.417623719574195, 130.49437358296245)",8.4928,Significantly Less
ENSG00000070367,"(17.341203293743565, 77.60347048374419)",7.796,Significantly Less
ENSG00000088298,"(6.497304398591698, 27.41087003844253)",75.7734,Significantly More
ENSG00000146670,"(-5.631001388329452, 40.30704444097477)",46.8354,Significantly More
ENSG00000138160,"(-1.102603244756382, 8.479047137670543)",21.3289,Significantly More
ENSG00000114742,"(27.92944428977036, 70.52077310037366)",15.4519,Significantly Less
ENSG00000121905,"(6.917345355129896, 296.3563733332518)",0.614,Significantly Less
ENSG00000135655,"(22.101567074886333, 89.63118092629234)",6.2339,Significantly Less
ENSG00000138802,"(6.485649370127488, 13.730437558754923)",22.9341,Significantly More
ENSG00000100425,"(4.829902204094334, 16.271628144018685)",22.4703,Significantly More
ENSG00000083642,"(10.936480065169835, 46.978076312083346)",5.0184,Significantly Less
ENSG00000107669,"(6.01201536608896, 12.700794495472149)",21.1073,Significantly More
ENSG00000186834,"(6.605454922282695, 22.85481488675361)",39.1734,Significantly More
ENSG00000146281,"(-0.44323438187288566, 10.610174259559685)",23.8797,Significantly More
ENSG00000228300,"(13.026960778859582, 48.47088335869918)",102.2719,Significantly More
ENSG00000110801,"(9.445983134672534, 40.64761948307637)",4.2614,Significantly Less
ENSG00000182154,"(14.348856118907584, 136.56277722127766)",422.4535,Significantly More
ENSG00000094914,"(7.052617588924894, 24.960176432985733)",50.0363,Significantly More
ENSG00000121578,"(31.540961179446143, 127.05794133393236)",10.8293,Significantly Less
ENSG00000137055,"(24.713210377872162, 56.77284649226672)",20.5912,Significantly Less
ENSG00000138286,"(11.018668238034286, 33.31193434273832)",4.1295,Significantly Less
ENSG00000130305,"(6.650111503508351, 16.82493723919996)",33.822,Significantly More
ENSG00000134330,"(11.007923059890729, 62.60916732720577)",9.2987,Significantly Less
ENSG00000253710,"(3.5683739811161255, 9.482289620848544)",0.9611,Significantly Less
ENSG00000156697,"(2.053932370227625, 11.022685814014014)",40.6467,Significantly More
ENSG00000135966,"(2.4326030048003173, 7.879457545446774)",23.8035,Significantly More
ENSG00000070018,"(13.91550488420691, 95.45494059017136)",12.9826,Significantly Less
ENSG00000099974,"(8.501516668372993, 45.67737806071635)",6.0985,Significantly Less
ENSG00000057757,"(12.115344699830638, 39.20840448734481)",82.0678,Significantly More
ENSG00000113460,"(-0.27721417912982993, 20.274458944592986)",20.5796,Significantly More
ENSG00000134077,"(20.01542070520181, 60.62471930278427)",13.3876,Significantly Less
ENSG00000160214,"(5.979611004104969, 27.710290894694786)",50.8163,Significantly More
ENSG00000151461,"(2.2186866510877135, 10.672918912009381)",18.2762,Significantly More
ENSG00000084092,"(3.883771766220221, 25.66267817881669)",52.9449,Significantly More
ENSG00000008128,"(14.387323469375623, 63.16885160309271)",2.8163,Significantly Less
ENSG00000122641,"(-0.7085732923753076, 1.546071585825355)",7.4063,Significantly More
ENSG00000163848,"(8.363106240259427, 16.45588910181124)",7.4095,Significantly Less
ENSG00000163734,"(-16.28700404447985, 28.17318042130298)",140.4886,Significantly More
ENSG00000177646,"(6.163030923860092, 17.96454960732696)",34.4206,Significantly More
ENSG00000174953,"(19.419509610493858, 63.18316076666321)",7.4716,Significantly Less
ENSG00000107719,"(-1.8330658633474726, 6.682580121276823)",45.7145,Significantly More
ENSG00000100426,"(1.7073928979749864, 7.3184535134525435)",23.8378,Significantly More
ENSG00000112339,"(10.644951742620009, 35.11695760288689)",8.3499,Significantly Less
ENSG00000161618,"(3.928299429469188, 27.77731398134464)",53.512,Significantly More
ENSG00000139832,"(8.291544579693703, 37.205206586926465)",81.4252,Significantly More
ENSG00000013561,"(29.809051892333557, 115.97376514764822)",18.3145,Significantly Less
ENSG00000148154,"(21.385505163737022, 149.4881045282841)",17.8242,Significantly Less
ENSG00000154582,"(1.0054782198718701, 24.08408726269311)",35.0744,Significantly More
ENSG00000134690,"(-0.5608275115551722, 16.360586733415772)",63.469,Significantly More
ENSG00000132688,"(-2.7049311727943657, 12.899903108892675)",26.6406,Significantly More
ENSG00000125447,"(22.594304815352512, 70.08799137010092)",17.9721,Significantly Less
ENSG00000105552,"(7.645106308190805, 57.93425934414664)",87.839,Significantly More
ENSG00000158623,"(2.483277218230012, 13.822197699595772)",18.3926,Significantly More
ENSG00000101343,"(4.366162907405732, 9.52991291871365)",21.5211,Significantly More
ENSG00000104915,"(13.314184915496245, 40.3537939048162)",88.5511,Significantly More
ENSG00000272822,"(31.252735615406337, 143.25586928053343)",0.0,Significantly Less
ENSG00000157827,"(1.0672935167639341, 10.504024037408412)",14.6986,Significantly More
ENSG00000001461,"(15.576544938284828, 47.035263295792326)",12.1451,Significantly Less
ENSG00000156273,"(17.358020799299908, 83.87694746669517)",12.1132,Significantly Less
ENSG00000204392,"(-0.14914570573147046, 62.16191370446779)",140.7824,Significantly More
ENSG00000198435,"(-3.3152419950131637, 50.177243910158126)",120.0951,Significantly More
ENSG00000099381,"(2.7387541878784827, 13.870291745762449)",25.7159,Significantly More
ENSG00000168763,"(3.2331349105073777, 19.2720276259954)",23.046,Significantly More
ENSG00000198399,"(14.72936769214498, 41.66654007252451)",5.7784,Significantly Less
ENSG00000092439,"(18.34074446799609, 70.55877134803906)",7.3669,Significantly Less
ENSG00000007520,"(24.619618453270988, 51.14072431509672)",114.2436,Significantly More
ENSG00000269403,"(40.08560138991415, 124.60578010848346)",0.0,Significantly Less
ENSG00000163159,"(16.029484411520492, 43.95978843168962)",61.8231,Significantly More
ENSG00000158480,"(2.484377116817871, 14.18429509000482)",29.7559,Significantly More
ENSG00000139291,"(21.081187762855464, 120.70218976199926)",11.1424,Significantly Less
ENSG00000198324,"(-2.915070973006003, 30.072131420241462)",91.6321,Significantly More
ENSG00000173065,"(4.273261938196234, 13.729926969431443)",17.3329,Significantly More
ENSG00000041988,"(23.575354054041437, 67.10386731971529)",8.3666,Significantly Less
ENSG00000123179,"(5.520664254980996, 36.49761266398059)",93.1538,Significantly More
ENSG00000146085,"(7.123388219450122, 22.02672177421153)",22.5467,Significantly More
ENSG00000168393,"(-2.2188083806818817, 44.61980368034504)",60.0725,Significantly More
ENSG00000168884,"(25.836560747787583, 55.13578399331321)",67.9838,Significantly More
ENSG00000064545,"(6.8421735263388435, 37.228435943951354)",55.8696,Significantly More
ENSG00000134996,"(16.325333183091033, 51.419431768196404)",67.2098,Significantly More
ENSG00000196781,"(21.42068318174939, 112.15982755353897)",9.3482,Significantly Less
ENSG00000139651,"(15.155218240852328, 91.28587310454355)",12.6621,Significantly Less
ENSG00000135597,"(18.72650635885496, 49.87970626444002)",12.1985,Significantly Less
ENSG00000136159,"(4.790816577515084, 23.339023728153794)",53.7492,Significantly More
ENSG00000104907,"(8.020706078638632, 45.28565735368618)",63.6775,Significantly More
ENSG00000146109,"(2.887008619837868, 16.613283539406744)",45.7926,Significantly More
ENSG00000111911,"(4.448854000944522, 17.4697283188042)",24.1648,Significantly More
ENSG00000146918,"(-0.957903783261739, 10.89767938936389)",13.9183,Significantly More
ENSG00000136827,"(14.829876127628994, 28.89747343623302)",30.8054,Significantly More
ENSG00000178425,"(19.259413397534924, 59.733466606945555)",11.0373,Significantly Less
ENSG00000115652,"(20.5136359834287, 59.791723075479695)",18.3358,Significantly Less
ENSG00000101407,"(2.9208629182466277, 11.897068542211652)",23.4615,Significantly More
ENSG00000174840,"(1.859797624078002, 9.039277356387437)",15.0191,Significantly More
ENSG00000133028,"(16.729873747394855, 46.9210339890445)",15.0176,Significantly Less
ENSG00000067113,"(44.49825987109013, 190.77174479655366)",26.4878,Significantly Less
ENSG00000075790,"(1.3284244708091606, 99.17697546277898)",0.2144,Significantly Less
ENSG00000149968,"(-14.074184410716468, 19.78086999709908)",71.064,Significantly More
ENSG00000044090,"(1.0482797842562368, 8.394421398090497)",15.0475,Significantly More
ENSG00000169359,"(6.609484464522936, 19.423907265774158)",4.6695,Significantly Less
ENSG00000092108,"(7.837803220232418, 29.720989178469395)",3.8915,Significantly Less
ENSG00000095261,"(24.705424239404163, 76.33461814198976)",23.3711,Significantly Less
ENSG00000136104,"(3.5689898347674927, 24.779768311452543)",2.5352,Significantly Less
ENSG00000074356,"(14.667408654210217, 76.53956345489466)",9.0632,Significantly Less
ENSG00000166974,"(26.841830086940497, 92.00312580864028)",11.6205,Significantly Less
ENSG00000267519,"(-0.716363789046, 2.258376701653799)",4.6057,Significantly More
ENSG00000155256,"(4.996254717360545, 26.96570690857552)",37.0391,Significantly More
ENSG00000148634,"(8.347988814447122, 20.55704171700264)",6.0967,Significantly Less
ENSG00000084070,"(4.623127023507749, 33.6292655166773)",33.9923,Significantly More
ENSG00000184916,"(-2.132808911571016, 11.604614227189277)",46.4307,Significantly More
ENSG00000070882,"(0.3467556399600604, 7.29400433956404)",10.8648,Significantly More
ENSG00000150990,"(2.225037827816686, 11.929505086371382)",38.0563,Significantly More
ENSG00000047230,"(3.1243522029752895, 8.698589830348224)",26.4645,Significantly More
ENSG00000109118,"(12.557189597451185, 75.16239611082787)",7.3604,Significantly Less
ENSG00000143862,"(11.527034808037019, 37.96276981124622)",44.5752,Significantly More
ENSG00000093100,"(2.1385009980623444, 21.72085366997743)",0.0348,Significantly Less
ENSG00000139433,"(52.40198218464413, 137.50495210107937)",39.9649,Significantly Less
ENSG00000118960,"(8.81212399539703, 43.49692275284265)",8.1326,Significantly Less
ENSG00000258315,"(15.717661267536133, 62.18184166083297)",1.0899,Significantly Less
ENSG00000197961,"(0.10351764376129768, 3.2254965178400363)",21.7611,Significantly More
ENSG00000113163,"(10.125403542267877, 28.310305349850005)",5.6795,Significantly Less
ENSG00000163291,"(17.40380607064565, 61.226060569152345)",2.5645,Significantly Less
ENSG00000085982,"(17.025765364141808, 62.580959712654035)",9.3461,Significantly Less
ENSG00000168487,"(5.584287576162389, 27.223279716993822)",29.0743,Significantly More
ENSG00000135074,"(-1.9357746095916895, 16.313592963178152)",19.2934,Significantly More
ENSG00000099949,"(6.660722063442517, 56.655142044204126)",6.1529,Significantly Less
ENSG00000176715,"(15.308553748072313, 71.66196170942257)",11.3771,Significantly Less
ENSG00000173621,"(-3.3449393400934095, 27.657786875424897)",28.8602,Significantly More
ENSG00000177192,"(1.504755785424301, 31.74865579538644)",64.2225,Significantly More
ENSG00000143373,"(5.650616507001937, 16.366035052653366)",19.2367,Significantly More
ENSG00000084072,"(12.506359239317419, 52.303240946404046)",9.7029,Significantly Less
ENSG00000102870,"(1.993414090973034, 7.849307102144366)",15.9346,Significantly More
ENSG00000092098,"(14.141872160180172, 37.18641688435248)",0.3876,Significantly Less
ENSG00000173545,"(8.52945359519697, 36.83697762554503)",87.5161,Significantly More
ENSG00000159579,"(28.41062682813542, 66.95409200837794)",13.6364,Significantly Less
ENSG00000143379,"(13.621584206010755, 44.6458965097426)",9.2238,Significantly Less
ENSG00000125821,"(1.314381974108148, 7.561982013252582)",15.3895,Significantly More
ENSG00000126903,"(10.859315892620039, 22.09900583051136)",86.141,Significantly More
ENSG00000165417,"(15.00215541526553, 34.569416060608404)",12.8972,Significantly Less
ENSG00000156531,"(1.4685842280540755, 7.1996160926715)",15.535,Significantly More
ENSG00000173273,"(14.008561568651118, 71.713037667589)",9.8812,Significantly Less
ENSG00000171155,"(4.232862331136502, 31.48062675369787)",89.0473,Significantly More
ENSG00000240682,"(17.591648971474356, 43.279005186285836)",11.9912,Significantly Less
ENSG00000164695,"(0.3174606964126472, 24.26271653750775)",50.3846,Significantly More
ENSG00000166801,"(1.7255079612668833, 12.87303488991523)",14.5089,Significantly More
ENSG00000122482,"(20.578784147928296, 57.291179407068775)",11.9939,Significantly Less
ENSG00000145725,"(11.655806435980317, 65.25030089628777)",4.5914,Significantly Less
ENSG00000143499,"(3.279270388464237, 20.1438196540112)",23.3104,Significantly More
ENSG00000107338,"(0.5103625610955258, 5.116143482760705)",11.4902,Significantly More
ENSG00000274272,"(2.5022335234170754, 12.210420810885877)",0.2055,Significantly Less
ENSG00000100109,"(41.31491521733794, 85.59780479738328)",11.1757,Significantly Less
ENSG00000172613,"(19.42554983489159, 53.20413172386231)",10.9923,Significantly Less
ENSG00000169047,"(-5.439113013325938, 15.327080320362304)",21.9161,Significantly More
ENSG00000159423,"(-0.5433700490564339, 11.549073949038089)",113.5581,Significantly More
ENSG00000112651,"(19.762095816974934, 59.33407970702052)",12.1514,Significantly Less
ENSG00000114767,"(1.7655601869872513, 17.141491010045662)",106.0702,Significantly More
ENSG00000164329,"(31.816778516375514, 82.73235497297887)",18.6381,Significantly Less
ENSG00000072786,"(20.85227475332954, 127.75887338049321)",14.3898,Significantly Less
ENSG00000170608,"(0.42533757704141095, 63.65609758926497)",95.2271,Significantly More
ENSG00000115761,"(3.0761352255476213, 9.692664571606112)",24.4826,Significantly More
ENSG00000141424,"(0.13132106854797065, 16.48932726086499)",17.3954,Significantly More
ENSG00000174227,"(22.517364656124087, 64.19868490144435)",10.982,Significantly Less
ENSG00000112855,"(10.9725915563336, 25.958541998995514)",31.0492,Significantly More
ENSG00000111816,"(-0.39622128539920176, 7.092894287647041)",7.4341,Significantly More
ENSG00000140406,"(-0.3102239029823739, 13.393778019887632)",48.7619,Significantly More
ENSG00000118246,"(2.050756942703922, 15.041894122783743)",17.1152,Significantly More
ENSG00000166143,"(2.304421947681263, 214.19184001021404)",333.1381,Significantly More
ENSG00000267855,"(11.08330581819471, 95.71345700919562)",0.9747,Significantly Less
ENSG00000130311,"(41.20574933541955, 104.54288549925587)",25.8957,Significantly Less
ENSG00000138180,"(-6.468879309187832, 36.0184649780423)",37.5149,Significantly More
ENSG00000086712,"(1.8482040381457212, 6.177094856453244)",30.4877,Significantly More
ENSG00000084093,"(2.1918270346748403, 6.381878809716939)",8.6205,Significantly More
ENSG00000131966,"(24.54276920707707, 110.13267333103195)",17.803,Significantly Less
ENSG00000125798,"(-6.268301049384557, 17.20180309807524)",36.1482,Significantly More
ENSG00000145780,"(3.033419429700583, 14.210679387978008)",17.2259,Significantly More
ENSG00000136856,"(5.143211553229122, 38.53388747278218)",67.6595,Significantly More
ENSG00000035681,"(21.8297110920937, 71.52234268772236)",21.5736,Significantly Less
ENSG00000072803,"(29.538926724597566, 62.5627946636208)",16.9479,Significantly Less
ENSG00000067606,"(18.988339196193735, 94.99310833887442)",8.6589,Significantly Less
ENSG00000133812,"(4.266158602009529, 21.924383773818573)",3.1645,Significantly Less
ENSG00000147687,"(13.841836782831802, 74.5127155942759)",8.5501,Significantly Less
ENSG00000170035,"(32.295662406763284, 64.70712741344546)",27.2703,Significantly Less
ENSG00000135778,"(9.583421825748616, 77.61671646106389)",6.77,Significantly Less
ENSG00000167774,"(10.811891215561076, 89.9160366090583)",0.0,Significantly Less
ENSG00000160194,"(5.261772822854464, 16.545523677634748)",25.2195,Significantly More
ENSG00000160695,"(16.9592935697258, 40.802623871745844)",16.0274,Significantly Less
ENSG00000012963,"(52.58558102950526, 98.36017739402585)",23.671,Significantly Less
ENSG00000171109,"(21.060157517800903, 58.896700852370884)",16.3806,Significantly Less
ENSG00000111906,"(14.594219912096605, 83.58556182434548)",9.3705,Significantly Less
ENSG00000136720,"(23.558768838147543, 119.19367569467296)",12.5774,Significantly Less
ENSG00000161542,"(24.841905806565745, 50.19559377280349)",14.5451,Significantly Less
ENSG00000268575,"(2.6408130530242833, 10.579051830189515)",0.3562,Significantly Less
ENSG00000123297,"(11.909879576223762, 51.526824713091514)",2.7238,Significantly Less
ENSG00000168701,"(11.356770025407982, 59.030928573666145)",84.4418,Significantly More
ENSG00000102189,"(17.67775726612234, 70.66986444374064)",12.1043,Significantly Less
ENSG00000139637,"(13.091629813697729, 50.33296247974813)",0.603,Significantly Less
ENSG00000103091,"(18.897464565664656, 70.91588112589432)",14.2217,Significantly Less
ENSG00000135913,"(9.077694786498775, 99.90845070614074)",1.9656,Significantly Less
ENSG00000114127,"(11.453876143833398, 104.6482584922023)",6.668,Significantly Less
ENSG00000184292,"(-0.39678922246166515, 1.7847331455671718)",60.4643,Significantly More
ENSG00000102805,"(7.7227971091895835, 23.41046448423053)",0.4758,Significantly Less
ENSG00000114446,"(22.390402743679374, 98.45748039513356)",19.5543,Significantly Less
ENSG00000255730,"(15.15699344929946, 41.85247592309079)",0.0,Significantly Less
ENSG00000164403,"(-4.413129251516569, 49.74963459791013)",57.3638,Significantly More
ENSG00000197114,"(7.809002936349004, 18.80994313603665)",7.2409,Significantly Less
ENSG00000119523,"(5.741326596927025, 16.136406677965883)",40.6052,Significantly More
ENSG00000177200,"(17.736952033384803, 67.11803695480748)",3.8089,Significantly Less
ENSG00000157456,"(-1.0101600806645123, 34.55469934159152)",61.8757,Significantly More
ENSG00000108511,"(-5.363764005294346, 39.65281421070574)",74.3313,Significantly More
ENSG00000147383,"(2.0671906830733846, 20.25096968831964)",154.9006,Significantly More
ENSG00000143842,"(15.864182957587467, 78.91527272017339)",9.6502,Significantly Less
ENSG00000174807,"(-23.094037431690904, 57.26197595379338)",62.9933,Significantly More
ENSG00000149761,"(20.28353817295615, 94.19520078392685)",17.2178,Significantly Less
ENSG00000189180,"(2.8504544265282306, 10.632996599421116)",11.9447,Significantly More
ENSG00000100504,"(-3.820984373867784, 55.55345231854703)",70.8967,Significantly More
ENSG00000198060,"(26.63940813606018, 63.67494350163632)",23.257,Significantly Less
ENSG00000116731,"(21.33583050034388, 88.69363416960405)",8.4737,Significantly Less
ENSG00000134086,"(3.542820371489869, 15.877696907763712)",27.9914,Significantly More
ENSG00000198743,"(0.5366990583235056, 4.654357149905307)",8.8107,Significantly More
ENSG00000160957,"(-1.895321207818192, 23.75461442959577)",56.4411,Significantly More
ENSG00000143398,"(24.034271942308617, 72.4222048241298)",16.6784,Significantly Less
ENSG00000198874,"(19.827609019624134, 45.91441764193195)",9.6618,Significantly Less
ENSG00000275066,"(8.495432985506511, 25.847575850481505)",6.2445,Significantly Less
ENSG00000181029,"(6.21981576083995, 59.1211574004103)",0.5574,Significantly Less
ENSG00000178718,"(0.6190437669152526, 20.611418765696286)",118.9971,Significantly More
ENSG00000255439,"(3.7026976407429544, 78.24868509569737)",0.0,Significantly Less
ENSG00000280927,"(4.3995079577972085, 11.561494475686974)",2.25,Significantly Less
ENSG00000147130,"(0.47956403668290193, 8.84713267053157)",23.3008,Significantly More
ENSG00000086544,"(3.7332832297616036, 18.562873103083597)",51.7522,Significantly More
ENSG00000181104,"(0.7335549377526487, 15.321959157458883)",19.8111,Significantly More
ENSG00000135334,"(9.170514964016252, 36.1324930043405)",105.0843,Significantly More
ENSG00000122674,"(6.164476466452138, 17.222133436798487)",2.1565,Significantly Less
ENSG00000140548,"(28.48478384628485, 97.22730302052068)",19.9128,Significantly Less
ENSG00000069011,"(-4.289222891986981, 41.7952138214995)",45.5919,Significantly More
ENSG00000102786,"(17.233078305249514, 53.85263172788978)",2.1393,Significantly Less
ENSG00000134602,"(2.3235224552319558, 11.80599373528643)",42.3109,Significantly More
ENSG00000131323,"(2.1158685399652084, 8.846283122755256)",15.5475,Significantly More
ENSG00000116586,"(23.173658632659865, 82.33446176516442)",112.6306,Significantly More
ENSG00000162695,"(1.5732539638186234, 4.841798960768802)",12.6382,Significantly More
ENSG00000124532,"(2.8174861511454896, 17.61308125670162)",19.9703,Significantly More
ENSG00000105127,"(3.9881142135364116, 11.43350203118309)",32.3179,Significantly More
ENSG00000154710,"(10.83849681468366, 20.959318708899737)",0.8495,Significantly Less
ENSG00000185085,"(5.177856368084955, 12.989423000206811)",40.0156,Significantly More
ENSG00000004700,"(15.357587959585445, 59.126574655674204)",10.2519,Significantly Less
ENSG00000181649,"(-19.278292277693517, 49.29675724089174)",417.1752,Significantly More
ENSG00000119041,"(16.97944887345995, 52.8521809121254)",11.743,Significantly Less
ENSG00000117682,"(30.333908137409068, 111.31148248339728)",19.4078,Significantly Less
ENSG00000124406,"(12.158199816883638, 131.10504665586083)",2.7594,Significantly Less
ENSG00000154767,"(15.3388392633337, 59.814897525129055)",8.812,Significantly Less
ENSG00000139437,"(11.899011518458234, 34.92810747779248)",8.3915,Significantly Less
ENSG00000153707,"(0.21031782526951837, 10.433641530726453)",19.7487,Significantly More
ENSG00000126016,"(0.9021144396862457, 14.654363081465709)",25.769,Significantly More
ENSG00000105053,"(21.922959465478122, 61.08546299550496)",16.0519,Significantly Less
ENSG00000196588,"(17.423615309741912, 63.518993321418456)",16.0875,Significantly Less
ENSG00000187118,"(13.140012380028047, 101.656839685052)",5.8249,Significantly Less
ENSG00000029725,"(32.403039779891344, 101.81343417720382)",10.3787,Significantly Less
ENSG00000133943,"(23.140588113088995, 102.64496289404578)",12.7294,Significantly Less
ENSG00000104889,"(1.7187323486353439, 29.07944209141708)",0.22,Significantly Less
ENSG00000112309,"(4.670317571837136, 11.187359290385547)",0.4119,Significantly Less
ENSG00000264235,"(18.416688753094824, 76.74752832020673)",0.4254,Significantly Less
ENSG00000123728,"(4.012718196121398, 11.914167226450543)",29.8345,Significantly More
ENSG00000100890,"(9.885733454974428, 37.76564741607551)",2.0488,Significantly Less
ENSG00000142409,"(7.29709933696334, 36.079042252950295)",69.4842,Significantly More
ENSG00000119760,"(4.393794190662972, 14.50547676745316)",15.8352,Significantly More
ENSG00000134852,"(13.587305124436593, 58.686150568699006)",9.8162,Significantly Less
ENSG00000168476,"(4.730219094755334, 69.06813815079855)",138.1734,Significantly More
ENSG00000073803,"(23.181149244875442, 50.72061915486562)",5.0353,Significantly Less
ENSG00000151806,"(4.137371991461934, 12.004397236848888)",27.9674,Significantly More
ENSG00000180822,"(15.694080680198326, 109.80116722346067)",8.6699,Significantly Less
ENSG00000117748,"(3.3484672198673593, 42.151797820966976)",57.7571,Significantly More
ENSG00000128191,"(3.573000909238975, 12.92872512091224)",16.1154,Significantly More
ENSG00000137168,"(-5.535909532311154, 28.289215637072246)",49.9959,Significantly More
ENSG00000272772,"(11.814428047385405, 51.29883386231258)",0.0,Significantly Less
ENSG00000124357,"(17.0387421227936, 92.99999831253521)",11.9113,Significantly Less
ENSG00000177853,"(8.103703287427496, 31.981242853105538)",6.3532,Significantly Less
ENSG00000160570,"(21.015573634608224, 73.50962575160625)",75.2874,Significantly More
ENSG00000163684,"(17.815219365611433, 70.559359902381)",3.5815,Significantly Less
ENSG00000123636,"(14.957008771708345, 71.21782580800301)",2.2708,Significantly Less
ENSG00000132964,"(3.8697981201572897, 18.16941897031696)",21.6448,Significantly More
ENSG00000124383,"(3.8590315176117365, 15.453652705581874)",16.9612,Significantly More
ENSG00000157107,"(29.470576896513403, 77.09076489741297)",12.7962,Significantly Less
ENSG00000100485,"(15.136542776329286, 62.72674879438606)",11.434,Significantly Less
ENSG00000120509,"(9.19067938480438, 42.693770250632866)",121.3517,Significantly More
ENSG00000162928,"(15.35788080143033, 43.12855333075311)",14.5135,Significantly Less
ENSG00000186575,"(5.507657456563794, 16.71363280327156)",25.206,Significantly More
ENSG00000196422,"(1.4725056223871205, 9.77045262630807)",18.3782,Significantly More
ENSG00000130940,"(5.547398716178691, 160.6415075817692)",5.2128,Significantly Less
ENSG00000168807,"(18.134955722550302, 88.68830906704841)",8.7929,Significantly Less
ENSG00000166681,"(-3.8221340457935398, 87.43147699609608)",114.1446,Significantly More
ENSG00000134255,"(7.625772018854904, 21.3849468686311)",6.4826,Significantly Less
ENSG00000100196,"(-11.87459445558796, 47.201936549493745)",58.7069,Significantly More
ENSG00000118260,"(20.716339725838715, 63.64038979224215)",5.5418,Significantly Less
ENSG00000135900,"(7.923208308203614, 30.905348837903254)",59.5311,Significantly More
ENSG00000009950,"(-8.930246945447681, 12.318551454778994)",25.5158,Significantly More
ENSG00000177485,"(1.8955504675623132, 5.219215938011226)",27.749,Significantly More
ENSG00000130881,"(-1.0062127548054836, 21.61201915016879)",33.6403,Significantly More
ENSG00000139436,"(8.854772792777416, 30.400451165758476)",2.5176,Significantly Less
ENSG00000168243,"(-1.9681031736844545, 8.798284262064413)",36.0178,Significantly More
ENSG00000006194,"(3.0818102943203978, 10.507550580421421)",14.3613,Significantly More
ENSG00000167767,"(-0.14130373397948248, 0.3334530438298511)",26.7365,Significantly More
ENSG00000181192,"(16.837795497504864, 68.34685010054213)",16.1708,Significantly Less
ENSG00000128159,"(0.9135782141812587, 16.82604012216325)",20.1907,Significantly More
ENSG00000272897,"(11.84245219003515, 37.17901669807371)",0.0,Significantly Less
ENSG00000166946,"(14.20684288022711, 61.48552349516795)",11.9374,Significantly Less
ENSG00000101189,"(1.6306454575656377, 6.680281574012856)",40.5899,Significantly More
ENSG00000130511,"(6.428257232925752, 52.59204057687705)",82.267,Significantly More
ENSG00000162032,"(7.888956495142313, 30.585288581219242)",0.4864,Significantly Less
ENSG00000007376,"(9.378532392138357, 30.286560300044737)",64.5669,Significantly More
ENSG00000076053,"(11.543866967935546, 36.96890069858321)",6.5575,Significantly Less
ENSG00000116918,"(10.039479094957606, 69.6542032086285)",8.4473,Significantly Less
ENSG00000170919,"(4.098750111544268, 14.68793428188315)",1.8404,Significantly Less
ENSG00000143514,"(27.30411406316288, 75.01844381272693)",14.0435,Significantly Less
ENSG00000116771,"(-1.3359946583058377, 15.801231433051631)",81.0477,Significantly More
ENSG00000133193,"(39.85107346640967, 77.004435880004)",12.014,Significantly Less
ENSG00000141627,"(15.091664553869293, 98.57965026805286)",9.2576,Significantly Less
ENSG00000095383,"(1.2347571688730845, 22.560606974863195)",51.5481,Significantly More
ENSG00000082269,"(5.698023751539093, 27.011022698701385)",5.0796,Significantly Less
ENSG00000101144,"(-3.147198624588359, 13.36039593933231)",59.4651,Significantly More
ENSG00000138756,"(8.338730699040953, 36.6051092888319)",2.791,Significantly Less
ENSG00000137574,"(2.548244982226295, 7.85636580592492)",23.5934,Significantly More
ENSG00000172780,"(2.4215725164260107, 15.164120754737315)",1.6008,Significantly Less
ENSG00000181467,"(0.7899814656295652, 5.88025770710113)",20.0589,Significantly More
ENSG00000170340,"(2.7552714821843267, 24.62026903564682)",37.5944,Significantly More
ENSG00000004961,"(6.000590243024455, 26.043019489867646)",53.2729,Significantly More
ENSG00000198826,"(-2.6560058465930103, 16.367812681720824)",16.7078,Significantly More
ENSG00000124587,"(-1.6243404697988097, 20.43410016356348)",37.5453,Significantly More
ENSG00000149474,"(4.082811362586695, 9.7066319743932)",12.8877,Significantly More
ENSG00000265590,"(2.069629208595827, 9.680045947112534)",0.039,Significantly Less
ENSG00000180901,"(28.208474344257503, 75.51904749210422)",12.3076,Significantly Less
ENSG00000157625,"(2.0366687355010074, 6.098717762625438)",7.519,Significantly More
ENSG00000116641,"(15.935060321021396, 63.10260892282943)",3.537,Significantly Less
ENSG00000140320,"(2.5952515414309314, 19.03320982589063)",24.4559,Significantly More
ENSG00000126773,"(21.894220312785347, 62.22718718063652)",2.6878,Significantly Less
ENSG00000255050,"(2.6725673623081505, 53.614047319953514)",1.1566,Significantly Less
ENSG00000176563,"(21.105793523039633, 52.05696117303373)",2.8825,Significantly Less
ENSG00000148943,"(3.335003649057778, 9.521920513953384)",22.3847,Significantly More
ENSG00000036549,"(11.598468243991075, 55.289109974867586)",9.4719,Significantly Less
ENSG00000160767,"(3.3543261902067947, 23.902887000661366)",24.5621,Significantly More
ENSG00000197343,"(20.474951016338224, 58.35026174408809)",1.8303,Significantly Less
ENSG00000112146,"(12.65732659660663, 102.04307050122767)",10.193,Significantly Less
ENSG00000070366,"(28.494087061763423, 117.14699140090275)",4.5646,Significantly Less
ENSG00000148300,"(14.321503898097824, 39.10654029849493)",52.8806,Significantly More
ENSG00000133131,"(1.175618770117672, 8.420261644161396)",18.5585,Significantly More
ENSG00000150712,"(15.54468305482088, 74.01936802604577)",12.4462,Significantly Less
ENSG00000001617,"(-1.9598364937406032, 38.19741988263018)",48.5101,Significantly More
ENSG00000176994,"(2.2713156726619275, 8.690337051814872)",10.3381,Significantly More
ENSG00000164576,"(27.018805154780324, 135.1735350336793)",14.1451,Significantly Less
ENSG00000131652,"(7.934853733061477, 32.199088581890294)",80.0741,Significantly More
ENSG00000272886,"(17.46724535087101, 54.87569357428271)",14.9956,Significantly Less
ENSG00000153339,"(44.16914970450528, 81.7620935621483)",5.474,Significantly Less
ENSG00000127666,"(0.176295472975454, 32.06884667420897)",35.1593,Significantly More
ENSG00000107833,"(-4.821051249425075, 44.54512483613655)",135.9645,Significantly More
ENSG00000143324,"(10.85636396106353, 78.46067656825522)",8.4227,Significantly Less
ENSG00000188042,"(-0.3828650294918132, 11.019206318353874)",15.7424,Significantly More
ENSG00000172315,"(2.1013765396431445, 9.607924518442138)",38.0535,Significantly More
ENSG00000172732,"(24.276326958270317, 59.11061941783353)",20.7249,Significantly Less
ENSG00000173898,"(-0.5044863248609686, 2.4655733499997963)",13.0726,Significantly More
ENSG00000138629,"(14.733728601883334, 37.33682264892679)",68.7757,Significantly More
ENSG00000177613,"(4.403821678156352, 11.416018292014705)",17.202,Significantly More
ENSG00000143952,"(3.5132548062514384, 10.051316417383005)",11.5129,Significantly More
ENSG00000131148,"(5.105998636973522, 25.038672028694826)",31.3415,Significantly More
ENSG00000160799,"(24.421718812437, 64.41913131249521)",22.7991,Significantly Less
ENSG00000198728,"(-1.8337229312730106, 32.57029975297002)",39.2836,Significantly More
ENSG00000142945,"(-3.1306940289603276, 26.646674569836026)",28.818,Significantly More
ENSG00000204439,"(10.940339367633765, 21.74712382701072)",31.2916,Significantly More
ENSG00000166912,"(12.968943366573436, 30.06811380239448)",5.9528,Significantly Less
ENSG00000197818,"(2.0879376889409937, 8.673182755165794)",16.6459,Significantly More
ENSG00000158796,"(21.13342114972179, 40.70763366938221)",19.2374,Significantly Less
ENSG00000171466,"(5.427330808054304, 41.18022850734248)",4.6421,Significantly Less
ENSG00000164684,"(12.345036766922433, 118.67399932553685)",8.5378,Significantly Less
ENSG00000140382,"(22.090519415181056, 74.14672135643909)",7.1336,Significantly Less
ENSG00000157349,"(17.777043599764465, 36.59966543770578)",5.211,Significantly Less
ENSG00000099940,"(31.04578284388959, 57.57819319291257)",14.8757,Significantly Less
ENSG00000088899,"(-0.15329473459744047, 3.8545525858225718)",18.4976,Significantly More
ENSG00000107874,"(3.962713729541292, 62.94981418142885)",96.2069,Significantly More
ENSG00000040341,"(14.281122563098307, 42.061564501632176)",7.7021,Significantly Less
ENSG00000174106,"(21.620845939475743, 62.631672405907324)",20.7824,Significantly Less
ENSG00000138002,"(7.661403095992118, 20.215858332354966)",3.3797,Significantly Less
ENSG00000074603,"(21.63330518500388, 57.399557612536654)",7.7211,Significantly Less
ENSG00000164933,"(1.0074557870463607, 9.672407698529717)",0.165,Significantly Less
ENSG00000160949,"(0.11589012392339937, 4.560910626476792)",27.7652,Significantly More
ENSG00000171853,"(22.338343995964895, 60.92192755051684)",15.3649,Significantly Less
ENSG00000196865,"(1.456637078671211, 7.351004125366627)",8.0995,Significantly More
ENSG00000175066,"(17.250910364010494, 69.04963897002932)",5.2761,Significantly Less
ENSG00000173264,"(29.28837714999949, 80.3199039935434)",15.2164,Significantly Less
ENSG00000123130,"(2.3334748385952704, 24.74554706410553)",25.6636,Significantly More
ENSG00000047597,"(5.008994411799673, 14.721985535014362)",24.7943,Significantly More
ENSG00000137486,"(40.87607158527372, 148.9639686487833)",15.5046,Significantly Less
ENSG00000187144,"(13.262074661040984, 36.58266095956744)",0.0335,Significantly Less
ENSG00000157778,"(0.7981316296968544, 33.72191755043598)",60.1306,Significantly More
ENSG00000177383,"(3.9750578093174163, 26.553876131693226)",38.8166,Significantly More
ENSG00000116128,"(-0.25180851329050835, 8.417821480147794)",13.1674,Significantly More
ENSG00000107077,"(11.798969436839108, 31.124134251422554)",7.0971,Significantly Less
ENSG00000134590,"(-45.197642876649994, 181.80747404809784)",204.1151,Significantly More
ENSG00000122299,"(17.722005604466144, 57.77177577606315)",13.3319,Significantly Less
ENSG00000166166,"(1.283453952181418, 10.947332644696573)",60.3549,Significantly More
ENSG00000157895,"(10.029564349567, 27.344325486645513)",6.7762,Significantly Less
ENSG00000101391,"(9.16652358327096, 25.280971846084398)",27.4625,Significantly More
ENSG00000136522,"(6.159227218182373, 36.45946084526747)",78.3,Significantly More
ENSG00000162377,"(3.1649668521882095, 16.9622592543017)",25.5121,Significantly More
ENSG00000204899,"(-0.416078363819393, 10.637681362400658)",27.0952,Significantly More
ENSG00000239779,"(14.415009241606583, 60.741989392703715)",4.3307,Significantly Less
ENSG00000102096,"(-8.705611335213032, 59.57020432717482)",62.1332,Significantly More
ENSG00000159063,"(3.929784516711189, 19.52674288532404)",31.4987,Significantly More
ENSG00000183605,"(5.980408422045905, 46.788140828985284)",58.803,Significantly More
ENSG00000176383,"(7.448076615789443, 22.540351175011356)",3.8746,Significantly Less
ENSG00000100296,"(13.701837762211206, 41.71522972988699)",10.199,Significantly Less
ENSG00000148411,"(-10.264336547291185, 24.929913882596374)",25.967,Significantly More
ENSG00000110768,"(12.302890419694908, 46.69638897051912)",12.0554,Significantly Less
ENSG00000130803,"(3.8851208309332153, 11.658383236498135)",20.7844,Significantly More
ENSG00000064313,"(1.7470350808667834, 6.33971249247031)",12.5661,Significantly More
ENSG00000144233,"(2.4546180611517423, 7.629399439983028)",21.2837,Significantly More
ENSG00000183309,"(1.821015478868111, 8.149274664272726)",11.8022,Significantly More
ENSG00000250917,"(1.5810125286335541, 43.67323385480134)",1.2615,Significantly Less
ENSG00000176623,"(29.520374266699367, 84.89368590097013)",16.454,Significantly Less
ENSG00000158019,"(24.516190137738445, 44.038660932360145)",20.5321,Significantly Less
ENSG00000139428,"(3.244698203363253, 41.66183888565287)",49.1718,Significantly More
ENSG00000150779,"(-6.723183947117008, 74.60405863202826)",101.7476,Significantly More
ENSG00000083099,"(8.294754064571528, 76.98205262490859)",7.003,Significantly Less
ENSG00000120526,"(-0.29517214539559156, 7.2737818485264825)",8.7383,Significantly More
ENSG00000038532,"(14.133562896453164, 51.51335738762298)",7.3189,Significantly Less
ENSG00000230124,"(4.3422144407272, 13.856031794542528)",14.4285,Significantly More
ENSG00000150967,"(8.137265949964315, 20.029462970130112)",4.8204,Significantly Less
ENSG00000262049,"(5.912547187351725, 17.496708682873575)",0.305,Significantly Less
ENSG00000170322,"(17.52063748122337, 49.69031314795296)",16.324,Significantly Less
ENSG00000186501,"(10.582298709754586, 28.836908575796844)",32.3317,Significantly More
ENSG00000033327,"(17.174258761359596, 125.56648373365465)",10.6357,Significantly Less
ENSG00000168303,"(1.2029368561317133, 4.310350620726048)",11.6613,Significantly More
ENSG00000187713,"(12.364913265724551, 27.962229620304747)",55.8927,Significantly More
ENSG00000164168,"(17.69156275499, 42.16633385450943)",14.7898,Significantly Less
ENSG00000100815,"(16.146098765887736, 66.20389707876203)",7.9501,Significantly Less
ENSG00000120699,"(0.9639063093463784, 11.316826397915872)",18.5042,Significantly More
ENSG00000151694,"(4.015465417399081, 9.454868528073824)",3.8642,Significantly Less
ENSG00000100711,"(21.20820258337642, 109.44722373509677)",9.918,Significantly Less
ENSG00000221869,"(-18.435937946302488, 80.68615975562139)",221.6651,Significantly More
ENSG00000165905,"(-0.7031150318871278, 2.4057900728292703)",30.1876,Significantly More
ENSG00000166266,"(13.95528542173826, 46.978113695309524)",8.3621,Significantly Less
ENSG00000134815,"(1.2939005722502879, 9.9155010177467)",41.1079,Significantly More
ENSG00000135521,"(1.2813331323866386, 16.94130730605826)",28.4735,Significantly More
ENSG00000112419,"(15.996483621322025, 59.49758604254977)",5.6543,Significantly Less
ENSG00000133103,"(8.693602393380733, 71.79872463787785)",6.7814,Significantly Less
ENSG00000094880,"(22.138360378370002, 64.58208795705247)",15.4796,Significantly Less
ENSG00000133119,"(-0.7920968441554797, 12.866202574304328)",28.7463,Significantly More
ENSG00000151552,"(7.716628639181913, 36.524727832638526)",54.9028,Significantly More
ENSG00000198225,"(9.798825757709084, 34.855168857717565)",1.7185,Significantly Less
ENSG00000077463,"(4.2140680951700205, 68.60577080129404)",78.8007,Significantly More
ENSG00000185753,"(2.6885848073051655, 7.7389804575628585)",25.3155,Significantly More
ENSG00000136715,"(3.920015152744399, 11.718121561465203)",24.9234,Significantly More
ENSG00000167695,"(-4.854536323318646, 34.455344124222535)",57.0259,Significantly More
ENSG00000001167,"(2.591593930178985, 8.590616707025088)",17.5627,Significantly More
ENSG00000173281,"(1.6112711096821304, 16.90501797362814)",29.3454,Significantly More
ENSG00000204977,"(9.713125622438376, 31.01591185085018)",6.2563,Significantly Less
ENSG00000112144,"(2.123573166976586, 7.08699876087166)",12.319,Significantly More
ENSG00000178105,"(1.1711130122405544, 7.51754130148353)",9.9318,Significantly More
ENSG00000198168,"(11.742531103603017, 70.62970124839275)",10.6662,Significantly Less
ENSG00000129493,"(22.048957664224304, 141.21843060219112)",5.4903,Significantly Less
ENSG00000132017,"(11.500052609818583, 42.4800904085704)",61.8566,Significantly More
ENSG00000012983,"(12.104167790286727, 52.581203771357394)",11.4939,Significantly Less
ENSG00000266472,"(1.6790938564537186, 35.93601155048796)",94.9704,Significantly More
ENSG00000184162,"(6.779007064918851, 29.419600668999692)",32.2367,Significantly More
ENSG00000136237,"(14.107552600850301, 63.45091219687977)",9.2444,Significantly Less
ENSG00000160072,"(-1.2910044615606449, 9.152333646734062)",32.4402,Significantly More
ENSG00000188739,"(18.634707108840022, 44.698636935252324)",0.6155,Significantly Less
ENSG00000106328,"(16.503183062602037, 54.40466794232981)",0.0966,Significantly Less
ENSG00000272410,"(6.979278527818085, 15.689892832895275)",0.0,Significantly Less
ENSG00000119616,"(24.306350101604444, 66.32114183114697)",19.7524,Significantly Less
ENSG00000148362,"(5.388995878252544, 37.995297506894595)",113.4748,Significantly More
ENSG00000156521,"(2.215589722717044, 10.580688335204666)",30.3059,Significantly More
ENSG00000046651,"(1.8971702936521426, 8.039521422288761)",18.7268,Significantly More
ENSG00000143093,"(22.22833002194389, 50.98461423051225)",14.2043,Significantly Less
ENSG00000163806,"(22.376676025231717, 74.11615872291671)",0.2597,Significantly Less
ENSG00000161179,"(2.7864863704620007, 17.353644137013614)",190.0234,Significantly More
ENSG00000140284,"(-10.069558389759724, 56.05310556256131)",62.6852,Significantly More
ENSG00000163625,"(5.039883323795124, 92.45035208438198)",3.6176,Significantly Less
ENSG00000171236,"(-11.136302376579156, 56.35310493851436)",72.807,Significantly More
ENSG00000178449,"(1.784270797052102, 115.23823172075717)",168.6188,Significantly More
ENSG00000142396,"(14.115483602643216, 63.10989185781063)",2.3409,Significantly Less
ENSG00000197296,"(1.1680956310295807, 6.481503156657982)",28.2406,Significantly More
ENSG00000183853,"(-2.518888639842962, 8.45919185504287)",14.2474,Significantly More
ENSG00000132604,"(26.585664692809296, 61.22893772616441)",15.0907,Significantly Less
ENSG00000176595,"(0.6130365795844614, 16.272636350824413)",16.8611,Significantly More
ENSG00000105879,"(16.805728864440958, 42.80856515802322)",15.164,Significantly Less
ENSG00000164031,"(13.797551283947481, 56.78441074192388)",4.1958,Significantly Less
ENSG00000049541,"(2.835757845919794, 39.75673369452886)",46.0899,Significantly More
ENSG00000197498,"(0.5789708779912548, 12.333949755755775)",25.0604,Significantly More
ENSG00000081307,"(14.997928773730813, 43.2824684976777)",12.2883,Significantly Less
ENSG00000181523,"(21.315080698286188, 83.4516651377057)",16.4077,Significantly Less
ENSG00000172785,"(3.2758317836221273, 20.171115796574075)",1.3724,Significantly Less
ENSG00000241878,"(5.956401162526523, 20.321814512208412)",22.3619,Significantly More
ENSG00000128342,"(-0.2756536779737506, 8.053720367146465)",34.1137,Significantly More
ENSG00000112200,"(17.767188379912486, 56.48170576048224)",4.3624,Significantly Less
ENSG00000177576,"(1.6254187165316143, 16.31644242004645)",1.5738,Significantly Less
ENSG00000196693,"(8.053186830727718, 59.970982969971324)",7.3659,Significantly Less
ENSG00000141994,"(4.8148741643279, 37.105437532792564)",42.9934,Significantly More
ENSG00000174669,"(1.5000735211775442, 13.778047339910112)",77.7565,Significantly More
ENSG00000162300,"(29.262553587182737, 63.29315528521549)",5.4114,Significantly Less
ENSG00000116852,"(-0.3889805621894973, 5.330470648665866)",13.4834,Significantly More
ENSG00000077348,"(2.2694492692968034, 22.659307468200062)",140.6088,Significantly More
ENSG00000110429,"(13.790069758605593, 37.09763805061439)",5.0871,Significantly Less
ENSG00000131779,"(10.598186973813531, 29.731606741063416)",36.7654,Significantly More
ENSG00000128654,"(16.046272463390615, 49.001267524655525)",56.2776,Significantly More
ENSG00000204178,"(6.309359987374321, 14.573288236451631)",22.4283,Significantly More
ENSG00000099203,"(21.266504982020546, 49.94450209232453)",13.2023,Significantly Less
ENSG00000163545,"(-2.251887126116724, 21.09106745404606)",47.4334,Significantly More
ENSG00000117597,"(1.0719699546788677, 4.499133524971711)",9.3393,Significantly More
ENSG00000155313,"(10.582832180300082, 29.660568615542743)",8.8448,Significantly Less
ENSG00000158793,"(30.11795904552306, 77.5852243444603)",17.8004,Significantly Less
ENSG00000115947,"(17.835818054922974, 60.35760627588281)",7.8112,Significantly Less
ENSG00000113851,"(6.662297220454704, 66.69547168182389)",5.7361,Significantly Less
ENSG00000166579,"(17.540250522642594, 99.6279264360527)",13.3959,Significantly Less
ENSG00000177674,"(-1.637873644672748, 35.74482765576076)",43.4596,Significantly More
ENSG00000130545,"(7.95321889590997, 76.18328544302665)",85.7372,Significantly More
ENSG00000132334,"(11.137308269454348, 50.382970969167445)",5.6835,Significantly Less
ENSG00000182544,"(13.677086346905245, 43.63750535610926)",58.5362,Significantly More
ENSG00000168062,"(-13.291709272485388, 40.14974184568047)",48.571,Significantly More
ENSG00000170373,"(-0.3839666950918094, 0.6762240259873389)",21.4365,Significantly More
ENSG00000122687,"(5.488817505316984, 15.917615482567495)",0.1567,Significantly Less
ENSG00000014164,"(5.17382542306241, 18.3846884905419)",41.0391,Significantly More
ENSG00000073536,"(3.1833964762194054, 20.651691239118385)",23.1283,Significantly More
ENSG00000256235,"(-1.957888986334149, 24.090567020329516)",30.531,Significantly More
ENSG00000164252,"(16.93322654666766, 38.51891877054314)",6.9202,Significantly Less
ENSG00000101447,"(-15.890206403564212, 31.177748955017485)",55.1824,Significantly More
ENSG00000121350,"(13.456113315869047, 47.5805057479547)",5.1101,Significantly Less
ENSG00000163904,"(26.885694731073094, 62.59133933164686)",9.7003,Significantly Less
ENSG00000180964,"(0.876167578510227, 54.00130481428745)",54.0248,Significantly More
ENSG00000143614,"(10.706864849857546, 56.29643744048044)",9.2464,Significantly Less
ENSG00000164611,"(-1.9307189754212413, 33.783792047544765)",87.4713,Significantly More
ENSG00000115942,"(17.24638416253401, 54.29227077520595)",11.7371,Significantly Less
ENSG00000152766,"(-10.614003817186749, 26.8807794947192)",30.6776,Significantly More
ENSG00000134444,"(23.494142757467245, 88.07102502094686)",7.9718,Significantly Less
ENSG00000181577,"(-1.4911296533777816, 2.299666562947242)",56.7431,Significantly More
ENSG00000203727,"(-1.6846414868311292, 11.564290963713542)",33.9565,Significantly More
ENSG00000118508,"(0.06657440531104442, 71.60070062339429)",141.2631,Significantly More
ENSG00000154144,"(7.880640153001746, 25.02268914476073)",6.5734,Significantly Less
ENSG00000134480,"(13.688161899433084, 41.021561560057236)",8.9979,Significantly Less
ENSG00000178896,"(6.282087847912971, 26.323374839959044)",110.8304,Significantly More
ENSG00000197265,"(11.8871950973205, 36.1030641374214)",59.1301,Significantly More
ENSG00000082258,"(14.512026214480592, 59.580415647927005)",7.8851,Significantly Less
ENSG00000146282,"(1.567843734883997, 22.799538721205)",30.5149,Significantly More
ENSG00000175073,"(1.2292624644783097, 3.8659921969652817)",10.6898,Significantly More
ENSG00000184182,"(13.066986317424501, 47.48249328959175)",8.6436,Significantly Less
ENSG00000227543,"(10.27679101133188, 26.993503429833694)",0.8648,Significantly Less
ENSG00000115828,"(-7.957965344782629, 36.659516676980054)",86.4146,Significantly More
ENSG00000112685,"(18.250510615765457, 49.72764985885161)",18.1259,Significantly Less
ENSG00000120068,"(-3.077486964355561, 15.169923868139382)",55.6835,Significantly More
ENSG00000105464,"(-0.19343447359777358, 0.6101736023920514)",64.0518,Significantly More
ENSG00000077713,"(7.859636827762033, 27.583472753334206)",46.7798,Significantly More
ENSG00000167645,"(4.76280994062704, 40.968453787243774)",48.6743,Significantly More
ENSG00000057935,"(21.518910752449127, 59.307416146903805)",7.6656,Significantly Less
ENSG00000043093,"(18.53118501023813, 50.646268781852584)",6.1518,Significantly Less
ENSG00000255182,"(9.5746424685682, 69.151546969454)",2.4642,Significantly Less
ENSG00000124541,"(9.397873861344205, 36.81911297994155)",46.5859,Significantly More
ENSG00000198130,"(22.519271185436622, 136.9586478471002)",12.8106,Significantly Less
ENSG00000136891,"(1.8571151397387475, 7.518862749866241)",14.0495,Significantly More
ENSG00000162783,"(1.6168042595766554, 10.79341609280248)",38.826,Significantly More
ENSG00000188130,"(3.3951322373722466, 21.587681082604895)",0.8577,Significantly Less
ENSG00000090432,"(12.47222745167971, 24.942735926563405)",32.223,Significantly More
ENSG00000172586,"(7.67200065985018, 46.44806015140699)",85.9958,Significantly More
ENSG00000148606,"(1.1154380065415221, 5.434606969296737)",10.3642,Significantly More
ENSG00000261460,"(3.6582675455929827, 14.937001980684707)",0.0,Significantly Less
ENSG00000162627,"(11.578526624540311, 32.77187972268494)",33.475,Significantly More
ENSG00000170439,"(-18.014287376808603, 86.43002163389511)",119.6977,Significantly More
ENSG00000139719,"(9.557057759294224, 17.09551043582216)",6.441,Significantly Less
ENSG00000083799,"(6.476298100025145, 19.066040975838384)",4.0736,Significantly Less
ENSG00000140274,"(-44.30336869628334, 57.54971989373382)",209.8272,Significantly More
ENSG00000170473,"(15.308558964009894, 54.47500333366028)",67.2909,Significantly More
ENSG00000244509,"(-8.016929261203721, 52.18451320635973)",52.6245,Significantly More
ENSG00000148824,"(8.226161410535337, 32.82282726281986)",6.4184,Significantly Less
ENSG00000090889,"(-1.3655000063325158, 9.95682194605799)",28.4484,Significantly More
ENSG00000100429,"(3.460852046385126, 35.14341216952273)",2.1922,Significantly Less
ENSG00000168286,"(5.640819984528051, 24.998604993552984)",41.7848,Significantly More
ENSG00000170881,"(7.13825199221249, 24.334142055464866)",28.8831,Significantly More
ENSG00000265491,"(0.9587505163040628, 7.201488414211633)",9.3782,Significantly More
ENSG00000111300,"(1.1682028279577388, 9.466530102614232)",12.2552,Significantly More
ENSG00000281039,"(3.1799097814881634, 33.8849031748929)",0.0,Significantly Less
ENSG00000135637,"(15.214531238428087, 49.23215302613536)",4.2728,Significantly Less
ENSG00000197442,"(1.2025884324507743, 7.984825181147427)",15.2666,Significantly More
ENSG00000039319,"(5.379459861816576, 13.097520690649292)",2.3746,Significantly Less
ENSG00000075651,"(5.5113616203731794, 138.46665030571776)",3.9973,Significantly Less
ENSG00000181788,"(26.108705462442884, 91.02588169024969)",25.1532,Significantly Less
ENSG00000174579,"(4.157954113095077, 13.927871102409117)",17.1613,Significantly More
ENSG00000198894,"(43.9629499426173, 157.01999040427415)",10.8677,Significantly Less
ENSG00000103489,"(10.138608031252986, 112.0181596012675)",3.8493,Significantly Less
ENSG00000087338,"(11.820470514327841, 55.627315917306845)",11.6172,Significantly Less
ENSG00000104412,"(15.276364082837244, 57.85512110179074)",11.4945,Significantly Less
ENSG00000168538,"(14.080046270391652, 29.27654512867886)",12.6977,Significantly Less
ENSG00000198824,"(2.712635775825559, 8.841505883959181)",12.2691,Significantly More
ENSG00000165156,"(23.5285637485899, 45.017100773839076)",8.799,Significantly Less
ENSG00000119446,"(13.22223436270837, 46.58145756410571)",11.6048,Significantly Less
ENSG00000171307,"(8.114806481682574, 29.592113741322965)",48.5624,Significantly More
ENSG00000267532,"(3.5194099260038696, 17.341761345174852)",0.0,Significantly Less
ENSG00000171055,"(19.776806215116395, 57.45991087789034)",6.6283,Significantly Less
ENSG00000091127,"(0.37193721312215544, 11.117454345446248)",18.057,Significantly More
ENSG00000136897,"(0.6913031782778569, 9.613387444149616)",23.3169,Significantly More
ENSG00000164056,"(-0.570825282637383, 19.860166577005504)",22.8231,Significantly More
ENSG00000106462,"(-0.11573996154621291, 9.246742546926528)",21.6019,Significantly More
ENSG00000076770,"(6.070958436303535, 44.9999264500386)",3.5465,Significantly Less
ENSG00000145868,"(22.852287092984213, 59.37419482236764)",8.4516,Significantly Less
ENSG00000101811,"(4.635763039121269, 13.523069822302588)",46.9352,Significantly More
ENSG00000161981,"(-3.182145811635195, 47.41926604738643)",52.5798,Significantly More
ENSG00000257411,"(11.42434111640928, 52.501291619757986)",0.0,Significantly Less
ENSG00000088356,"(1.6605849988184715, 11.003250715030124)",57.3099,Significantly More
ENSG00000276644,"(-0.11529598834050958, 3.0960179671396038)",7.0894,Significantly More
ENSG00000122965,"(3.393633994414907, 23.658571637062337)",30.0671,Significantly More
ENSG00000103544,"(54.687348878046095, 127.05253404065954)",5.294,Significantly Less
ENSG00000138593,"(36.18046737720084, 134.14464755184807)",7.9035,Significantly Less
ENSG00000062725,"(13.368528615380264, 37.831999549108815)",5.8378,Significantly Less
ENSG00000119688,"(18.467151911000148, 72.6722571525589)",9.6814,Significantly Less
ENSG00000117133,"(6.503341829069356, 30.93071192967077)",36.3372,Significantly More
ENSG00000065057,"(4.5357094472953285, 32.472433120466675)",59.1821,Significantly More
ENSG00000149150,"(-4.288105752232699, 37.403289354079234)",37.7936,Significantly More
ENSG00000145734,"(0.28399514660236536, 6.886305548444291)",7.0511,Significantly More
ENSG00000155115,"(19.594388647990204, 53.613263901177376)",154.5113,Significantly More
ENSG00000205323,"(4.377935772109687, 41.39751048307607)",0.224,Significantly Less
ENSG00000112763,"(4.039277263685072, 14.325999004158803)",24.2023,Significantly More
ENSG00000052723,"(32.39823907690697, 81.54080533306211)",11.6116,Significantly Less
ENSG00000182973,"(22.06197576656585, 44.95438191015478)",18.7889,Significantly Less
ENSG00000219410,"(10.546939935416063, 22.485612871004633)",0.3142,Significantly Less
ENSG00000198721,"(15.450674741318437, 68.63643763775036)",6.4253,Significantly Less
ENSG00000144228,"(20.66165366013082, 44.65076480344415)",8.5127,Significantly Less
ENSG00000128228,"(-13.629311631740734, 81.49186006756986)",245.8353,Significantly More
ENSG00000184281,"(14.038731447336561, 39.15655659591127)",42.0095,Significantly More
ENSG00000101997,"(13.942253194479216, 40.39868842783452)",64.6401,Significantly More
ENSG00000223496,"(1.5763749332854418, 6.213547168376623)",19.0952,Significantly More
ENSG00000048392,"(19.701195229503902, 73.12976586080077)",18.9307,Significantly Less
ENSG00000185298,"(12.46525233220831, 31.62979760914206)",45.6847,Significantly More
ENSG00000181274,"(4.373149240749207, 23.91720288781012)",44.2857,Significantly More
ENSG00000203499,"(-0.18178059295436988, 11.710994765072952)",34.3294,Significantly More
ENSG00000128915,"(8.294895152679633, 68.11964716183122)",3.7192,Significantly Less
ENSG00000174173,"(1.214968437685343, 25.49166890635523)",64.8003,Significantly More
ENSG00000172336,"(10.551400622543355, 42.58148149341395)",112.0258,Significantly More
ENSG00000132109,"(-0.6924584982570572, 48.38752946123975)",63.9602,Significantly More
ENSG00000185129,"(15.212316399727229, 71.3762971007747)",4.4794,Significantly Less
ENSG00000170604,"(3.8728418525707653, 16.277838279513862)",77.634,Significantly More
ENSG00000275342,"(-2.727295410366205, 19.466712555084726)",47.1375,Significantly More
ENSG00000060069,"(6.736317322005366, 27.172884407198833)",27.3051,Significantly More
ENSG00000272888,"(17.01185169683575, 53.61461330098203)",8.1645,Significantly Less
ENSG00000105258,"(13.013424624870694, 56.99675999292842)",66.6892,Significantly More
ENSG00000122557,"(21.532874732935902, 46.493730642386275)",13.3445,Significantly Less
ENSG00000116198,"(2.227807673038419, 6.915533021855537)",9.4494,Significantly More
ENSG00000158006,"(30.223485959394694, 113.86705506517497)",20.616,Significantly Less
ENSG00000240563,"(-5.499846785784775, 12.922056340199717)",46.5501,Significantly More
ENSG00000169891,"(1.2441678329638872, 11.697228675604043)",12.3805,Significantly More
ENSG00000180917,"(18.280463012878684, 59.15495763562353)",8.7482,Significantly Less
ENSG00000107815,"(3.879631553286332, 22.733980251944082)",27.2693,Significantly More
ENSG00000256950,"(10.779253562517471, 45.81505382570211)",0.0823,Significantly Less
ENSG00000253276,"(1.2485612574603717, 4.589733758482425)",11.3077,Significantly More
ENSG00000067248,"(4.827597853352993, 14.968799349335493)",15.7028,Significantly More
ENSG00000171813,"(3.4893295099202, 28.84911977521035)",43.5098,Significantly More
ENSG00000115145,"(15.501610671919167, 40.3600186386983)",7.6085,Significantly Less
ENSG00000075391,"(0.5938798891749157, 4.886679288924732)",5.5027,Significantly More
ENSG00000165661,"(0.2215856236673166, 6.959298123307146)",25.7217,Significantly More
ENSG00000272405,"(-1.114406111021494, 8.84935533150924)",27.2299,Significantly More
ENSG00000102393,"(3.501548631105889, 16.716818829567273)",31.1714,Significantly More
ENSG00000187257,"(16.970209618372863, 58.04725988220814)",8.2816,Significantly Less
ENSG00000054179,"(-3.2722348761356663, 27.162651163416598)",33.918,Significantly More
ENSG00000105072,"(10.974620527029051, 37.341982966591566)",2.2588,Significantly Less
ENSG00000163344,"(18.43544091740028, 50.36080517872613)",61.081,Significantly More
ENSG00000101216,"(2.434778281204983, 6.742931272753109)",23.148,Significantly More
ENSG00000124596,"(8.747470561282064, 43.94378036064963)",7.8733,Significantly Less
ENSG00000104825,"(12.79177373777189, 37.53815517656387)",72.195,Significantly More
ENSG00000197982,"(7.003954597377717, 30.974641062890033)",49.5282,Significantly More
ENSG00000135245,"(-1.682671295278288, 11.688821172810647)",97.2935,Significantly More
ENSG00000099364,"(1.3109476815876908, 11.860668478488346)",24.262,Significantly More
ENSG00000254166,"(-2.3100508930237655, 4.056995208805775)",9.6884,Significantly More
ENSG00000172765,"(14.738744177351919, 54.1467981145868)",13.7447,Significantly Less
ENSG00000057252,"(1.888195210669397, 8.299025143850422)",13.0626,Significantly More
ENSG00000179151,"(23.741809955214038, 57.47702937094073)",15.6108,Significantly Less
ENSG00000170619,"(5.788633179649837, 25.661538899860282)",27.9065,Significantly More
ENSG00000159086,"(2.1779831365952527, 14.029755608624406)",15.716,Significantly More
ENSG00000275895,"(7.781821777433905, 33.06900302675212)",0.244,Significantly Less
ENSG00000007545,"(7.991846839701257, 68.53444722039629)",4.7876,Significantly Less
ENSG00000086289,"(-0.34391553496503313, 28.600970966879522)",35.4092,Significantly More
ENSG00000006015,"(4.60440880257784, 30.511407223292988)",56.3456,Significantly More
ENSG00000257337,"(4.794411616330676, 20.968038480160367)",2.5702,Significantly Less
ENSG00000156298,"(18.094894982724853, 170.35272725513448)",14.4692,Significantly Less
ENSG00000112343,"(1.7394731166126496, 4.977737415587105)",5.4101,Significantly More
ENSG00000156931,"(24.468028345170236, 71.1201037788591)",6.9949,Significantly Less
ENSG00000126368,"(-6.144299531430261, 20.593295749151988)",30.4933,Significantly More
ENSG00000132467,"(5.506769010070293, 17.96867536049843)",58.3584,Significantly More
ENSG00000105793,"(9.90136747317559, 31.752798555127903)",5.5479,Significantly Less
ENSG00000120029,"(38.92074984773926, 66.00456143929941)",18.6091,Significantly Less
ENSG00000158716,"(4.694639939794655, 61.361118296296425)",92.4167,Significantly More
ENSG00000116191,"(17.392568367830904, 66.68987454714086)",7.9332,Significantly Less
ENSG00000105849,"(1.359286184003996, 12.568164332996414)",15.0823,Significantly More
ENSG00000103245,"(13.606390697953639, 38.30129038809031)",11.1002,Significantly Less
ENSG00000163788,"(7.0819760955346105, 35.22487005603881)",5.8303,Significantly Less
ENSG00000182858,"(25.828776882989946, 61.778820432350685)",7.806,Significantly Less
ENSG00000008869,"(13.097362779034896, 66.81285747568155)",7.3928,Significantly Less
ENSG00000119231,"(14.711646965177529, 36.82364177585649)",14.3997,Significantly Less
ENSG00000204922,"(3.2374080954432785, 18.254116870961937)",30.7531,Significantly More
ENSG00000114026,"(5.781933872722053, 36.04952075670771)",5.5928,Significantly Less
ENSG00000248223,"(0.3106125718880648, 85.2217119660568)",0.0,Significantly Less
ENSG00000162063,"(-1.8286195226677586, 12.8552850149497)",19.0912,Significantly More
ENSG00000184545,"(-3.08204036937453, 17.743507432983357)",23.2503,Significantly More
ENSG00000174013,"(1.2107983752280504, 5.995417176789315)",15.1604,Significantly More
ENSG00000149636,"(1.5897706128161504, 10.198408286981007)",23.3908,Significantly More
ENSG00000047634,"(0.02891368553638385, 6.443417823742781)",18.5383,Significantly More
ENSG00000108591,"(19.302713254086537, 46.02010428436692)",14.3336,Significantly Less
ENSG00000204227,"(12.241715889579648, 26.81176779527664)",42.9042,Significantly More
ENSG00000258830,"(3.478864484614876, 18.372304564205535)",0.0,Significantly Less
ENSG00000148343,"(20.89378112636733, 124.59091064358329)",19.6387,Significantly Less
ENSG00000136560,"(14.242489555566664, 76.77749400193031)",11.982,Significantly Less
ENSG00000163220,"(-85.5689274429735, 142.97233963829385)",188.8938,Significantly More
ENSG00000184277,"(13.178279944546203, 29.27711275058958)",7.1989,Significantly Less
ENSG00000178761,"(19.34760077726497, 77.13988190527881)",4.2985,Significantly Less
ENSG00000253200,"(5.6349444215039535, 15.243123542191224)",2.2475,Significantly Less
ENSG00000148153,"(19.342015063048002, 46.84399040817899)",15.4362,Significantly Less
ENSG00000163512,"(13.383882336536523, 65.41948785947065)",2.5237,Significantly Less
ENSG00000102390,"(7.557842974777802, 30.570682731072107)",95.7935,Significantly More
ENSG00000167755,"(-0.0937593270069649, 0.14031904457003147)",20.3691,Significantly More
ENSG00000177663,"(17.767255385893847, 81.62968876683514)",11.9283,Significantly Less
ENSG00000256349,"(2.8609426276481145, 14.529386268940513)",0.0,Significantly Less
ENSG00000137310,"(-0.06880284404240555, 11.267004941692878)",19.7127,Significantly More
ENSG00000205765,"(15.320279173509107, 56.39137265700326)",12.2987,Significantly Less
ENSG00000184967,"(6.11744329078288, 25.543438146609226)",129.7765,Significantly More
ENSG00000205356,"(17.72814416007683, 80.52831429288736)",9.6976,Significantly Less
ENSG00000164051,"(5.567691665482984, 20.85540811976304)",33.0267,Significantly More
ENSG00000215424,"(4.530017472926811, 14.307210918773649)",1.3085,Significantly Less
ENSG00000215012,"(0.4693927453393236, 3.7392775593832326)",15.0237,Significantly More
ENSG00000027847,"(7.386992141566328, 24.16787479678915)",29.8836,Significantly More
ENSG00000116863,"(6.287682203992269, 21.875477412348783)",87.2888,Significantly More
ENSG00000167700,"(2.5844241732970428, 27.947742987858817)",81.4379,Significantly More
ENSG00000261505,"(2.698016313441209, 7.905077546085555)",0.2687,Significantly Less
ENSG00000165512,"(1.697669965535333, 20.87962650319351)",21.2895,Significantly More
ENSG00000173011,"(20.241599213438207, 39.034912800810794)",13.683,Significantly Less
ENSG00000172992,"(2.6527106980040607, 22.94905444116823)",29.8408,Significantly More
ENSG00000117408,"(27.907813224514197, 89.32577067247608)",21.7858,Significantly Less
ENSG00000104369,"(-2.278437741448659, 12.250999419026547)",20.3295,Significantly More
ENSG00000149541,"(9.02145804545822, 23.93580032313455)",41.0843,Significantly More
ENSG00000137770,"(17.776440031564444, 53.57995925450898)",5.4923,Significantly Less
ENSG00000213563,"(3.062198323620585, 32.624845755629195)",52.794,Significantly More
ENSG00000254732,"(3.965210496264163, 22.510437730294896)",0.1854,Significantly Less
ENSG00000145220,"(-0.4369117534393485, 17.978125323344855)",54.8289,Significantly More
ENSG00000140259,"(13.373469509634262, 27.184577687631595)",33.403,Significantly More
ENSG00000280071,"(9.073273445259801, 39.01793713519767)",3.4106,Significantly Less
ENSG00000196470,"(11.628862235046146, 23.451682083220792)",3.7191,Significantly Less
ENSG00000155252,"(3.0020161866436776, 9.002013065179323)",16.0139,Significantly More
ENSG00000213965,"(2.7447041112242445, 8.5148567385996)",78.7013,Significantly More
ENSG00000159459,"(21.674595998011583, 71.25235282852448)",5.9218,Significantly Less
ENSG00000066279,"(-0.6203264165159352, 4.04656015787582)",8.0579,Significantly More
ENSG00000155008,"(1.200215254953433, 6.387182211867364)",16.1489,Significantly More
ENSG00000177000,"(6.28515470765149, 26.752386129122566)",6.0623,Significantly Less
ENSG00000213516,"(2.214390779040163, 7.020798929095622)",9.7495,Significantly More
ENSG00000158161,"(2.8499414472207194, 16.264813451487495)",17.7639,Significantly More
ENSG00000135945,"(13.865125976590853, 46.476042691877474)",8.6152,Significantly Less
ENSG00000254893,"(9.088659717919214, 123.25052783608056)",0.8148,Significantly Less
ENSG00000131375,"(17.85116826851668, 43.67527111908971)",10.3712,Significantly Less
ENSG00000167971,"(27.758211538490723, 77.19611748424516)",0.1768,Significantly Less
ENSG00000143751,"(2.6346823635739685, 8.472077252523764)",15.1994,Significantly More
ENSG00000254598,"(9.299000099565763, 23.353725344355485)",1.1516,Significantly Less
ENSG00000263753,"(4.495457911636503, 18.34999598788892)",22.7897,Significantly More
ENSG00000175573,"(5.081670476280584, 31.81654828496054)",40.9599,Significantly More
ENSG00000157617,"(0.04343029201134563, 8.195624565274006)",13.7796,Significantly More
ENSG00000136933,"(1.524250354572887, 18.73700071418142)",27.2566,Significantly More
ENSG00000104884,"(2.112870169444356, 9.777737252838918)",15.0279,Significantly More
ENSG00000042429,"(4.493766307488785, 12.543041484585046)",1.0891,Significantly Less
ENSG00000101412,"(-0.5728556981476314, 6.546310060732649)",53.9662,Significantly More
ENSG00000197408,"(-30.893817736156535, 54.34468076235109)",98.3306,Significantly More
ENSG00000130713,"(0.783497541117895, 12.54528816475754)",24.1408,Significantly More
ENSG00000167378,"(0.5864770236007617, 4.078221499085595)",16.4662,Significantly More
ENSG00000124275,"(18.21097926116007, 64.98388611951466)",9.4652,Significantly Less
ENSG00000164932,"(-1.1316446281008328, 5.3784184010976155)",27.4713,Significantly More
ENSG00000233016,"(-2.183825052666716, 22.915698935446898)",29.0336,Significantly More
ENSG00000108106,"(-0.84658169718303, 25.48865865654297)",64.4673,Significantly More
ENSG00000005100,"(1.7140439999876111, 11.143753394906753)",17.3167,Significantly More
ENSG00000205189,"(0.42380696048129973, 5.100122275902768)",7.6878,Significantly More
ENSG00000116954,"(9.492950824964268, 36.98670536895441)",8.9281,Significantly Less
ENSG00000159256,"(19.686774417278965, 44.2120088616026)",7.7867,Significantly Less
ENSG00000108443,"(12.32181349402901, 37.757944438659145)",6.9527,Significantly Less
ENSG00000080819,"(7.0916515516162875, 23.4910125293785)",28.9842,Significantly More
ENSG00000101003,"(-0.9011004581016371, 6.604080147155256)",33.0694,Significantly More
ENSG00000112578,"(0.15663823924218967, 16.97332579514869)",58.9912,Significantly More
ENSG00000167182,"(33.53139754501551, 106.00222333708693)",24.3794,Significantly Less
ENSG00000266728,"(7.831416667951245, 155.75253007235642)",0.0,Significantly Less
ENSG00000137460,"(-0.046630138170333346, 6.539485735633364)",21.3422,Significantly More
ENSG00000124688,"(9.988901482197628, 37.337474224407075)",39.6444,Significantly More
ENSG00000176444,"(1.671132139837547, 15.732903699545638)",28.3114,Significantly More
ENSG00000177303,"(13.577024159502926, 96.96832220164453)",12.9167,Significantly Less
ENSG00000150907,"(28.412143182529775, 128.51335937519298)",5.4661,Significantly Less
ENSG00000177082,"(5.180095065261721, 31.65234080063286)",0.8303,Significantly Less
ENSG00000160991,"(-0.30466037771607124, 4.045014211492078)",4.2345,Significantly More
ENSG00000110025,"(24.36194508298018, 86.23819864207293)",0.3704,Significantly Less
ENSG00000068028,"(3.509119086438835, 17.13871140531137)",28.4466,Significantly More
ENSG00000165304,"(-1.617891662165099, 10.385510307571455)",22.3654,Significantly More
ENSG00000196455,"(14.838009963035315, 52.785125556529096)",13.457,Significantly Less
ENSG00000167232,"(9.289917912128558, 71.54156881094552)",4.5335,Significantly Less
ENSG00000162385,"(9.461272572188317, 43.84435429559038)",73.1061,Significantly More
ENSG00000204839,"(-1.1568824050247595, 8.464861496975727)",21.2638,Significantly More
ENSG00000189325,"(-6.76919543316497, 15.091966597183937)",30.3108,Significantly More
ENSG00000065833,"(-2.9493178798852893, 9.945704601396635)",13.1418,Significantly More
ENSG00000120616,"(7.497880050055098, 15.411905771264646)",4.2609,Significantly Less
ENSG00000103024,"(9.07419217043854, 49.22051650847733)",53.2047,Significantly More
ENSG00000182108,"(5.467660687031522, 25.85685340187972)",1.2615,Significantly Less
ENSG00000217128,"(1.2677195378386454, 5.018057865235678)",11.8821,Significantly More
ENSG00000114098,"(9.252978547469496, 25.5161317386099)",5.8504,Significantly Less
ENSG00000102218,"(1.8995013868595612, 12.430522214065359)",28.5197,Significantly More
ENSG00000132478,"(18.273721209932184, 53.05560048728473)",12.5441,Significantly Less
ENSG00000110074,"(0.9016136125529037, 20.014353655199255)",23.077,Significantly More
ENSG00000126804,"(16.998323484460002, 54.230996121102095)",14.8093,Significantly Less
ENSG00000132376,"(37.26323501582451, 93.13242843675673)",18.0966,Significantly Less
ENSG00000105732,"(3.153100697348475, 9.71761983860181)",36.5809,Significantly More
ENSG00000177051,"(14.49745465062415, 56.63383384567855)",67.2312,Significantly More
ENSG00000068394,"(9.536688126884686, 18.055738569250977)",73.555,Significantly More
ENSG00000131269,"(5.699244986859644, 14.68066063739872)",22.6514,Significantly More
ENSG00000185963,"(-0.565274109654621, 8.646986983195223)",9.8659,Significantly More
ENSG00000185344,"(5.789972271619346, 16.77072020416061)",5.4295,Significantly Less
ENSG00000112242,"(0.7357033922334257, 4.756023695736086)",13.8257,Significantly More
ENSG00000118418,"(7.368672220682903, 43.27747975661716)",72.8461,Significantly More
ENSG00000172795,"(7.2104826335147365, 26.691015275525366)",7.1588,Significantly Less
ENSG00000167196,"(9.967018597294272, 33.40604090928177)",7.1669,Significantly Less
ENSG00000168246,"(6.5889380877991055, 13.937188518267634)",19.8271,Significantly More
ENSG00000066739,"(25.26502848846973, 91.15039285830028)",3.7644,Significantly Less
ENSG00000149554,"(0.5606183875942499, 12.266500347499552)",16.5591,Significantly More
ENSG00000112659,"(8.574383785341706, 44.11861043834239)",5.492,Significantly Less
ENSG00000181915,"(2.2318838051333305, 7.221848850427998)",18.4023,Significantly More
ENSG00000267216,"(1.3226411292350049, 8.252568145806507)",0.0713,Significantly Less
ENSG00000171729,"(8.299804023086752, 20.90753956775191)",29.4354,Significantly More
ENSG00000102125,"(2.8731375642021098, 14.277072997089498)",18.2097,Significantly More
ENSG00000205726,"(12.687413505727527, 67.09886637053478)",3.8747,Significantly Less
ENSG00000172426,"(3.2951224915179456, 15.957064154553402)",1.027,Significantly Less
ENSG00000139546,"(1.9488996179887135, 26.364613433547824)",38.258,Significantly More
ENSG00000164967,"(7.747044423626303, 41.475212595829575)",84.0703,Significantly More
ENSG00000170855,"(1.8712869598718491, 27.911090687432395)",92.948,Significantly More
ENSG00000070476,"(2.553996872674726, 10.987701305583126)",11.8269,Significantly More
ENSG00000215114,"(19.49945044537724, 44.431598454515296)",12.5266,Significantly Less
ENSG00000164930,"(2.091776029429707, 8.525003404040678)",17.7262,Significantly More
ENSG00000186187,"(13.230842672048585, 36.02728667752477)",7.0166,Significantly Less
ENSG00000101544,"(17.414957138169907, 40.59638742579445)",17.0546,Significantly Less
ENSG00000082438,"(8.449515081917784, 44.92872423961461)",3.6331,Significantly Less
ENSG00000070495,"(3.0698496758225247, 19.18324995307694)",19.1938,Significantly More
ENSG00000247315,"(4.638608692645622, 10.744137016653996)",48.0396,Significantly More
ENSG00000012048,"(-0.8082928488267678, 6.243675669497128)",8.6178,Significantly More
ENSG00000197283,"(11.557444369711234, 191.77533391044017)",3.679,Significantly Less
ENSG00000181991,"(17.022753228297635, 67.33775715019925)",11.0355,Significantly Less
ENSG00000104524,"(-1.482696678171843, 19.409737457003843)",32.0819,Significantly More
ENSG00000183735,"(13.531012978758728, 34.05544689175602)",6.2589,Significantly Less
ENSG00000081377,"(6.172373525853784, 21.92202369179453)",4.562,Significantly Less
ENSG00000183161,"(1.4840993675895464, 8.758148846841882)",14.2456,Significantly More
ENSG00000101236,"(0.8133713502142079, 4.604385526353318)",16.9797,Significantly More
ENSG00000164080,"(0.496640306019156, 6.48989086863326)",7.5854,Significantly More
ENSG00000159110,"(5.32659186275267, 31.589430429478917)",1.6663,Significantly Less
ENSG00000166189,"(6.3114103804456, 14.023348694918166)",44.7529,Significantly More
ENSG00000066583,"(10.629078788041896, 31.05510695869068)",42.1501,Significantly More
ENSG00000137714,"(2.6862670251410083, 17.23884197379578)",21.5284,Significantly More
ENSG00000124784,"(3.1708252573407485, 26.104874599439057)",26.4063,Significantly More
ENSG00000134758,"(24.093575427069005, 99.98548987179174)",8.6232,Significantly Less
ENSG00000153037,"(6.903781486824915, 43.312088471665604)",2.2504,Significantly Less
ENSG00000123154,"(12.074397477943396, 36.96978739274155)",4.4751,Significantly Less
ENSG00000005889,"(11.347011695214217, 58.45371745568552)",6.9894,Significantly Less
ENSG00000184154,"(10.18090531076816, 44.34860380622779)",1.6603,Significantly Less
ENSG00000182890,"(4.260540014582727, 20.66293478538397)",1.3952,Significantly Less
ENSG00000204822,"(17.874631223941087, 73.62844012554265)",0.0,Significantly Less
ENSG00000101901,"(12.128574166906027, 49.47845417018319)",11.2305,Significantly Less
ENSG00000171680,"(0.017427065040190648, 8.022217765945157)",19.8677,Significantly More
ENSG00000136935,"(18.48608591831587, 47.16800577537691)",10.8756,Significantly Less
ENSG00000198026,"(2.9267509557633975, 15.804118463891305)",19.7599,Significantly More
ENSG00000112234,"(1.5231614313420048, 5.726836846902329)",6.8707,Significantly More
ENSG00000103121,"(5.826152777301385, 46.52549050251913)",3.0476,Significantly Less
ENSG00000131899,"(0.016658070089426325, 7.8297629625235965)",16.2642,Significantly More
ENSG00000257621,"(9.60246279052943, 49.47724704140526)",8.8507,Significantly Less
ENSG00000179406,"(7.545183172293841, 31.951325949284154)",1.296,Significantly Less
ENSG00000157764,"(3.2361769101676643, 14.232265265464012)",2.0264,Significantly Less
ENSG00000243960,"(3.127465518328087, 30.384141058017278)",1.0505,Significantly Less
ENSG00000146476,"(8.761776681884177, 22.057689016458767)",24.6521,Significantly More
ENSG00000100104,"(17.271661102643513, 50.37648064538687)",5.2006,Significantly Less
ENSG00000086200,"(7.931985412932562, 46.10687215820159)",7.3174,Significantly Less
ENSG00000179387,"(12.75996689486757, 56.44415637793959)",10.4568,Significantly Less
ENSG00000187066,"(33.64811398671506, 75.6766195445426)",0.1078,Significantly Less
ENSG00000164219,"(28.029593299586946, 84.46006926947)",4.9855,Significantly Less
ENSG00000116212,"(9.505590154065505, 25.97958627901126)",27.5162,Significantly More
ENSG00000151116,"(12.784967814078673, 33.45639967704494)",11.0976,Significantly Less
ENSG00000123500,"(-0.040843546921134996, 0.09092852752023649)",6.8879,Significantly More
ENSG00000175265,"(-1.898250773419907, 5.896863161177679)",16.6603,Significantly More
ENSG00000188910,"(-10.679685984081342, 20.32579805991713)",25.4648,Significantly More
ENSG00000126453,"(2.9443155499714706, 15.800033027952765)",68.3666,Significantly More
ENSG00000185163,"(1.1870747172598328, 12.727372625100763)",31.6024,Significantly More
ENSG00000162104,"(14.107087147562666, 146.63020494778743)",4.8151,Significantly Less
ENSG00000254536,"(3.7313982578288787, 14.919428758563214)",0.5756,Significantly Less
ENSG00000165832,"(-0.23668428915565798, 19.437691866471678)",19.9376,Significantly More
ENSG00000125871,"(2.8865463523867563, 13.20431473033317)",41.8253,Significantly More
ENSG00000117222,"(2.965540775995331, 6.821019296256567)",13.726,Significantly More
ENSG00000065615,"(6.001869277822443, 67.34556667124963)",5.484,Significantly Less
ENSG00000074582,"(6.178677038295609, 30.020801005196432)",37.5194,Significantly More
ENSG00000170584,"(10.074568638844326, 51.40246705813111)",6.6911,Significantly Less
ENSG00000241370,"(8.9381868927806, 52.409615462016504)",3.473,Significantly Less
ENSG00000127586,"(-2.0147715511428768, 22.63383830866671)",24.2581,Significantly More
ENSG00000119969,"(-1.2084955107911308, 8.012393939990359)",9.4012,Significantly More
ENSG00000164902,"(19.466191920912525, 42.56111952180302)",18.3185,Significantly Less
ENSG00000267228,"(30.31077432957652, 79.48665082877689)",0.0,Significantly Less
ENSG00000100416,"(2.438298013842539, 16.969790393018982)",19.4095,Significantly More
ENSG00000137807,"(-1.3112702076655465, 8.613912949813962)",13.2958,Significantly More
ENSG00000122783,"(13.160420436128321, 31.98129864593193)",3.6546,Significantly Less
ENSG00000119669,"(-2.553448728871852, 18.3207076009506)",21.3853,Significantly More
ENSG00000065060,"(0.464494295033264, 3.1440545528622454)",6.7553,Significantly More
ENSG00000184677,"(0.5229723921199789, 5.135892035696219)",9.5028,Significantly More
ENSG00000177374,"(7.2875494944998565, 51.50611924127255)",4.6667,Significantly Less
ENSG00000241489,"(4.689310558107598, 28.915116494925847)",0.1088,Significantly Less
ENSG00000119720,"(15.317627927559993, 30.78901323498204)",2.2794,Significantly Less
ENSG00000119723,"(13.085960651230337, 73.93522716369678)",3.5398,Significantly Less
ENSG00000163635,"(6.525468205159916, 26.543310466892883)",4.0444,Significantly Less
ENSG00000245156,"(8.734499771430373, 18.212636504426072)",0.3779,Significantly Less
ENSG00000139826,"(1.7210177012432681, 5.718473905050901)",11.3776,Significantly More
ENSG00000178999,"(-3.597567987426885, 34.01463745877494)",82.941,Significantly More
ENSG00000147394,"(-1.3195739813687881, 7.921212196967928)",19.047,Significantly More
ENSG00000124120,"(1.3450212405686406, 5.869592892866875)",7.6912,Significantly More
ENSG00000172301,"(-8.236346550278537, 46.36894612814865)",94.777,Significantly More
ENSG00000101935,"(1.0367622758746053, 7.127179027754061)",15.8519,Significantly More
ENSG00000141098,"(8.738420161284871, 21.83814256109298)",7.8777,Significantly Less
ENSG00000283321,"(1.4679936094450081, 8.3973897226651)",0.0,Significantly Less
ENSG00000151748,"(7.599734363888988, 48.95697826213741)",5.9169,Significantly Less
ENSG00000137878,"(2.290177378762957, 32.756621505444144)",1.7559,Significantly Less
ENSG00000122778,"(-0.06891039717022651, 0.8600543724920768)",2.0746,Significantly More
ENSG00000109458,"(23.37783210527433, 104.35201046833387)",6.972,Significantly Less
ENSG00000186001,"(8.700181831405061, 69.70848300162857)",5.3314,Significantly Less
ENSG00000188917,"(2.160839876880322, 8.812578335639566)",30.1122,Significantly More
ENSG00000167862,"(3.014203984181407, 44.712703172276605)",88.2984,Significantly More
ENSG00000214413,"(11.88458533568285, 89.19755153308199)",1.5893,Significantly Less
ENSG00000101745,"(12.16758601838455, 59.82674422873225)",3.8154,Significantly Less
ENSG00000262136,"(4.9237333591383905, 34.28383661615969)",0.2546,Significantly Less
ENSG00000104093,"(5.3658484402796915, 66.46987842058451)",2.9588,Significantly Less
ENSG00000140199,"(3.008207421152349, 12.079404874800284)",2.7831,Significantly Less
ENSG00000196449,"(1.3782132135112768, 15.876284471878819)",35.4842,Significantly More
ENSG00000210196,"(-86.80130733803651, 1084.8453839782437)",1824.4788,Significantly More
ENSG00000101665,"(6.497394029321072, 89.00205956088183)",5.4512,Significantly Less
ENSG00000176422,"(0.44796312501143, 3.9184689851325896)",6.4252,Significantly More
ENSG00000181588,"(1.3510267688864177, 7.877789261389711)",41.1512,Significantly More
ENSG00000196290,"(5.19993863673715, 23.318690870760122)",35.0204,Significantly More
ENSG00000144468,"(16.983149730399113, 59.81882578059258)",9.272,Significantly Less
ENSG00000154124,"(10.091104420795546, 33.46369213125808)",7.44,Significantly Less
ENSG00000047578,"(10.482088677669907, 65.14996349603739)",6.8409,Significantly Less
ENSG00000072849,"(24.318110747134998, 67.70051811027724)",14.9967,Significantly Less
ENSG00000249590,"(1.911237161930611, 39.44369614665487)",0.0,Significantly Less
ENSG00000016402,"(-0.5727205886983349, 19.004162889884434)",21.7993,Significantly More
ENSG00000258959,"(8.164874692887295, 85.9273945369226)",0.0,Significantly Less
ENSG00000090447,"(1.8212677290452302, 12.075187007622352)",12.2828,Significantly More
ENSG00000125386,"(2.7464525906775, 10.458882517698237)",10.9953,Significantly More
ENSG00000007255,"(-0.277223672289292, 58.41825052373777)",140.4061,Significantly More
ENSG00000170832,"(15.742443665591125, 48.98585658814132)",7.3933,Significantly Less
ENSG00000280537,"(0.5503753775172839, 22.14942530788688)",0.0324,Significantly Less
ENSG00000250641,"(-1.3881893651521073, 2.2094900301813576)",3.3341,Significantly More
ENSG00000146842,"(16.710368886499673, 47.44481141297161)",9.2663,Significantly Less
ENSG00000109534,"(6.534312906459316, 21.739153691064843)",74.2988,Significantly More
ENSG00000066422,"(2.0142991059591315, 6.170724875395659)",7.2456,Significantly More
ENSG00000081803,"(1.49004062593065, 8.96003676160334)",10.4208,Significantly More
ENSG00000154059,"(12.86061169278063, 67.38145444566794)",12.2851,Significantly Less
ENSG00000143674,"(0.6541509137860437, 7.882879689470716)",9.7341,Significantly More
ENSG00000172927,"(-3.777565157584339, 8.551099541881483)",40.2715,Significantly More
ENSG00000137513,"(1.9168569442484955, 11.654419764503372)",26.4022,Significantly More
ENSG00000125695,"(8.576119675891562, 16.553565426244784)",0.0,Significantly Less
ENSG00000166881,"(-0.17063185026240513, 7.452514871702222)",17.1267,Significantly More
ENSG00000089234,"(7.418240778852315, 14.442962981693487)",19.2966,Significantly More
ENSG00000167136,"(5.317908677727484, 33.50870876493208)",36.7322,Significantly More
ENSG00000185127,"(3.3735223183684866, 9.29752073429475)",26.0571,Significantly More
ENSG00000002822,"(13.632299266944841, 44.205901639436945)",0.0417,Significantly Less
ENSG00000153006,"(9.067201563560035, 40.5279651747927)",7.3591,Significantly Less
ENSG00000244045,"(19.04410861676204, 50.4092132291532)",5.3567,Significantly Less
ENSG00000110921,"(1.5248028953769808, 20.20962739442981)",49.304,Significantly More
ENSG00000167720,"(7.605343733442204, 50.77024609704323)",3.3376,Significantly Less
ENSG00000154803,"(6.932111934677977, 43.078236565083444)",6.6701,Significantly Less
ENSG00000121766,"(1.028674009686842, 27.640831887712988)",34.1358,Significantly More
ENSG00000085511,"(12.887776858541105, 44.55627776990123)",10.8621,Significantly Less
ENSG00000170802,"(1.364047599211324, 8.284097937996126)",9.0745,Significantly More
ENSG00000151012,"(-0.5674496080649128, 1.8568626870776104)",2.6414,Significantly More
ENSG00000138459,"(15.661200630825466, 54.63047480022426)",8.805,Significantly Less
ENSG00000155792,"(-4.945404539573429, 33.671792483242214)",34.0285,Significantly More
ENSG00000141854,"(1.355880065558834, 27.606998152372938)",45.4674,Significantly More
ENSG00000229180,"(11.639904337311389, 53.236447597488336)",4.3727,Significantly Less
ENSG00000276043,"(-0.8346934845615033, 4.353642475454972)",17.404,Significantly More
ENSG00000170502,"(24.7430687928718, 71.8875746121336)",21.5218,Significantly Less
ENSG00000115568,"(0.4963148847362113, 5.1408429268328515)",10.1845,Significantly More
ENSG00000159267,"(0.8328662662491428, 5.325071953228947)",5.6607,Significantly More
ENSG00000117625,"(7.081773501111858, 50.127087099048495)",5.8196,Significantly Less
ENSG00000063587,"(0.41109616297895935, 4.579609289668799)",13.2669,Significantly More
ENSG00000113739,"(-9.664560691413627, 16.260350692322124)",32.8897,Significantly More
ENSG00000183828,"(-8.461702236084442, 62.76131924859913)",101.8091,Significantly More
ENSG00000172262,"(6.3447919274772335, 27.395276780813866)",6.3195,Significantly Less
ENSG00000241186,"(-2.3102575071373304, 10.727060349315146)",12.9004,Significantly More
ENSG00000128185,"(7.58934778063367, 45.7345626642158)",57.4153,Significantly More
ENSG00000164484,"(-7.3607958863188445, 23.292896090156194)",31.4206,Significantly More
ENSG00000276045,"(4.270259230812577, 16.24079482617472)",66.2433,Significantly More
ENSG00000162910,"(7.341283504388906, 36.89692116086649)",67.1406,Significantly More
ENSG00000163961,"(2.2511274626018674, 8.62230140538999)",16.972,Significantly More
ENSG00000274425,"(2.1765074575261547, 21.822375065235164)",0.3215,Significantly Less
ENSG00000163510,"(2.950855463397003, 9.98084466831782)",13.5604,Significantly More
ENSG00000241945,"(11.122293867121133, 44.92523489512867)",0.1323,Significantly Less
ENSG00000121671,"(8.13742909796666, 126.68588705710205)",8.0966,Significantly Less
ENSG00000186141,"(3.9640050364219532, 11.404872887060808)",16.3282,Significantly More
ENSG00000166477,"(4.703754106389871, 21.26553099243293)",23.7123,Significantly More
ENSG00000064995,"(3.73586907546248, 20.038658227810537)",25.1624,Significantly More
ENSG00000132952,"(1.1039871208305043, 4.60069799480387)",8.0006,Significantly More
ENSG00000156983,"(1.9820165754455679, 7.089577110497595)",12.383,Significantly More
ENSG00000107789,"(1.3785686151012158, 22.928518511701185)",29.2799,Significantly More
ENSG00000144645,"(4.929139223978563, 43.59518006692821)",4.6871,Significantly Less
ENSG00000139405,"(4.006626594607443, 18.66482692123659)",53.7961,Significantly More
ENSG00000170779,"(0.27590067032181054, 9.038765713423174)",32.3293,Significantly More
ENSG00000189120,"(-0.5290700188728745, 3.6562057416684564)",25.8636,Significantly More
ENSG00000147874,"(0.986144168036595, 4.425411884807027)",7.7922,Significantly More
ENSG00000188163,"(4.419813241254392, 29.90132048761804)",0.0,Significantly Less
ENSG00000158092,"(12.289503861767258, 97.64484291019268)",7.934,Significantly Less
ENSG00000108395,"(10.27684279804225, 49.46208418499836)",7.7271,Significantly Less
ENSG00000029153,"(-0.9743131004784598, 5.734236724583233)",11.0313,Significantly More
ENSG00000165644,"(-0.5626240587043014, 51.192329711710514)",144.8212,Significantly More
ENSG00000137221,"(1.3382279452484696, 11.2708611737567)",12.456,Significantly More
ENSG00000203950,"(15.593834066118266, 52.31218873357345)",183.6369,Significantly More
ENSG00000183401,"(12.342747679153454, 49.038269284060625)",4.7479,Significantly Less
ENSG00000012174,"(0.2193083729434986, 5.487477980156786)",11.0553,Significantly More
ENSG00000105705,"(18.136108473791325, 32.63006395316521)",17.2934,Significantly Less
ENSG00000196843,"(-3.199036382053384, 19.805725692256786)",19.854,Significantly More
ENSG00000185989,"(0.8549216697086344, 14.260133498799593)",15.0905,Significantly More
ENSG00000159596,"(8.970252614367048, 25.981344667703276)",47.745,Significantly More
ENSG00000157306,"(11.543204720173412, 31.61134333075806)",0.3253,Significantly Less
ENSG00000119685,"(12.22203102459136, 46.498979857573865)",5.6037,Significantly Less
ENSG00000116752,"(8.522243647120575, 34.44223439848653)",45.2591,Significantly More
ENSG00000134780,"(0.9416708357672627, 6.487965403413976)",16.611,Significantly More
ENSG00000134809,"(-0.8043312834532763, 58.89186628815371)",195.4268,Significantly More
ENSG00000197147,"(0.2028936396100951, 4.098823072220846)",6.7833,Significantly More
ENSG00000174775,"(8.645112914719595, 24.731245128780813)",67.1946,Significantly More
ENSG00000168813,"(0.9700545204979312, 4.744049643166882)",6.2638,Significantly More
ENSG00000166548,"(6.939920540255656, 51.74107596797889)",3.441,Significantly Less
ENSG00000232956,"(-1.1555053526032246, 13.898197065590885)",26.0238,Significantly More
ENSG00000197905,"(-1.9849655758172737, 16.391689862425423)",50.4256,Significantly More
ENSG00000132330,"(3.559716364433365, 26.70109367223879)",1.4948,Significantly Less
ENSG00000198912,"(0.8293587817908481, 18.613756384282446)",18.6887,Significantly More
ENSG00000112984,"(-5.277823877699536, 25.13625570583567)",26.8072,Significantly More
ENSG00000184708,"(18.028039332693925, 55.59151781908247)",10.1288,Significantly Less
ENSG00000089195,"(0.9793357253141881, 6.5336715808871215)",23.0723,Significantly More
ENSG00000082515,"(0.7440286055066814, 15.180863786231875)",17.2397,Significantly More
ENSG00000162852,"(7.884213251398455, 20.84146169837608)",7.7495,Significantly Less
ENSG00000166971,"(11.332631973785443, 46.70445684963812)",6.0357,Significantly Less
ENSG00000147439,"(13.669915191404542, 44.147594716578716)",10.6235,Significantly Less
ENSG00000076662,"(4.246807018608635, 72.34556564029073)",0.5948,Significantly Less
ENSG00000165943,"(1.9895534430418351, 22.158478781620158)",25.7503,Significantly More
ENSG00000072401,"(4.2718093532421015, 15.75799809618701)",17.3705,Significantly More
ENSG00000079277,"(21.254794467282817, 62.108645941100235)",8.7224,Significantly Less
ENSG00000172113,"(10.817448679375074, 34.287927100659594)",8.6817,Significantly Less
ENSG00000172869,"(20.489918596505653, 69.55006857506237)",3.6364,Significantly Less
ENSG00000180329,"(2.927976966024656, 11.044277141737705)",15.4179,Significantly More
ENSG00000132661,"(-0.3228755514597754, 18.175406284988597)",80.7673,Significantly More
ENSG00000266967,"(11.44973339640555, 37.40204742005561)",1.6279,Significantly Less
ENSG00000122085,"(13.576793658814879, 44.27421920018689)",5.5669,Significantly Less
ENSG00000177981,"(36.43146828600854, 69.64427076597376)",23.9808,Significantly Less
ENSG00000104312,"(1.4043333178137996, 11.1993251612236)",30.7506,Significantly More
ENSG00000071539,"(-3.972164988847471, 21.392836976422142)",29.1138,Significantly More
ENSG00000148841,"(-0.8934032304967934, 7.282025031377644)",8.6365,Significantly More
ENSG00000155975,"(17.31556110245374, 56.64796362602712)",12.9299,Significantly Less
ENSG00000008083,"(1.140042135485218, 5.066645977923187)",9.7536,Significantly More
ENSG00000101460,"(8.531433885252497, 36.642077922422565)",122.4817,Significantly More
ENSG00000263528,"(1.3722781490859397, 19.730918502386587)",28.4315,Significantly More
ENSG00000181220,"(1.775193515047833, 6.271172579630745)",7.3373,Significantly More
ENSG00000158352,"(-0.23101587477257268, 2.085001825275921)",4.7104,Significantly More
ENSG00000184207,"(3.0084957091675486, 11.514193314600714)",43.8804,Significantly More
ENSG00000269821,"(0.4045958799656306, 8.647748796165352)",0.2779,Significantly Less
ENSG00000164465,"(11.449702772336778, 44.38332832991152)",8.1795,Significantly Less
ENSG00000139233,"(1.732381264855249, 6.355543600984266)",7.3908,Significantly More
ENSG00000004766,"(15.358540309160492, 39.87085253445596)",4.5103,Significantly Less
ENSG00000262919,"(0.9340731175754193, 27.78184277684041)",92.4077,Significantly More
ENSG00000165724,"(1.7297348522208411, 11.785596516839451)",39.0101,Significantly More
ENSG00000243364,"(2.3239121353008585, 24.91506074089453)",52.0478,Significantly More
ENSG00000142552,"(-4.762388629122839, 48.25851694921138)",102.4157,Significantly More
ENSG00000226479,"(0.4312133603063626, 3.703142587826948)",20.0843,Significantly More
ENSG00000142185,"(-0.5436375032227856, 3.9173211376299504)",26.732,Significantly More
ENSG00000137054,"(1.4673935971062884, 11.672282579160719)",25.1546,Significantly More
ENSG00000185090,"(1.1376773161680536, 10.531524544124153)",17.9318,Significantly More
ENSG00000155287,"(4.235936810150234, 25.341060568616747)",50.0842,Significantly More
ENSG00000143315,"(1.0166853711373394, 3.7304278992941224)",8.6961,Significantly More
ENSG00000104835,"(5.924283478471214, 37.68808477474056)",5.8878,Significantly Less
ENSG00000164823,"(0.03513751219021666, 6.985206840099398)",11.0105,Significantly More
ENSG00000188807,"(0.5515592026129861, 6.542458303275658)",17.7502,Significantly More
ENSG00000177707,"(19.384216610790148, 113.95648139852806)",2.8129,Significantly Less
ENSG00000101132,"(0.8555367828623552, 27.292555403097175)",32.0867,Significantly More
ENSG00000125375,"(7.950015997636468, 28.825315111777748)",7.3986,Significantly Less
ENSG00000109184,"(8.620120315969253, 59.80311206812234)",7.8289,Significantly Less
ENSG00000121152,"(-2.036647592080981, 12.083375387242462)",13.5661,Significantly More
ENSG00000259132,"(4.419833075069519, 43.52608208161183)",0.0,Significantly Less
ENSG00000271793,"(1.3793512870086375, 4.414288303295951)",0.0,Significantly Less
ENSG00000117650,"(-0.5912911038721989, 12.452381354434543)",21.9666,Significantly More
ENSG00000105339,"(4.450615930235404, 49.268370894754796)",3.6935,Significantly Less
ENSG00000135451,"(-2.451261389496949, 16.332374839625764)",37.477,Significantly More
ENSG00000104756,"(30.397419560500246, 99.24751412785943)",17.4375,Significantly Less
ENSG00000253187,"(3.6354198742311894, 27.708045966117144)",0.7291,Significantly Less
ENSG00000236498,"(5.6274861568265635, 21.644520064411967)",0.5639,Significantly Less
ENSG00000136463,"(10.02209759251753, 31.721850791656124)",40.2863,Significantly More
ENSG00000128917,"(-1.2657706181879487, 24.317511965453008)",29.68,Significantly More
ENSG00000108479,"(-8.476671214202193, 26.97992707112237)",45.7357,Significantly More
ENSG00000133398,"(5.007216857716809, 30.043863319698037)",40.3555,Significantly More
ENSG00000135744,"(-3.2328023794136955, 7.839519066468415)",101.8039,Significantly More
ENSG00000175602,"(-1.8491391248447506, 20.72359742259236)",248.2703,Significantly More
ENSG00000225470,"(1.6302327751166477, 18.157432189229922)",0.2919,Significantly Less
ENSG00000106617,"(3.799211520378705, 23.18213674620359)",2.0281,Significantly Less
ENSG00000132394,"(5.222261196492194, 18.320262376658338)",37.9071,Significantly More
ENSG00000065559,"(21.256846292231238, 42.104382929136996)",12.3312,Significantly Less
ENSG00000177030,"(4.41072887822532, 15.924478862151709)",18.6705,Significantly More
ENSG00000164284,"(1.3080961342266306, 6.822892198471768)",17.7048,Significantly More
ENSG00000163412,"(19.524457967256282, 142.64782105847308)",2.5106,Significantly Less
ENSG00000115392,"(2.982154916786551, 13.1583100957676)",13.3747,Significantly More
ENSG00000147144,"(0.5412427903027783, 10.151144189047475)",20.693,Significantly More
ENSG00000185238,"(0.40602861133479173, 8.230418251042934)",9.8702,Significantly More
ENSG00000142751,"(19.77271439406524, 48.325267641016644)",19.1545,Significantly Less
ENSG00000174791,"(1.15647630343123, 10.450127629295041)",22.9611,Significantly More
ENSG00000095951,"(4.898252171140337, 24.26673099077373)",4.8628,Significantly Less
ENSG00000130766,"(1.6992018767685657, 23.550266523137303)",32.1349,Significantly More
ENSG00000104679,"(8.10156797769044, 46.19752387784655)",47.5167,Significantly More
ENSG00000116691,"(2.669442282126262, 24.40004976884996)",41.2002,Significantly More
ENSG00000175182,"(9.260056917718945, 32.594891189795405)",2.922,Significantly Less
ENSG00000164690,"(-4.275235651756502, 16.974832482332022)",22.7531,Significantly More
ENSG00000213397,"(3.421624126119637, 21.47292070798443)",1.4436,Significantly Less
ENSG00000138182,"(-0.0887386095167908, 3.5445874432607853)",9.8289,Significantly More
ENSG00000152684,"(0.5253905797331822, 11.879505669810403)",17.4164,Significantly More
ENSG00000072201,"(14.178268891417947, 54.795205908597694)",4.932,Significantly Less
ENSG00000067533,"(0.3670656906807501, 5.306404703502176)",6.9087,Significantly More
ENSG00000165655,"(-3.928035590690369, 11.931311654545024)",37.0164,Significantly More
ENSG00000135999,"(15.512823872940828, 41.37065989375507)",8.6052,Significantly Less
ENSG00000168781,"(14.468098984845934, 48.802887644082716)",7.6727,Significantly Less
ENSG00000263276,"(2.2510965324042242, 9.498720406179928)",0.5487,Significantly Less
ENSG00000150867,"(11.111058287562322, 65.17578092951032)",9.1523,Significantly Less
ENSG00000082068,"(10.192744659028179, 38.7760751863136)",8.3965,Significantly Less
ENSG00000135763,"(-0.6076620105639408, 6.6902019706678715)",14.1459,Significantly More
ENSG00000258210,"(6.9638917186992035, 33.880234253145915)",0.1594,Significantly Less
ENSG00000101104,"(-2.5774817319618304, 8.661405908144486)",15.5523,Significantly More
ENSG00000121274,"(0.819179184587643, 3.417222351581402)",5.6495,Significantly More
ENSG00000123485,"(-2.2467260853532345, 18.533404438084588)",21.5014,Significantly More
ENSG00000257663,"(12.543129296021945, 35.4805168666961)",0.0,Significantly Less
ENSG00000077152,"(-3.653314074955201, 21.3401810132548)",46.4468,Significantly More
ENSG00000165480,"(-2.0762600783831617, 13.534220752115779)",16.7441,Significantly More
ENSG00000114737,"(2.3219483471634312, 15.903172580349363)",16.7861,Significantly More
ENSG00000160226,"(7.21665501743102, 31.416850063082858)",6.5142,Significantly Less
ENSG00000138641,"(21.920010939883127, 72.45545752833073)",0.1298,Significantly Less
ENSG00000167578,"(11.907783021823274, 59.27626678780025)",0.8428,Significantly Less
ENSG00000082213,"(14.1795649527055, 34.16950558851517)",12.7986,Significantly Less
ENSG00000282278,"(1.1513065690359525, 19.88577565355114)",0.0,Significantly Less
ENSG00000171421,"(3.585559830388, 37.940477473207196)",60.839,Significantly More
ENSG00000128563,"(3.8835244598851157, 11.516247019694624)",16.8448,Significantly More
ENSG00000100350,"(0.06191622644501216, 5.759716191721489)",15.8695,Significantly More
ENSG00000271741,"(2.413215767626495, 11.665073123308126)",0.0,Significantly Less
ENSG00000070269,"(6.6942790415217335, 27.16039082069112)",6.0321,Significantly Less
ENSG00000174652,"(1.0161211707884643, 9.281603681050022)",11.424,Significantly More
ENSG00000086848,"(11.728075017927859, 33.49584398464413)",2.2229,Significantly Less
ENSG00000099284,"(6.229217835591918, 37.734126815852825)",4.2444,Significantly Less
ENSG00000100036,"(1.3167770443172273, 8.057068865556674)",25.757,Significantly More
ENSG00000144840,"(9.996225713681042, 39.77122079731619)",7.9279,Significantly Less
ENSG00000184574,"(2.6273701120236748, 19.733884729225053)",40.8556,Significantly More
ENSG00000089048,"(1.337070662266429, 6.107858797234396)",20.9527,Significantly More
ENSG00000151665,"(5.92924037752957, 41.66681972850621)",5.4605,Significantly Less
ENSG00000145743,"(7.847730894717149, 18.948614495673567)",5.9185,Significantly Less
ENSG00000185507,"(-0.3200848419751683, 24.845490583688587)",38.9564,Significantly More
ENSG00000020129,"(-2.3243787210530975, 16.396375109866096)",16.8314,Significantly More
ENSG00000164253,"(7.116437954940071, 52.65527242024257)",4.4542,Significantly Less
ENSG00000111845,"(-2.354870757005507, 17.272166214520098)",33.0594,Significantly More
ENSG00000130717,"(5.059346653650734, 20.19653510281047)",28.3071,Significantly More
ENSG00000177380,"(1.9183822035817997, 19.45770148302334)",26.2418,Significantly More
ENSG00000277654,"(10.48052625090141, 68.48463613472549)",1.5963,Significantly Less
ENSG00000082397,"(24.647442990201768, 264.6908852074581)",3.953,Significantly Less
ENSG00000165030,"(-3.2373386660093484, 25.89969233582641)",29.5625,Significantly More
ENSG00000123473,"(-0.19751216104397162, 5.1984625206457045)",7.5053,Significantly More
ENSG00000178773,"(-0.5933282132262793, 2.279997708669934)",12.8662,Significantly More
ENSG00000123444,"(14.589874573470421, 38.171991039994154)",3.5573,Significantly Less
ENSG00000180008,"(1.1452734800454847, 4.046060441965065)",8.1965,Significantly More
ENSG00000086827,"(2.534420790255669, 8.572585440498464)",20.7303,Significantly More
ENSG00000073169,"(3.645587303725346, 14.906143905241986)",56.3307,Significantly More
ENSG00000151532,"(12.726812045056333, 26.641880535433266)",7.2254,Significantly Less
ENSG00000113742,"(7.910840900578464, 34.43619129323363)",5.3549,Significantly Less
ENSG00000151458,"(0.076871982148909, 5.3211579500632045)",6.2369,Significantly More
ENSG00000162851,"(1.306638627511468, 14.786151415881314)",42.1651,Significantly More
ENSG00000111665,"(-3.2882517116982015, 17.722686625916236)",33.3997,Significantly More
ENSG00000272758,"(16.128474424997027, 47.03282225932466)",0.8334,Significantly Less
ENSG00000157450,"(13.991962427020345, 37.19802680795829)",8.4904,Significantly Less
ENSG00000250786,"(-5.509962845614359, 29.914668481278362)",35.1562,Significantly More
ENSG00000136925,"(4.7767063831194285, 36.73458890902124)",3.9096,Significantly Less
ENSG00000134058,"(6.474333842356955, 22.757465837137293)",35.1285,Significantly More
ENSG00000138375,"(3.2875488690896177, 9.008028376027156)",11.309,Significantly More
ENSG00000124523,"(2.1285759232259602, 7.57052898483436)",9.3105,Significantly More
ENSG00000075303,"(10.617005399450274, 46.851351255772656)",6.968,Significantly Less
ENSG00000275718,"(7.894462401706313, 129.725871794304)",3.646,Significantly Less
ENSG00000114388,"(4.006818591599137, 18.23410257173812)",25.4043,Significantly More
ENSG00000165434,"(0.0033393445350524686, 6.273501394594538)",9.8873,Significantly More
ENSG00000134827,"(-0.763738410134815, 1.1697782344428773)",17.0846,Significantly More
ENSG00000214050,"(8.761206844867836, 71.08120273840146)",1.5335,Significantly Less
ENSG00000081913,"(14.490365701623148, 80.77419427005661)",12.5248,Significantly Less
ENSG00000172965,"(1.7165728718308397, 15.824560079273708)",0.5373,Significantly Less
ENSG00000101974,"(0.9465099893291629, 4.021175095932282)",14.0835,Significantly More
ENSG00000178074,"(4.559928704488574, 11.669921308626137)",13.4854,Significantly More
ENSG00000155324,"(10.395834471651433, 92.92637399042135)",9.7891,Significantly Less
ENSG00000117262,"(1.9406085214669222, 27.56496347392546)",1.5451,Significantly Less
ENSG00000143476,"(-0.9297353776431252, 8.469883772759143)",14.3612,Significantly More
ENSG00000102977,"(2.499003888395306, 12.680351561085578)",23.2458,Significantly More
ENSG00000078142,"(26.79530737074929, 55.10258993011587)",2.4048,Significantly Less
ENSG00000215251,"(3.335075209511758, 9.878202606253556)",48.9052,Significantly More
ENSG00000121058,"(4.329119038973898, 15.75762074572228)",18.7058,Significantly More
ENSG00000171928,"(8.55843002163293, 31.34284779899714)",5.8504,Significantly Less
ENSG00000160908,"(7.402470097786134, 16.586825707491123)",7.2651,Significantly Less
ENSG00000196678,"(8.871558157580537, 40.05662236184342)",3.9465,Significantly Less
ENSG00000183479,"(1.2808391304309712, 8.265002584838706)",0.7218,Significantly Less
ENSG00000069493,"(2.0156644216140442, 34.98305905651564)",1.1704,Significantly Less
ENSG00000196663,"(10.57004965773094, 80.31358620425905)",7.0227,Significantly Less
ENSG00000023572,"(8.996491400751413, 28.711425282025207)",8.4962,Significantly Less
ENSG00000142606,"(7.649724531157972, 61.668728260264956)",3.0383,Significantly Less
ENSG00000180979,"(5.779501953586455, 16.255946667069253)",5.1277,Significantly Less
ENSG00000282977,"(13.265286477419938, 44.21937729601309)",0.511,Significantly Less
ENSG00000186416,"(0.952626557402797, 3.7154979300987625)",19.2076,Significantly More
ENSG00000117174,"(0.3746545578696612, 3.952566544423271)",10.4743,Significantly More
ENSG00000157193,"(-1.0351723578233172, 2.9731121563102043)",4.3918,Significantly More
ENSG00000214013,"(15.772210240788274, 44.594760307307176)",3.3716,Significantly Less
ENSG00000185608,"(3.9916967017622156, 33.13058935079812)",34.5222,Significantly More
ENSG00000256537,"(1.3498509134600276, 7.677386291299918)",10.9083,Significantly More
ENSG00000174839,"(16.378074875752645, 59.75521400974951)",11.7297,Significantly Less
ENSG00000127399,"(1.9724347268764868, 11.83697558645721)",14.707,Significantly More
ENSG00000164187,"(32.50236857695189, 93.01378109059183)",2.8518,Significantly Less
ENSG00000139131,"(3.1185361642816005, 15.43460866444764)",42.4787,Significantly More
ENSG00000243725,"(3.8641262307939606, 12.75979893183787)",0.8212,Significantly Less
ENSG00000196453,"(1.9430842453031083, 7.8384938721771)",26.9462,Significantly More
ENSG00000161980,"(0.5279761205294307, 19.137735693453394)",43.1512,Significantly More
ENSG00000283341,"(4.588129525398646, 36.51693248252022)",1.1145,Significantly Less
ENSG00000197579,"(3.6740836766490244, 7.472843480991276)",10.2906,Significantly More
ENSG00000072609,"(18.96874905367188, 48.57016233759169)",3.0919,Significantly Less
ENSG00000154719,"(1.7766976540198662, 35.35316896763101)",70.7843,Significantly More
ENSG00000178307,"(12.721493323998969, 34.15959684756027)",36.7389,Significantly More
ENSG00000168078,"(-2.8182093544754148, 18.809452485506036)",65.6885,Significantly More
ENSG00000123178,"(2.8178256043596543, 9.595771347826798)",13.9296,Significantly More
ENSG00000235718,"(0.41839570475809573, 24.9240658873249)",0.0736,Significantly Less
ENSG00000125885,"(0.1833139342710508, 4.58075088344611)",4.6649,Significantly More
ENSG00000100580,"(0.650305874896365, 4.237548228881796)",8.4299,Significantly More
ENSG00000181191,"(-2.5552780594325624, 14.926694846615447)",17.7505,Significantly More
ENSG00000164398,"(-0.02268091850451659, 0.8331247820742101)",5.1621,Significantly More
ENSG00000151498,"(12.89243404899792, 29.081685374876862)",12.0665,Significantly Less
ENSG00000124659,"(2.251820655702435, 31.966723324955264)",44.5857,Significantly More
ENSG00000175707,"(2.779156719398509, 22.494277192129168)",46.0773,Significantly More
ENSG00000161513,"(1.2294827860698554, 13.107707363895628)",34.3463,Significantly More
ENSG00000153443,"(2.416565727914902, 21.2644487955724)",33.8351,Significantly More
ENSG00000177732,"(-1.139085668689294, 5.088616147514326)",20.3817,Significantly More
ENSG00000117000,"(1.5843563240343985, 4.13661273494146)",10.1836,Significantly More
ENSG00000169118,"(12.552960432554352, 39.1029043564411)",5.2349,Significantly Less
ENSG00000158106,"(-0.28211920038822624, 1.605181435618411)",28.7514,Significantly More
ENSG00000102221,"(0.5267245116187298, 5.168277304164919)",19.2642,Significantly More
ENSG00000196072,"(2.3098866825737954, 12.800487034560767)",17.348,Significantly More
ENSG00000152749,"(-0.01104759891045859, 2.129012241048422)",5.922,Significantly More
ENSG00000163319,"(15.396721432061174, 67.2466953758229)",4.9877,Significantly Less
ENSG00000167100,"(2.674388225921568, 48.926129087140126)",0.6407,Significantly Less
ENSG00000053900,"(12.611840306638207, 31.589424402001796)",9.1128,Significantly Less
ENSG00000183421,"(-1.9549659878778582, 10.987186486664154)",20.5325,Significantly More
ENSG00000109452,"(11.60694656045214, 49.457371440075335)",3.0143,Significantly Less
ENSG00000151388,"(-1.3652624662188129, 3.249980421627123)",3.9237,Significantly More
ENSG00000018610,"(4.418048238255787, 14.149917466031022)",31.6562,Significantly More
ENSG00000003249,"(-0.6752982587764818, 4.357470966142974)",7.2299,Significantly More
ENSG00000171425,"(2.942861377673406, 19.731305801822643)",69.9797,Significantly More
ENSG00000154889,"(25.109933430133765, 76.68784991396453)",3.116,Significantly Less
ENSG00000058729,"(13.548142562056668, 45.835928378117316)",10.2988,Significantly Less
ENSG00000174483,"(0.9349969997701422, 57.53835714115595)",0.1721,Significantly Less
ENSG00000173875,"(19.949292495482233, 43.26039993152613)",6.8542,Significantly Less
ENSG00000268205,"(0.1789779243070968, 4.843070725478787)",20.0382,Significantly More
ENSG00000183808,"(0.2529268792458945, 2.627492553726616)",5.8375,Significantly More
ENSG00000155903,"(10.528089084412237, 49.597209727403715)",8.3706,Significantly Less
ENSG00000125149,"(11.835352891136205, 29.656979302748475)",8.8882,Significantly Less
ENSG00000176108,"(22.325114602053105, 66.53328525108275)",19.1458,Significantly Less
ENSG00000135336,"(3.435803106101771, 9.345003340961277)",15.4057,Significantly More
ENSG00000198729,"(-1.0810482258739533, 25.60673974348528)",34.5107,Significantly More
ENSG00000127337,"(-4.0923327272912005, 29.573718393720604)",30.8942,Significantly More
ENSG00000139211,"(-9.367074273764953, 19.167091601718017)",19.2426,Significantly More
ENSG00000189057,"(-2.0940860675518818, 7.953578817909136)",15.0552,Significantly More
ENSG00000254470,"(1.3627248817834179, 6.252806483977325)",16.4137,Significantly More
ENSG00000247626,"(-0.4061018639131504, 8.787489617115657)",25.8466,Significantly More
ENSG00000182004,"(2.4635511406706456, 36.74582748349481)",49.8624,Significantly More
ENSG00000132635,"(0.7551173700825675, 16.996861708743154)",36.1922,Significantly More
ENSG00000081041,"(-18.301355393077746, 33.26459392318828)",144.9239,Significantly More
ENSG00000251537,"(0.16662114634025138, 3.6440835863796615)",0.0547,Significantly Less
ENSG00000139370,"(3.6274200624685635, 14.649869569890733)",15.3834,Significantly More
ENSG00000177888,"(0.39820484473542495, 3.6795124024576444)",4.186,Significantly More
ENSG00000008300,"(-0.1268786875430422, 1.503230311500395)",2.2313,Significantly More
ENSG00000153823,"(6.851026465275158, 54.36376518569104)",3.4474,Significantly Less
ENSG00000215126,"(1.7455394282835597, 10.39927225112816)",0.6672,Significantly Less
ENSG00000165684,"(0.5164204327933133, 4.233584321502976)",23.9342,Significantly More
ENSG00000141068,"(4.894562886597605, 42.962802676572466)",4.8277,Significantly Less
ENSG00000124608,"(1.6015528257269596, 9.850686496262785)",18.8074,Significantly More
ENSG00000255432,"(9.72912659109915, 50.240189520500806)",0.0,Significantly Less
ENSG00000105664,"(-0.40072354221214224, 0.6424553858400681)",8.1419,Significantly More
ENSG00000137656,"(4.258347192700199, 14.42632503537726)",25.3419,Significantly More
ENSG00000119862,"(20.442533620300928, 79.78513231913851)",15.6381,Significantly Less
ENSG00000173137,"(2.6288437459098386, 28.6869772258973)",61.6291,Significantly More
ENSG00000214026,"(5.461097403972888, 36.582954411283474)",74.9933,Significantly More
ENSG00000203668,"(9.60072101670236, 31.08186367270261)",8.4696,Significantly Less
ENSG00000272821,"(3.254995512265385, 50.6065106492851)",0.0,Significantly Less
ENSG00000179085,"(1.2570053033780084, 85.20479296168816)",165.5306,Significantly More
ENSG00000145016,"(5.366767428691803, 22.512881972034997)",2.2601,Significantly Less
ENSG00000172238,"(-6.681812291716707, 43.019327531032246)",45.5239,Significantly More
ENSG00000164086,"(0.5717369422098679, 7.480041774594642)",15.0773,Significantly More
ENSG00000248487,"(10.395345552125342, 41.00946220572651)",9.2553,Significantly Less
ENSG00000269335,"(6.43630572774528, 15.853514187127425)",4.2055,Significantly Less
ENSG00000118961,"(3.050181861963872, 12.615982186298009)",13.0241,Significantly More
ENSG00000171163,"(-0.8548341808503519, 16.971379199531142)",27.2027,Significantly More
ENSG00000142661,"(-4.131323700663225, 6.6827292221668095)",14.61,Significantly More
ENSG00000088826,"(0.07258503085992007, 6.343895000046943)",33.3628,Significantly More
ENSG00000273269,"(3.0310221246914324, 55.34153947324681)",0.0,Significantly Less
ENSG00000171443,"(4.778669575291323, 26.945012605596766)",85.05,Significantly More
ENSG00000106524,"(12.810361663871102, 40.17800633495733)",9.7819,Significantly Less
ENSG00000113812,"(9.143560178489286, 26.97096049219732)",9.0838,Significantly Less
ENSG00000096092,"(2.120301262600007, 28.561672198179302)",36.7712,Significantly More
ENSG00000156050,"(3.102764637751142, 9.203928771597695)",1.215,Significantly Less
ENSG00000088002,"(-12.816850131428682, 17.249417022036457)",37.3409,Significantly More
ENSG00000006757,"(-0.3809462647277648, 14.269025915911126)",17.9429,Significantly More
ENSG00000257365,"(9.798591565783028, 47.47141058670444)",8.0308,Significantly Less
ENSG00000198535,"(-1.1333337292504004, 1.824129329234124)",55.9666,Significantly More
ENSG00000176022,"(1.3705746956057934, 6.920256339608212)",36.6521,Significantly More
ENSG00000165983,"(2.2022507143258023, 8.425293279257875)",9.7912,Significantly More
ENSG00000155744,"(13.620545700625161, 66.73579254464659)",2.483,Significantly Less
ENSG00000283475,"(12.023464214074536, 181.05386918360324)",0.0,Significantly Less
ENSG00000122592,"(7.784638378684818, 58.006048063290564)",0.4377,Significantly Less
ENSG00000260231,"(1.9043846768161634, 13.860636150569327)",21.2898,Significantly More
ENSG00000121486,"(13.735316799590832, 41.51154000923558)",8.5896,Significantly Less
ENSG00000152242,"(4.588810823464017, 9.419099464255542)",3.7148,Significantly Less
ENSG00000178828,"(-10.640547404205051, 60.28063137110199)",111.949,Significantly More
ENSG00000279069,"(1.1666917755411186, 9.603538884719882)",0.9957,Significantly Less
ENSG00000110987,"(-0.5543713957766658, 6.616742088474455)",11.8255,Significantly More
ENSG00000181481,"(6.721943700785253, 24.361220682419628)",25.9075,Significantly More
ENSG00000134597,"(4.185406664750497, 24.113526089738635)",25.8639,Significantly More
ENSG00000103671,"(26.937561506436843, 60.666641115413206)",16.809,Significantly Less
ENSG00000137133,"(14.889981970114231, 48.41962125316384)",0.6294,Significantly Less
ENSG00000279641,"(9.694700634913845, 27.13589423443539)",1.1201,Significantly Less
ENSG00000165646,"(0.5776035586875077, 6.2673996543058585)",0.2924,Significantly Less
ENSG00000163995,"(0.07157927114996188, 7.609737678140173)",7.8723,Significantly More
ENSG00000197620,"(8.452862722598196, 21.313488398966363)",7.705,Significantly Less
ENSG00000115657,"(2.129324051208142, 24.542435105989533)",0.8689,Significantly Less
ENSG00000269547,"(2.1748969532839046, 11.425529739975108)",0.0,Significantly Less
ENSG00000100749,"(-0.6268282087776367, 14.405512537923007)",29.4471,Significantly More
ENSG00000186197,"(0.5212609727238768, 5.029971433584361)",0.1886,Significantly Less
ENSG00000131470,"(9.111908647037554, 27.472407340502848)",4.1517,Significantly Less
ENSG00000173960,"(5.501964657911111, 14.310536325328009)",5.2468,Significantly Less
ENSG00000178922,"(7.612484199598452, 51.90096042213543)",0.0,Significantly Less
ENSG00000147799,"(0.24188818377291588, 3.7823042928802315)",21.619,Significantly More
ENSG00000167272,"(2.9841666326384093, 37.57597352531896)",53.111,Significantly More
ENSG00000147099,"(3.176727194562081, 9.330729256146364)",1.6268,Significantly Less
ENSG00000247853,"(1.5439898496720765, 12.014635493003517)",0.2746,Significantly Less
ENSG00000152193,"(0.8083547453077551, 4.645640354386737)",6.7056,Significantly More
ENSG00000118454,"(17.62398097243694, 36.23789418580143)",9.7995,Significantly Less
ENSG00000196976,"(3.844323100589005, 16.302085266719377)",178.2274,Significantly More
ENSG00000023892,"(0.4105592670456115, 13.257427701929963)",30.161,Significantly More
ENSG00000117151,"(3.7757278945860016, 16.727851672030976)",1.7175,Significantly Less
ENSG00000167220,"(27.742182163916212, 67.251185952058)",0.451,Significantly Less
ENSG00000186185,"(-0.7343197129511063, 4.2024467679176984)",23.7769,Significantly More
ENSG00000152465,"(13.178597727446933, 26.059991510006952)",5.452,Significantly Less
ENSG00000132541,"(6.415335217088025, 28.71950503910954)",61.6279,Significantly More
ENSG00000105556,"(6.783211786739637, 37.941213562002005)",5.2407,Significantly Less
ENSG00000270170,"(10.013188735762453, 30.460836713006763)",133.7661,Significantly More
ENSG00000178971,"(1.6884756146387825, 9.019023214899798)",9.3455,Significantly More
ENSG00000173145,"(-0.38409286026224176, 7.980845913098929)",10.0295,Significantly More
ENSG00000047579,"(6.422945730820394, 20.019922653895293)",21.1323,Significantly More
ENSG00000104689,"(-0.2715596130603313, 24.31594802600064)",39.2961,Significantly More
ENSG00000146232,"(2.855194380728763, 15.065830735626841)",23.5378,Significantly More
ENSG00000083535,"(6.613071478410776, 26.39864095621565)",4.7976,Significantly Less
ENSG00000037897,"(-1.8083839444312932, 24.702366079758576)",50.3263,Significantly More
ENSG00000136940,"(17.172214274802396, 42.90168621357873)",11.9212,Significantly Less
ENSG00000160813,"(2.2341766980313302, 16.576474518105822)",47.9587,Significantly More
ENSG00000183597,"(14.149864390167254, 38.973110773958304)",5.9728,Significantly Less
ENSG00000256591,"(17.028169886950497, 51.40179368960061)",0.2004,Significantly Less
ENSG00000181827,"(0.48695004716765244, 3.023044974399708)",5.8564,Significantly More
ENSG00000162972,"(8.177182460980504, 27.10947135008086)",32.9526,Significantly More
ENSG00000165660,"(3.9669452007020585, 8.327775997372523)",15.7123,Significantly More
ENSG00000186714,"(2.419677371019868, 6.3793866896495075)",0.0,Significantly Less
ENSG00000107362,"(3.260307721771513, 17.177889597741213)",18.9545,Significantly More
ENSG00000105327,"(0.762358113933943, 11.88010398688835)",36.2076,Significantly More
ENSG00000151376,"(2.2587780525134864, 33.62802356484356)",34.1321,Significantly More
ENSG00000205808,"(2.9812317220170286, 12.233558216673039)",13.1681,Significantly More
ENSG00000137936,"(9.21627634380255, 41.16297253849977)",8.192,Significantly Less
ENSG00000080573,"(-2.066870066289155, 6.298307253037301)",9.0897,Significantly More
ENSG00000126814,"(8.631174369217831, 35.63018718595721)",8.1743,Significantly Less
ENSG00000254290,"(-1.6489578822602322, 11.289180889396823)",51.8964,Significantly More
ENSG00000099992,"(7.409149369783627, 24.648376163620853)",4.8166,Significantly Less
ENSG00000100294,"(7.829602007423201, 26.347687601153407)",58.8726,Significantly More
ENSG00000139266,"(2.044313873820384, 9.991854054486016)",24.0954,Significantly More
ENSG00000106268,"(3.156112867516482, 22.05802223120368)",43.5026,Significantly More
ENSG00000170542,"(-0.2998078638813806, 6.384209633488711)",11.2796,Significantly More
ENSG00000128891,"(4.501035157224987, 54.72417078817779)",3.1028,Significantly Less
ENSG00000122550,"(6.719041966685474, 47.92564866307525)",5.4189,Significantly Less
ENSG00000171823,"(2.456289983508043, 32.92510126541119)",37.5891,Significantly More
ENSG00000105248,"(8.831762145796855, 23.525664271063366)",44.8264,Significantly More
ENSG00000166225,"(17.06462198789262, 47.79791810014723)",7.6559,Significantly Less
ENSG00000099326,"(-0.5657767854991169, 10.264864453689913)",26.0307,Significantly More
ENSG00000146587,"(1.0756881309724444, 4.489819976954207)",4.9173,Significantly More
ENSG00000183765,"(1.1681080330920741, 14.080722042346029)",17.8158,Significantly More
ENSG00000249673,"(3.393915379216311, 8.927659210884208)",1.8836,Significantly Less
ENSG00000005001,"(-4.714664329130826, 7.7712021404217575)",32.6913,Significantly More
ENSG00000204946,"(0.8972503237414156, 7.173415480938978)",9.3502,Significantly More
ENSG00000125485,"(0.6346432543901099, 6.7134370455522365)",10.8725,Significantly More
ENSG00000151151,"(0.23670327904623845, 7.542110037267918)",9.1789,Significantly More
ENSG00000166167,"(9.121696483005943, 33.505927424669466)",6.9298,Significantly Less
ENSG00000174943,"(2.064133649352229, 11.320634511123512)",12.5117,Significantly More
ENSG00000168795,"(1.867419483924834, 4.569351281363298)",11.1533,Significantly More
ENSG00000136682,"(3.0796727138047615, 11.326303825073754)",1.8102,Significantly Less
ENSG00000255292,"(14.779723468575327, 99.73311969518284)",0.0,Significantly Less
ENSG00000273398,"(3.1356672006249133, 10.045270493828045)",0.0,Significantly Less
ENSG00000124217,"(1.2681506509692415, 2.547671787678252)",9.0531,Significantly More
ENSG00000197019,"(-2.809584064307227, 28.112938270993336)",39.3504,Significantly More
ENSG00000106780,"(1.326192971990043, 6.2847780303383125)",6.3649,Significantly More
ENSG00000148572,"(5.938131725525154, 17.82796465214136)",19.111,Significantly More
ENSG00000168566,"(2.365378551201456, 7.354111917792562)",12.6289,Significantly More
ENSG00000101945,"(1.8502744068243828, 8.101097680054973)",28.9091,Significantly More
ENSG00000151233,"(0.8524345556988577, 4.427932550652805)",10.4026,Significantly More
ENSG00000224870,"(4.847778031693551, 11.947778857519612)",18.9701,Significantly More
ENSG00000213047,"(2.739132355272023, 22.37040676795937)",2.6489,Significantly Less
ENSG00000108599,"(16.220461967405488, 58.82762937419152)",9.5638,Significantly Less
ENSG00000143801,"(4.6684258046816725, 10.959759225051965)",0.1563,Significantly Less
ENSG00000120318,"(-0.9690010349169076, 7.107663664089074)",7.7381,Significantly More
ENSG00000120860,"(6.312502368421736, 27.726846495583654)",43.3383,Significantly More
ENSG00000100379,"(4.836237761136948, 36.78521291264529)",37.9302,Significantly More
ENSG00000003393,"(0.20859369949852358, 3.8033948060052323)",4.6215,Significantly More
ENSG00000124313,"(12.717265597827119, 35.804585397484445)",5.9079,Significantly Less
ENSG00000173867,"(3.0398597518223465, 17.573824086066082)",0.0,Significantly Less
ENSG00000184436,"(4.419510665333947, 20.08109276952475)",23.0911,Significantly More
ENSG00000198890,"(1.8769531338517877, 12.59499146590003)",14.5537,Significantly More
ENSG00000158169,"(6.223873379146482, 26.251817015362434)",4.0132,Significantly Less
ENSG00000147251,"(-0.8075194461296418, 4.842656041463024)",16.2387,Significantly More
ENSG00000197021,"(7.614757491008872, 18.630426769216307)",20.4935,Significantly More
ENSG00000254635,"(2.9994460074096114, 10.922890004840077)",17.3134,Significantly More
ENSG00000182400,"(7.201454226010812, 27.932631278875206)",1.6295,Significantly Less
ENSG00000167186,"(15.153747144556728, 43.50320377383241)",11.127,Significantly Less
ENSG00000204237,"(4.488891133960223, 25.052683461597425)",28.7361,Significantly More
ENSG00000075218,"(-2.1441542400568103, 13.725851075594562)",18.6189,Significantly More
ENSG00000166575,"(7.657220627680692, 32.841744497182226)",5.9427,Significantly Less
ENSG00000116095,"(10.884293806271195, 37.122996311440765)",3.311,Significantly Less
ENSG00000146477,"(-1.5638231981624713, 4.445512396277446)",7.5047,Significantly More
ENSG00000172273,"(7.971743529555388, 29.164904291475494)",6.5908,Significantly Less
ENSG00000140950,"(10.066722053441914, 34.567557541246344)",5.2115,Significantly Less
ENSG00000103150,"(16.86471580251127, 43.505663442374875)",4.5784,Significantly Less
ENSG00000237017,"(1.5966711556168736, 5.108553543200154)",0.5076,Significantly Less
ENSG00000008226,"(1.133726000076587, 19.363880903226118)",0.4158,Significantly Less
ENSG00000261732,"(0.6684197805478078, 4.664445771536151)",0.0566,Significantly Less
ENSG00000165816,"(-0.46114021185326853, 1.2860086348390278)",61.4092,Significantly More
ENSG00000249115,"(0.5513655161598336, 5.2370480758772775)",17.1478,Significantly More
ENSG00000116990,"(0.1895323141586287, 12.162261771147495)",15.5124,Significantly More
ENSG00000125845,"(-2.565529429869935, 31.24323409653828)",33.9765,Significantly More
ENSG00000145348,"(7.41319460729683, 39.47744582089766)",2.9512,Significantly Less
ENSG00000149809,"(2.3799104092024432, 21.065019287895865)",26.0029,Significantly More
ENSG00000101452,"(1.621177250317488, 6.231387963541877)",8.415,Significantly More
ENSG00000156671,"(0.9133406935234776, 4.046799376608316)",6.8277,Significantly More
ENSG00000102871,"(5.987826619076575, 35.89719728892483)",36.1431,Significantly More
ENSG00000069869,"(-1.6480494495441045, 5.651844619200603)",9.5022,Significantly More
ENSG00000125351,"(1.0886480016357107, 6.840012863574433)",28.476,Significantly More
ENSG00000268643,"(29.236146778511138, 62.43330426203951)",0.0,Significantly Less
ENSG00000169371,"(8.452167029322045, 27.728481066254236)",7.2458,Significantly Less
ENSG00000175197,"(2.484806917878702, 18.51139062489016)",31.4873,Significantly More
ENSG00000073331,"(5.659931597230363, 28.392637002971092)",4.4273,Significantly Less
ENSG00000165675,"(0.6277173451931408, 4.56826638308176)",14.7611,Significantly More
ENSG00000125352,"(3.772250863346927, 15.007308711819906)",80.1029,Significantly More
ENSG00000161677,"(12.947489160330345, 36.71300944767208)",102.499,Significantly More
ENSG00000186687,"(11.834555721924026, 81.06003696094325)",7.684,Significantly Less
ENSG00000187325,"(-2.966225589924994, 19.290993433717873)",19.4565,Significantly More
ENSG00000164647,"(-1.2392450162890771, 27.09188348156833)",43.0565,Significantly More
ENSG00000100290,"(0.6796415716539581, 21.2218061200465)",111.1183,Significantly More
ENSG00000259494,"(2.189256538778352, 36.20424593013605)",1.8602,Significantly Less
ENSG00000120075,"(-0.9518873015876848, 15.52780819862187)",45.4234,Significantly More
ENSG00000080839,"(0.8456078357558137, 5.971538344337656)",7.8461,Significantly More
ENSG00000135093,"(12.139467534554864, 53.032271103094374)",10.4074,Significantly Less
ENSG00000047365,"(5.333546822726383, 34.78836508248383)",4.3549,Significantly Less
ENSG00000109762,"(1.7383295383673314, 7.574829821203142)",12.9067,Significantly More
ENSG00000163013,"(-0.02139119892381458, 1.320742232019263)",6.6599,Significantly More
ENSG00000124103,"(12.687405085137975, 27.175435519987225)",0.0,Significantly Less
ENSG00000125434,"(4.588739641685665, 18.59645727578966)",3.9289,Significantly Less
ENSG00000181472,"(2.706332157360622, 6.8041311262145925)",15.7888,Significantly More
ENSG00000148143,"(3.627846910692835, 41.81406651985914)",3.104,Significantly Less
ENSG00000118518,"(11.856413416536782, 41.720101042225075)",10.7991,Significantly Less
ENSG00000163611,"(3.238600592244884, 25.704022298596115)",0.6834,Significantly Less
ENSG00000267009,"(2.4778213997873024, 49.617536522131914)",0.0,Significantly Less
ENSG00000106346,"(2.314054695021368, 6.207079412593141)",6.544,Significantly More
ENSG00000160193,"(-0.6248831056002171, 9.795471745371644)",44.8717,Significantly More
ENSG00000181666,"(6.985899102407252, 40.20500328343902)",6.472,Significantly Less
ENSG00000204130,"(3.064609925728706, 13.112887582900523)",2.5195,Significantly Less
ENSG00000144909,"(2.4905048862354016, 7.909801228233132)",9.6717,Significantly More
ENSG00000032219,"(8.31687434798539, 32.77636269686794)",4.4117,Significantly Less
ENSG00000160336,"(0.7959670366882392, 5.95614146851814)",12.4863,Significantly More
ENSG00000123106,"(8.724006016727337, 41.38463186678404)",5.1016,Significantly Less
ENSG00000177352,"(3.4930023194860684, 17.219211536879982)",26.3449,Significantly More
ENSG00000182810,"(1.1847021775533326, 8.937867929953708)",38.7114,Significantly More
ENSG00000112167,"(2.745880395658465, 7.429769805432084)",19.546,Significantly More
ENSG00000163629,"(-0.9580318962114359, 2.8460641811650724)",8.9375,Significantly More
ENSG00000136383,"(-2.929508239733798, 5.064104770931188)",9.7403,Significantly More
ENSG00000163618,"(0.00044148754608164253, 6.002248782837199)",6.6302,Significantly More
ENSG00000117479,"(-1.317757999500925, 6.785411554819502)",12.2629,Significantly More
ENSG00000132436,"(0.5551980914264694, 6.999571442763051)",9.3131,Significantly More
ENSG00000237080,"(2.3027109888649626, 11.887796071162514)",1.9935,Significantly Less
ENSG00000175283,"(3.901432580697423, 9.74333408504447)",29.1463,Significantly More
ENSG00000237190,"(1.4148858408092497, 24.110050337142695)",39.7828,Significantly More
ENSG00000129696,"(2.3933416160472136, 10.273940190029382)",10.9317,Significantly More
ENSG00000151131,"(3.0505607160302075, 12.470999605082799)",2.819,Significantly Less
ENSG00000093009,"(-4.737864829369013, 16.5862827746711)",35.6366,Significantly More
ENSG00000166507,"(12.958776141769963, 57.83697589068851)",0.2591,Significantly Less
ENSG00000130695,"(0.4717974710995638, 8.446126020707624)",13.2434,Significantly More
ENSG00000131116,"(4.520559010270542, 31.031838869879362)",36.0123,Significantly More
ENSG00000272084,"(0.8819410529765261, 6.159272352551865)",0.576,Significantly Less
ENSG00000258466,"(19.719607276665666, 61.29661846008574)",0.0,Significantly Less
ENSG00000174177,"(1.0552738899037832, 12.143056898294379)",17.3346,Significantly More
ENSG00000254369,"(7.182349806764272, 44.580188432336165)",0.0758,Significantly Less
ENSG00000255108,"(6.563839343404929, 77.20249622563122)",0.571,Significantly Less
ENSG00000163795,"(4.131750115988554, 19.429635009843736)",26.8418,Significantly More
ENSG00000186710,"(2.759279271521133, 13.375388133983805)",0.262,Significantly Less
ENSG00000274322,"(2.832934210501662, 101.58224469740094)",1.0963,Significantly Less
ENSG00000166965,"(1.0273498756779942, 10.936235384966462)",14.6833,Significantly More
ENSG00000278970,"(5.71900115499667, 28.342374065055836)",3.8969,Significantly Less
ENSG00000136870,"(1.7427929012418888, 7.806307095816655)",10.8899,Significantly More
ENSG00000280433,"(1.9004310153041244, 11.057798319339401)",0.7522,Significantly Less
ENSG00000111752,"(6.398402172407048, 35.27504805712884)",1.3517,Significantly Less
ENSG00000162702,"(0.7462340021310561, 3.8111679912325713)",6.8059,Significantly More
ENSG00000186812,"(5.020608538302335, 27.688742763499242)",2.6465,Significantly Less
ENSG00000270629,"(1.4202336066893668, 13.02898066648693)",0.3773,Significantly Less
ENSG00000198252,"(1.218253781728753, 5.679617091943053)",9.6807,Significantly More
ENSG00000173366,"(4.739545186575944, 14.470930504703889)",0.0,Significantly Less
ENSG00000159055,"(1.3243163609436746, 19.150667353697223)",38.7101,Significantly More
ENSG00000163728,"(3.767330187119862, 31.79573894157597)",3.1676,Significantly Less
ENSG00000258529,"(10.515110290116539, 25.608334735950535)",0.0,Significantly Less
ENSG00000240889,"(5.529966101061127, 17.970738217295946)",1.0977,Significantly Less
ENSG00000115042,"(5.779476197770396, 26.79792433931448)",5.1506,Significantly Less
ENSG00000257949,"(3.8570554798006462, 55.28447411540955)",0.1175,Significantly Less
ENSG00000104205,"(12.095447371481793, 58.27092809805123)",2.8343,Significantly Less
ENSG00000139734,"(-0.832342805078655, 4.2794334063543396)",5.5129,Significantly More
ENSG00000145506,"(-0.5852671334407487, 2.631149417181859)",12.1136,Significantly More
ENSG00000115274,"(6.209802075614366, 25.663480515004064)",1.4636,Significantly Less
ENSG00000156469,"(-0.5134682787121942, 13.814223219441539)",30.4674,Significantly More
ENSG00000115539,"(9.37084342789911, 29.24882161622692)",39.0643,Significantly More
ENSG00000113318,"(2.382523572726548, 6.7715096358804825)",7.9489,Significantly More
ENSG00000228363,"(8.874211062327348, 40.70270179240205)",0.0527,Significantly Less
ENSG00000157881,"(14.121412230076091, 41.73143117005631)",12.2749,Significantly Less
ENSG00000101190,"(0.1876011330374614, 4.970517302417699)",9.5759,Significantly More
ENSG00000119401,"(0.6211045187793456, 6.934976768779483)",16.284,Significantly More
ENSG00000131187,"(0.13961322605845927, 6.430621550350622)",15.8623,Significantly More
ENSG00000177370,"(2.868858614043787, 8.475829308658476)",21.8872,Significantly More
ENSG00000149308,"(4.758226235358533, 16.849781216183125)",4.4443,Significantly Less
ENSG00000172731,"(-1.7946430802514448, 7.576038693172949)",11.8102,Significantly More
ENSG00000157045,"(14.37043651181272, 56.07887068146369)",14.227,Significantly Less
ENSG00000140153,"(21.995257396279214, 38.65637165730604)",6.2151,Significantly Less
ENSG00000132781,"(2.839982846849237, 18.977527329633098)",0.4151,Significantly Less
ENSG00000160712,"(14.830494690005196, 171.24506759312263)",4.0881,Significantly Less
ENSG00000121931,"(2.532502733871592, 8.529658896687119)",9.8575,Significantly More
ENSG00000196873,"(0.6193879008050507, 10.870689202512217)",0.2142,Significantly Less
ENSG00000083093,"(0.7670353265598493, 3.4401658874948096)",7.7485,Significantly More
ENSG00000203760,"(-6.484757855280034, 33.278502635843665)",73.9612,Significantly More
ENSG00000089775,"(2.3170864332624177, 9.411334028281585)",2.3065,Significantly Less
ENSG00000120656,"(4.568391664935596, 13.366524389045189)",19.4803,Significantly More
ENSG00000168612,"(1.5825379732252451, 6.28074421992674)",22.0485,Significantly More
ENSG00000168675,"(2.2643147997427793, 20.91239768008529)",0.6048,Significantly Less
ENSG00000143333,"(-1.717869337793153, 4.706947092598789)",29.9866,Significantly More
ENSG00000187866,"(0.8518408139760152, 6.016856811512779)",9.1785,Significantly More
ENSG00000267449,"(15.409461092188636, 71.92684268784545)",0.0,Significantly Less
ENSG00000169762,"(19.537692351015423, 49.906234490324195)",6.1208,Significantly Less
ENSG00000261221,"(1.1430357237516957, 7.291822301534035)",29.7648,Significantly More
ENSG00000164087,"(-0.22033061610629723, 10.446973217711943)",32.8143,Significantly More
ENSG00000126775,"(1.2527483894269205, 5.73674593390412)",9.0898,Significantly More
ENSG00000164463,"(3.1536811707472694, 20.114146098697944)",1.7968,Significantly Less
ENSG00000141446,"(1.8126100526008253, 6.165416741127165)",7.0738,Significantly More
ENSG00000146426,"(1.8759658184418893, 26.48627668909257)",0.549,Significantly Less
ENSG00000263327,"(0.8479539259485422, 10.86193357343581)",0.8184,Significantly Less
ENSG00000249773,"(1.7374261419589487, 7.451934002525178)",0.0,Significantly Less
ENSG00000169814,"(4.728329812160606, 27.12961715646459)",2.8293,Significantly Less
ENSG00000149679,"(1.6820715204821015, 7.493894297726869)",18.002,Significantly More
ENSG00000100526,"(-4.235790655599498, 23.13324304247549)",41.2172,Significantly More
ENSG00000267026,"(6.831419440329668, 92.88520308009798)",0.0,Significantly Less
ENSG00000280407,"(3.0444715440324828, 8.859837298059704)",0.4341,Significantly Less
ENSG00000127580,"(1.9135507756596706, 6.24437021247334)",12.2216,Significantly More
ENSG00000100162,"(-3.388324817399406, 30.92199708609388)",63.2275,Significantly More
ENSG00000170365,"(22.42379333937465, 56.27691033895941)",8.415,Significantly Less
ENSG00000119673,"(5.125503757662154, 26.819415632975982)",28.6627,Significantly More
ENSG00000096872,"(12.577102117052949, 38.104970288794334)",6.5461,Significantly Less
ENSG00000132623,"(0.7181023866701688, 3.824773753104207)",11.7895,Significantly More
ENSG00000164885,"(5.213344645857055, 18.794702537769787)",22.8543,Significantly More
ENSG00000134056,"(5.203396633864326, 29.64161581537493)",34.0365,Significantly More
ENSG00000145388,"(14.53749125732228, 34.86674886824269)",6.9223,Significantly Less
ENSG00000198924,"(0.694931804035233, 3.8495400970056948)",7.7972,Significantly More
ENSG00000196214,"(9.359119461168087, 30.174080373946104)",8.3622,Significantly Less
ENSG00000138785,"(11.646310868270806, 30.72609985163812)",9.4386,Significantly Less
ENSG00000142765,"(-3.139254579828968, 11.44419896249197)",23.3787,Significantly More
ENSG00000064703,"(1.6968761431946517, 5.0518729798132345)",10.5266,Significantly More
ENSG00000100263,"(2.7838878300597134, 21.943805325965045)",31.2861,Significantly More
ENSG00000047346,"(6.8344532280936185, 40.950209492710485)",3.2658,Significantly Less
ENSG00000177595,"(0.2476474006282583, 7.319331319299431)",10.5046,Significantly More
ENSG00000138175,"(-0.9433415070958548, 7.725965980466089)",10.7732,Significantly More
ENSG00000095574,"(7.827163501591052, 35.19918608082412)",7.2498,Significantly Less
ENSG00000198455,"(0.8768990536046086, 3.282877804176011)",10.7932,Significantly More
ENSG00000185561,"(-0.19763207985853448, 13.274625029035269)",16.4735,Significantly More
ENSG00000149564,"(-0.9402048987742635, 17.606029166148254)",19.3596,Significantly More
ENSG00000092020,"(9.786393014779645, 45.45126254518932)",7.7656,Significantly Less
ENSG00000146409,"(2.056158203517513, 11.69207425936822)",17.9158,Significantly More
ENSG00000132406,"(1.9892022093675248, 20.911482825447756)",21.5599,Significantly More
ENSG00000186767,"(0.09385909732330644, 3.3686122007478656)",18.141,Significantly More
ENSG00000109911,"(4.18816430825586, 13.700416051650578)",1.0457,Significantly Less
ENSG00000125962,"(1.9683035386921706, 6.266869449544091)",8.8711,Significantly More
ENSG00000163867,"(4.956201518608253, 15.705767628959244)",2.8675,Significantly Less
ENSG00000015568,"(4.338259591592575, 38.527923077605394)",0.0,Significantly Less
ENSG00000171045,"(1.135485008085272, 8.66682500588156)",20.0463,Significantly More
ENSG00000146242,"(-0.04998806758890684, 8.944850494721916)",14.6373,Significantly More
ENSG00000106459,"(3.871288907512586, 7.911309823948171)",11.199,Significantly More
ENSG00000162543,"(-1.223827779004579, 7.135065459513229)",9.9739,Significantly More
ENSG00000143793,"(3.2400473476905445, 11.911768724297996)",17.5311,Significantly More
ENSG00000166171,"(0.8027871909253523, 23.76989157564917)",32.6276,Significantly More
ENSG00000067177,"(-0.09819577035006621, 2.07882035280055)",12.3209,Significantly More
ENSG00000110756,"(6.403717986609955, 16.573662670717315)",5.7646,Significantly Less
ENSG00000188211,"(-1.0719591564289397, 4.182029651156901)",7.0115,Significantly More
ENSG00000184178,"(0.6978992203235057, 10.558410220196482)",19.3654,Significantly More
ENSG00000126821,"(1.1979439237446101, 13.886429596393771)",14.5505,Significantly More
ENSG00000100150,"(3.2207632434291096, 12.140863171368736)",2.674,Significantly Less
ENSG00000143217,"(-1.0868500388491136, 5.016318478945441)",13.3396,Significantly More
ENSG00000047056,"(2.3271097380665955, 8.013610208208377)",9.1151,Significantly More
ENSG00000083844,"(9.249896022458262, 45.6708340331172)",3.332,Significantly Less
ENSG00000204498,"(4.280250154715618, 16.663352417021564)",19.3596,Significantly More
ENSG00000124171,"(-1.0355446557566186, 8.478864537863176)",14.1426,Significantly More
ENSG00000135049,"(1.8068347149667194, 5.760825597168713)",7.3252,Significantly More
ENSG00000054282,"(8.001590674519772, 26.280465031731392)",4.6745,Significantly Less
ENSG00000145996,"(2.423289936174268, 6.648353036574077)",8.353,Significantly More
ENSG00000266173,"(6.977784571511303, 21.304072084274555)",0.819,Significantly Less
ENSG00000155100,"(-0.08668863378455294, 4.2431151092678885)",8.8318,Significantly More
ENSG00000136169,"(0.8518202551764915, 3.473407636953956)",4.2438,Significantly More
ENSG00000158792,"(0.8941833637963157, 27.600969803490816)",29.0132,Significantly More
ENSG00000115827,"(5.143077301123331, 24.38704954566955)",4.1344,Significantly Less
ENSG00000204876,"(-2.268199506546014, 4.619028277799669)",37.5678,Significantly More
ENSG00000205089,"(2.3980098330361512, 8.556129847269421)",19.9511,Significantly More
ENSG00000254004,"(0.7378226081086381, 4.345766732379923)",6.413,Significantly More
ENSG00000133027,"(2.458789909352644, 25.37634468349311)",48.1163,Significantly More
ENSG00000068784,"(12.541185005418775, 34.270171175198335)",6.0358,Significantly Less
ENSG00000275740,"(1.273333387598814, 6.929204523938006)",0.0,Significantly Less
ENSG00000141376,"(9.531540430593356, 42.45462477554901)",2.6192,Significantly Less
ENSG00000278206,"(3.7765974621756486, 9.602693731968099)",0.29,Significantly Less
ENSG00000186603,"(-1.302342580562617, 8.408990355453653)",55.0627,Significantly More
ENSG00000070778,"(7.741817291715421, 36.80172958219276)",3.4984,Significantly Less
ENSG00000139618,"(-0.12858910277424412, 0.8104259884592977)",2.1547,Significantly More
ENSG00000184056,"(7.212958994494682, 15.234384945131215)",3.4525,Significantly Less
ENSG00000100764,"(13.585783752130762, 27.036956386440178)",6.7638,Significantly Less
ENSG00000101888,"(0.9416218558838221, 11.34670507532999)",11.51,Significantly More
ENSG00000114698,"(11.101793134069986, 59.064139894876725)",6.0213,Significantly Less
ENSG00000160223,"(0.364821734509873, 7.49490144282365)",0.0161,Significantly Less
ENSG00000131725,"(1.1591126109092387, 7.030497117250823)",14.7805,Significantly More
ENSG00000065491,"(2.8471228702161, 7.647075161211992)",12.584,Significantly More
ENSG00000143443,"(13.227291836202086, 41.11676215613331)",4.1585,Significantly Less
ENSG00000144040,"(7.569269276572644, 43.05900452874111)",5.808,Significantly Less
ENSG00000116903,"(1.3212656849445243, 4.876429913583743)",6.4437,Significantly More
ENSG00000224877,"(5.9341929687575075, 31.988353659977776)",65.7476,Significantly More
ENSG00000119574,"(2.901048781097791, 9.992110091429264)",41.4228,Significantly More
ENSG00000213533,"(9.729581073523804, 50.29202651891283)",0.502,Significantly Less
ENSG00000267618,"(12.284247969200004, 29.4495858396117)",0.0,Significantly Less
ENSG00000115459,"(7.561712770563053, 27.236147120887743)",4.4026,Significantly Less
ENSG00000114541,"(8.670120366880788, 84.36417368035794)",2.4763,Significantly Less
ENSG00000100360,"(10.11860300055741, 33.41206735036704)",3.5009,Significantly Less
ENSG00000185633,"(-1.738511120598707, 9.50462712829493)",106.8013,Significantly More
ENSG00000116497,"(6.720276594935802, 36.022038659595964)",4.675,Significantly Less
ENSG00000125966,"(1.715284519885965, 6.457020500908334)",0.689,Significantly Less
ENSG00000213859,"(2.76654495105437, 8.597559225928958)",23.8748,Significantly More
ENSG00000152464,"(5.924629414186336, 17.72884631003138)",17.8084,Significantly More
ENSG00000177954,"(3.944653359399318, 37.74353372616842)",921.784,Significantly More
ENSG00000214039,"(-0.012051087243834566, 0.023285616226394204)",22.2726,Significantly More
ENSG00000088179,"(10.182621756937351, 26.38609038792511)",2.9523,Significantly Less
ENSG00000188483,"(-0.8647286767423155, 4.36610045112924)",21.8054,Significantly More
ENSG00000166415,"(-0.6023097186098683, 1.4650847595990084)",8.8447,Significantly More
ENSG00000232940,"(11.131572082550575, 28.085916455626005)",0.3086,Significantly Less
ENSG00000068137,"(-0.5301943784181375, 10.114362095533355)",11.6128,Significantly More
ENSG00000127774,"(9.104511935021069, 31.0226957460518)",7.4202,Significantly Less
ENSG00000140691,"(1.2987231749868786, 7.004041479198113)",13.1037,Significantly More
ENSG00000132003,"(0.33581107886769346, 2.323461126673395)",3.5504,Significantly More
ENSG00000148344,"(-2.511098814130918, 11.726229486833368)",43.6057,Significantly More
ENSG00000174469,"(0.4368077939700621, 8.99801095775074)",0.046,Significantly Less
ENSG00000151413,"(8.194564582337831, 38.995653592876074)",6.1173,Significantly Less
ENSG00000268104,"(-6.261635213950468, 8.435563846425467)",9.0727,Significantly More
ENSG00000066427,"(8.816511552989386, 27.06864493094722)",3.5888,Significantly Less
ENSG00000135541,"(-0.1680926817479882, 3.929094979173673)",4.8029,Significantly More
ENSG00000185480,"(-1.4574122683579924, 8.405689713991926)",9.5269,Significantly More
ENSG00000122484,"(4.30016685121801, 16.042774802852485)",2.246,Significantly Less
ENSG00000163528,"(3.1421751514678373, 15.86224576536321)",36.7509,Significantly More
ENSG00000090674,"(14.754572549711185, 47.21460796780872)",10.7785,Significantly Less
ENSG00000134152,"(5.356972943397871, 35.9629619813044)",4.9074,Significantly Less
ENSG00000105877,"(5.746897672299525, 28.103722724969764)",0.028,Significantly Less
ENSG00000179943,"(12.711887402022215, 34.179477964954295)",11.9975,Significantly Less
ENSG00000173085,"(2.037768093915888, 19.813418614493052)",23.5847,Significantly More
ENSG00000129932,"(0.892952488105804, 16.152006167162824)",62.1892,Significantly More
ENSG00000112367,"(3.582427393697703, 9.454067510000751)",1.4628,Significantly Less
ENSG00000067992,"(-0.22213547493359176, 6.884671436623053)",41.3644,Significantly More
ENSG00000178966,"(0.9742078454181118, 6.250568230113714)",8.7715,Significantly More
ENSG00000185947,"(4.496000241960196, 22.11968324072264)",3.8382,Significantly Less
ENSG00000254685,"(6.877917013189599, 30.930870330997205)",6.1669,Significantly Less
ENSG00000275183,"(2.0551252708744805, 12.264794897787178)",29.6044,Significantly More
ENSG00000196505,"(6.814108479874446, 19.46356223089259)",3.4643,Significantly Less
ENSG00000120688,"(0.6901006926530209, 8.67977340565225)",10.2897,Significantly More
ENSG00000262304,"(1.3429959528144448, 6.525571737283238)",0.0317,Significantly Less
ENSG00000063169,"(0.40980300319133933, 5.744727185978995)",13.4315,Significantly More
ENSG00000127528,"(-6.179991794149906, 35.1613150436692)",45.3309,Significantly More
ENSG00000120539,"(1.141969424296374, 3.6291620946656553)",7.2785,Significantly More
ENSG00000111247,"(-2.7643605466699697, 17.269027938693895)",18.8654,Significantly More
ENSG00000162065,"(0.05851448529909642, 3.797770505719953)",4.4188,Significantly More
ENSG00000154328,"(0.8403008210543876, 7.832378304841267)",20.2877,Significantly More
ENSG00000144647,"(-0.5068025804543144, 9.105958013320038)",28.7271,Significantly More
ENSG00000164761,"(-0.6591799509412768, 7.558936534656669)",15.0027,Significantly More
ENSG00000171861,"(6.885799384358524, 28.37932376332436)",30.0734,Significantly More
ENSG00000165118,"(0.31502596078348866, 12.783475624051912)",12.9728,Significantly More
ENSG00000144120,"(4.599019279145061, 16.846190516144517)",25.0468,Significantly More
ENSG00000104290,"(-0.36764347915665996, 1.802890224706843)",6.9764,Significantly More
ENSG00000142252,"(2.3406239692759705, 30.532260752356105)",1.8952,Significantly Less
ENSG00000099889,"(-0.35076115915908, 7.623232454387133)",13.0526,Significantly More
ENSG00000154743,"(0.1581226099303894, 5.969003978497207)",8.6453,Significantly More
ENSG00000232838,"(5.351070342425281, 14.275798008577876)",1.9646,Significantly Less
ENSG00000078043,"(8.459970066868042, 44.68334824034217)",1.6506,Significantly Less
ENSG00000141577,"(0.5923602757070503, 5.932290907615235)",11.3269,Significantly More
ENSG00000100038,"(4.710566399917084, 29.08446257208282)",0.0454,Significantly Less
ENSG00000185252,"(0.014070932515058532, 3.7408967918084866)",10.5626,Significantly More
ENSG00000165312,"(0.4142617578675898, 11.584234057849777)",14.0827,Significantly More
ENSG00000151849,"(0.6167154803293253, 4.754407507065682)",5.8827,Significantly More
ENSG00000090612,"(8.239593817614018, 28.1053972206083)",2.9944,Significantly Less
ENSG00000179886,"(0.6776682618629759, 3.7305790317304752)",10.8994,Significantly More
ENSG00000175592,"(-12.535918703171433, 16.75654586842488)",40.5826,Significantly More
ENSG00000166377,"(16.665152295173666, 49.68898104023536)",3.967,Significantly Less
ENSG00000170836,"(2.325472487184093, 5.36935602318915)",8.6372,Significantly More
ENSG00000172345,"(9.876127607520457, 41.06941277843254)",1.5695,Significantly Less
ENSG00000138231,"(1.9331175733144264, 6.9500309052089655)",15.667,Significantly More
ENSG00000189114,"(11.967858265051214, 29.14553802431142)",31.5693,Significantly More
ENSG00000174989,"(0.1524459802498468, 6.381271419695008)",9.1739,Significantly More
ENSG00000139515,"(-0.43588039544284374, 0.910590553397168)",6.9495,Significantly More
ENSG00000151229,"(4.789944254975211, 29.624586023792446)",2.7824,Significantly Less
ENSG00000046647,"(1.1377014316607585, 11.948990697159507)",32.3384,Significantly More
ENSG00000165895,"(5.669673391810335, 64.98829018119869)",2.9298,Significantly Less
ENSG00000108786,"(7.654438066562321, 19.89178040118345)",0.1545,Significantly Less
ENSG00000105204,"(1.6324850731620622, 14.932957432100572)",20.1657,Significantly More
ENSG00000162639,"(0.760236360915969, 7.262420967010779)",25.4144,Significantly More
ENSG00000164180,"(4.645221761564314, 16.04011797632566)",4.0836,Significantly Less
ENSG00000141337,"(5.730867542123132, 22.208488280970645)",0.6637,Significantly Less
ENSG00000164970,"(-0.1292735647341523, 5.619028853909178)",11.599,Significantly More
ENSG00000198169,"(0.3123261256637466, 8.866511121139272)",10.1593,Significantly More
ENSG00000267100,"(0.994064373570712, 13.312663677196344)",16.4962,Significantly More
ENSG00000165861,"(8.256193779289159, 31.76520383741487)",7.6744,Significantly Less
ENSG00000236104,"(3.8873801573933866, 12.004786698679563)",17.2943,Significantly More
ENSG00000241962,"(2.655957098946737, 13.360191707336032)",0.0756,Significantly Less
ENSG00000186395,"(1.6965151631496074, 11.616462316426519)",21.814,Significantly More
ENSG00000240857,"(7.04713713720377, 18.37111431668034)",21.576,Significantly More
ENSG00000247228,"(0.22910203407723273, 17.002322575759653)",0.0,Significantly Less
ENSG00000170448,"(0.602637955494604, 3.8720587843985417)",7.8158,Significantly More
ENSG00000112365,"(0.8119368080798437, 3.044124854016755)",7.536,Significantly More
ENSG00000196459,"(1.6921325135242578, 8.459642231157599)",9.7256,Significantly More
ENSG00000152382,"(1.2243220741630267, 8.613762526749346)",11.0721,Significantly More
ENSG00000123607,"(0.7107384735718199, 3.9108999252528474)",4.0832,Significantly More
ENSG00000173926,"(5.837703808889344, 53.245567612235064)",3.5171,Significantly Less
ENSG00000148384,"(1.4763958217362871, 8.317390530053778)",9.0928,Significantly More
ENSG00000167625,"(1.0423032106542465, 4.296818883010803)",17.6049,Significantly More
ENSG00000110218,"(0.44898270748739577, 7.1036786929853335)",16.1212,Significantly More
ENSG00000189190,"(0.8072547170211535, 5.66717443888121)",6.1693,Significantly More
ENSG00000133059,"(-0.47720983347075085, 3.5737157220020817)",4.7492,Significantly More
ENSG00000162959,"(1.9811574734422424, 11.402820015571471)",1.0396,Significantly Less
ENSG00000125898,"(0.9085779465835904, 10.596294740947585)",40.9818,Significantly More
ENSG00000274629,"(8.801530841200858, 25.889679873354964)",0.2967,Significantly Less
ENSG00000254673,"(3.7911157669898863, 30.55603400162907)",0.0,Significantly Less
ENSG00000171004,"(-0.1676588264933988, 0.825133822879118)",23.7482,Significantly More
ENSG00000132825,"(1.292406484730933, 4.029997338258289)",8.0691,Significantly More
ENSG00000177182,"(1.3330258645982784, 18.560851575900685)",0.0204,Significantly Less
ENSG00000265479,"(2.1191081239615093, 11.401900837390102)",0.1981,Significantly Less
ENSG00000233098,"(6.769941362982095, 26.42297707099717)",0.1132,Significantly Less
ENSG00000237399,"(8.148828293629727, 28.80050021049029)",0.1725,Significantly Less
ENSG00000183340,"(1.9213024864230617, 7.981743373793267)",11.064,Significantly More
ENSG00000164978,"(-8.208195534813031, 38.230993815462746)",48.3289,Significantly More
ENSG00000165630,"(13.813669639090783, 28.55321964419025)",5.3137,Significantly Less
ENSG00000167785,"(4.7166098786145465, 21.512889989257673)",3.4319,Significantly Less
ENSG00000169972,"(2.730168555124176, 15.156413788846372)",37.089,Significantly More
ENSG00000105662,"(0.018992355476037392, 6.768695278630364)",12.4251,Significantly More
ENSG00000108622,"(3.78009061756128, 25.91101693691337)",1.7664,Significantly Less
ENSG00000174109,"(1.4639955874713806, 19.089872138588127)",57.8987,Significantly More
ENSG00000138670,"(3.155632736926526, 33.63025226183972)",0.9474,Significantly Less
ENSG00000232807,"(15.39804176978974, 39.21527504474428)",0.8863,Significantly Less
ENSG00000175087,"(0.9269506415319695, 5.411296916798389)",7.4051,Significantly More
ENSG00000206417,"(2.9560390214865233, 26.24498554161827)",0.3085,Significantly Less
ENSG00000111647,"(17.065234749532536, 35.28821755117284)",5.6025,Significantly Less
ENSG00000183655,"(1.702641089465395, 4.3432274790374565)",9.582,Significantly More
ENSG00000068885,"(4.023930477909843, 28.317902968819013)",1.6608,Significantly Less
ENSG00000171202,"(1.9535256150601619, 34.665627796795576)",45.0222,Significantly More
ENSG00000196757,"(1.05180194419352, 7.271053122114458)",9.1293,Significantly More
ENSG00000254726,"(-0.26931090986809136, 1.3252898025221134)",2.0127,Significantly More
ENSG00000139354,"(-0.13474811230842576, 8.41744172295602)",11.7958,Significantly More
ENSG00000262633,"(3.4270281415325474, 17.78710653233393)",0.0,Significantly Less
ENSG00000119778,"(4.117860950877889, 23.108280735397692)",2.8137,Significantly Less
ENSG00000165506,"(-0.2149854334628971, 9.19829118312417)",13.8239,Significantly More
ENSG00000008324,"(2.788278587074803, 16.62244841209798)",18.2269,Significantly More
ENSG00000221817,"(4.679617421445581, 20.422166417126455)",1.1238,Significantly Less
ENSG00000198783,"(5.031169552959498, 12.34307963837777)",18.3887,Significantly More
ENSG00000011478,"(0.13536098602266478, 8.966712713503078)",33.351,Significantly More
ENSG00000051180,"(-1.1289055387510176, 12.8009714904011)",18.1346,Significantly More
ENSG00000024526,"(-0.9666794974577781, 6.2073768869513835)",6.6641,Significantly More
ENSG00000147996,"(1.2776080874346576, 10.525247245811105)",1.0557,Significantly Less
ENSG00000159259,"(-0.6301596928348365, 10.4760816507542)",11.3119,Significantly More
ENSG00000141499,"(2.797980656406504, 8.721306911007023)",12.9499,Significantly More
ENSG00000197989,"(-1.808684169409772, 12.166817515486628)",21.2374,Significantly More
ENSG00000035499,"(-0.9089852454389655, 10.74231800576349)",12.8725,Significantly More
ENSG00000186376,"(2.2988953474772202, 6.477281250033178)",6.6798,Significantly More
ENSG00000279457,"(3.115423611599496, 13.205779410131889)",2.6977,Significantly Less
ENSG00000109436,"(11.952323395560256, 88.77212367213454)",3.5039,Significantly Less
ENSG00000189007,"(0.0017685523728001584, 1.5664565060953128)",6.7026,Significantly More
ENSG00000156232,"(3.585261156208927, 6.87746949199332)",11.27,Significantly More
ENSG00000102309,"(2.8352338539288766, 12.702715580577005)",18.8563,Significantly More
ENSG00000166452,"(2.5785679803324033, 15.614811329506301)",16.9754,Significantly More
ENSG00000187049,"(1.2010185972075806, 16.32890111121189)",26.3874,Significantly More
ENSG00000259172,"(1.6556789506481575, 16.647431113710432)",0.1746,Significantly Less
ENSG00000103248,"(7.040348129955706, 22.975362453729836)",3.9109,Significantly Less
ENSG00000204228,"(1.9874610507536836, 34.548144079263025)",35.018,Significantly More
ENSG00000122386,"(2.0400190585753295, 10.369926232915294)",21.221,Significantly More
ENSG00000101442,"(1.4621429798060397, 4.013780396976122)",19.7089,Significantly More
ENSG00000188747,"(-1.7381824973647788, 16.6096579983738)",44.4694,Significantly More
ENSG00000140326,"(1.3073899462850593, 8.057178645970899)",8.2734,Significantly More
ENSG00000228242,"(6.228906555114202, 24.49801528844528)",0.6758,Significantly Less
ENSG00000092978,"(4.270523777973411, 19.366921304234815)",3.2226,Significantly Less
ENSG00000162849,"(-0.5086525710862249, 0.8830439972513657)",1.371,Significantly More
ENSG00000121989,"(4.71290638731209, 32.09322239084104)",3.7874,Significantly Less
ENSG00000179564,"(0.9887542711240065, 8.318754032614418)",0.5256,Significantly Less
ENSG00000137404,"(-0.3034109531964502, 16.00541656772042)",21.8196,Significantly More
ENSG00000180667,"(0.5744775250369583, 2.7177799759162506)",3.8374,Significantly More
ENSG00000185019,"(1.7047264800323525, 4.885819401546572)",10.4358,Significantly More
ENSG00000169609,"(11.841215572476798, 39.47545260610395)",3.3839,Significantly Less
ENSG00000126243,"(1.9833389936269858, 11.009348891259762)",16.8577,Significantly More
ENSG00000254858,"(1.8717561579494353, 11.04591004474559)",28.4401,Significantly More
ENSG00000154511,"(-1.0464649513647597, 13.704782469259184)",16.5817,Significantly More
ENSG00000164073,"(4.04340955514524, 11.079639977331219)",3.6967,Significantly Less
ENSG00000106330,"(4.241710595445587, 16.797636007654)",22.3987,Significantly More
ENSG00000181284,"(1.4932577082314715, 16.343150773146352)",38.2334,Significantly More
ENSG00000104356,"(0.1371441079091542, 5.082521631212359)",13.5632,Significantly More
ENSG00000213015,"(0.8265055108209598, 24.768122069421864)",42.1442,Significantly More
ENSG00000130475,"(-1.0335594126508596, 4.691256608557728)",15.2759,Significantly More
ENSG00000189046,"(1.045575657709807, 11.347707593311878)",21.2625,Significantly More
ENSG00000186577,"(-0.29686873981043505, 19.297842780010452)",30.4563,Significantly More
ENSG00000261487,"(2.3985062988464616, 22.031136145756406)",0.0,Significantly Less
ENSG00000264112,"(-0.7408026874193925, 3.300152196654683)",8.0405,Significantly More
ENSG00000091651,"(-1.1376810073135206, 6.991582272247227)",16.0227,Significantly More
ENSG00000173432,"(-30.838732754577215, 44.6437669111537)",91.085,Significantly More
ENSG00000269693,"(1.1750682396666237, 4.318931216701432)",0.0,Significantly Less
ENSG00000141404,"(11.643238983825743, 48.526685324572156)",2.1786,Significantly Less
ENSG00000174373,"(3.4066810211331156, 15.56525119671898)",2.0617,Significantly Less
ENSG00000184857,"(6.894532548184348, 17.04451866597211)",21.022,Significantly More
ENSG00000153391,"(10.696793308133442, 40.585781050055104)",4.8436,Significantly Less
ENSG00000142459,"(6.113044878248127, 32.38025869991698)",5.4975,Significantly Less
ENSG00000189369,"(0.27964339635933655, 7.244942646502912)",15.8794,Significantly More
ENSG00000225484,"(3.245504813988397, 16.66457673612859)",0.8714,Significantly Less
ENSG00000169155,"(0.7210132905970952, 3.716112333384358)",6.1992,Significantly More
ENSG00000176410,"(2.486310841132928, 7.274655546912857)",14.3851,Significantly More
ENSG00000173894,"(-0.7871729613077987, 2.9536370359312802)",11.4834,Significantly More
ENSG00000214827,"(4.051767388124208, 18.28586505701228)",1.1021,Significantly Less
ENSG00000164404,"(0.5457580778903193, 15.675646741603895)",0.1839,Significantly Less
ENSG00000164077,"(0.9831019087282469, 9.18524884117597)",11.085,Significantly More
ENSG00000130119,"(1.1642115259627295, 5.093349406562298)",23.6169,Significantly More
ENSG00000135211,"(6.512285826410698, 21.19165758800284)",66.3492,Significantly More
ENSG00000118292,"(12.935277287236033, 55.46223994363234)",8.7837,Significantly Less
ENSG00000166478,"(8.915413746501516, 31.983444412273748)",8.712,Significantly Less
ENSG00000183155,"(2.7436850230205216, 6.459027608701875)",15.8528,Significantly More
ENSG00000198720,"(-0.8333544030360176, 3.163741689626171)",17.6052,Significantly More
ENSG00000027075,"(8.224491132475485, 52.69091726914709)",2.4925,Significantly Less
ENSG00000266978,"(2.660368085369101, 16.11818198362559)",0.1642,Significantly Less
ENSG00000204084,"(5.10923060289301, 38.718652452194476)",3.68,Significantly Less
ENSG00000186222,"(4.371891615916895, 10.870591275809627)",48.7323,Significantly More
ENSG00000172339,"(8.899904787404687, 57.61465176493707)",4.8315,Significantly Less
ENSG00000144306,"(7.13086260981, 25.390029835241904)",7.1299,Significantly Less
ENSG00000066926,"(7.634045548948624, 32.956876472026934)",5.2343,Significantly Less
ENSG00000267064,"(1.0783058170537378, 11.154407077195387)",0.0689,Significantly Less
ENSG00000075702,"(-0.8266512947507776, 4.3242563012629835)",10.8598,Significantly More
ENSG00000104998,"(0.2040348843447406, 4.7686810395214705)",28.9229,Significantly More
ENSG00000184675,"(0.0990589666941456, 1.7021239298106674)",8.5173,Significantly More
ENSG00000165355,"(14.33427813413619, 35.435494797788664)",10.8375,Significantly Less
ENSG00000238018,"(5.277769490029643, 31.23799336031464)",2.0734,Significantly Less
ENSG00000272980,"(0.5352207712496537, 5.136734734054082)",0.0568,Significantly Less
ENSG00000100101,"(0.7004792057633515, 4.283896360423518)",0.0,Significantly Less
ENSG00000172409,"(4.123357205729934, 10.400635538367968)",18.3971,Significantly More
ENSG00000170468,"(1.821744405373905, 6.029646391694469)",27.0634,Significantly More
ENSG00000125482,"(2.1560970487516764, 9.050679106667555)",10.5968,Significantly More
ENSG00000198246,"(0.6613193982142755, 7.110046378785523)",7.6233,Significantly More
ENSG00000091157,"(17.061673980481075, 57.887967623365924)",2.2022,Significantly Less
ENSG00000255663,"(0.9670731137960829, 26.501322278428916)",0.0,Significantly Less
ENSG00000172530,"(7.140140675159639, 19.91020047693988)",6.3597,Significantly Less
ENSG00000153044,"(0.08510150499100799, 13.815385802674044)",17.9428,Significantly More
ENSG00000275454,"(1.9265992322345014, 18.816517983013338)",0.4955,Significantly Less
ENSG00000224531,"(0.547566859998331, 5.324385144421606)",10.4878,Significantly More
ENSG00000204348,"(1.2243740104072511, 8.88341462462653)",19.2003,Significantly More
ENSG00000254901,"(5.678265734396966, 26.84197871917999)",5.4439,Significantly Less
ENSG00000081665,"(4.244040901439256, 19.408746362215712)",3.1929,Significantly Less
ENSG00000143353,"(0.28887551067075457, 11.172509789560314)",15.9409,Significantly More
ENSG00000179241,"(-0.8704273862676724, 6.363510364186591)",9.226,Significantly More
ENSG00000186448,"(1.5055104428148205, 7.110005441050676)",1.4896,Significantly Less
ENSG00000166024,"(1.9786544361329619, 7.1793626289580725)",11.0601,Significantly More
ENSG00000012211,"(2.7750251517862212, 15.674331816506982)",31.6255,Significantly More
ENSG00000085840,"(-0.839157137478169, 5.147349265745538)",20.6727,Significantly More
ENSG00000114805,"(0.1545128802137512, 3.2666446475050717)",7.0154,Significantly More
ENSG00000234945,"(8.329126785303583, 26.359311409071044)",0.1361,Significantly Less
ENSG00000179627,"(1.8987954252713175, 9.00846773600561)",12.9374,Significantly More
ENSG00000186130,"(1.2203838439695802, 4.377562374562413)",6.914,Significantly More
ENSG00000256632,"(8.855524268531113, 93.74116140406053)",0.0,Significantly Less
ENSG00000205758,"(7.771733208298844, 43.09984134848459)",5.6374,Significantly Less
ENSG00000280046,"(0.33133708660733374, 3.1820968152662172)",0.2111,Significantly Less
ENSG00000165572,"(-0.0030270311839237785, 3.077228816040608)",4.5506,Significantly More
ENSG00000166860,"(0.2970591077414446, 2.2658515994305612)",9.2593,Significantly More
ENSG00000170846,"(0.776861776998131, 9.231565195771932)",10.5552,Significantly More
ENSG00000255031,"(3.9814655951972426, 32.788745762246215)",1.4962,Significantly Less
ENSG00000256690,"(3.971081872974402, 15.14274332608285)",0.3941,Significantly Less
ENSG00000138795,"(-3.087095279895434, 8.891858859810094)",11.0508,Significantly More
ENSG00000185115,"(0.5091398989466307, 4.720992194717876)",7.1413,Significantly More
ENSG00000077585,"(0.47141188410960844, 17.656999456640413)",18.6882,Significantly More
ENSG00000172889,"(-3.676960480298522, 24.091963468494253)",27.3978,Significantly More
ENSG00000166133,"(3.028749233761576, 10.49536304153711)",28.1022,Significantly More
ENSG00000165244,"(-0.46442016422127685, 3.668243210314971)",9.5264,Significantly More
ENSG00000066697,"(-0.6372344242867527, 8.902784641343795)",9.9917,Significantly More
ENSG00000142484,"(-49.65089756044137, 83.52827442243614)",117.5889,Significantly More
ENSG00000105619,"(8.341128076225719, 19.763891309606407)",40.9691,Significantly More
ENSG00000145246,"(3.2706793627512134, 39.138174315960924)",1.8895,Significantly Less
ENSG00000175105,"(6.041910226105657, 15.208000370271943)",5.1875,Significantly Less
ENSG00000135272,"(3.3214814016725924, 59.2618547174034)",2.7778,Significantly Less
ENSG00000188215,"(0.47350013931314017, 4.150203152614393)",4.3853,Significantly More
ENSG00000111877,"(7.404578496397207, 22.28103882388338)",2.1111,Significantly Less
ENSG00000141026,"(14.176266778790083, 37.735764451349795)",8.1859,Significantly Less
ENSG00000145020,"(3.31420993726881, 20.51363836697773)",0.0797,Significantly Less
ENSG00000170786,"(-2.9528423851424175, 8.364009852051987)",12.5967,Significantly More
ENSG00000112592,"(3.54935979625769, 9.46877126021548)",16.0632,Significantly More
ENSG00000261373,"(0.854338706666554, 4.85203572666144)",13.759,Significantly More
ENSG00000259248,"(5.947010109957747, 19.354667425682727)",0.1708,Significantly Less
ENSG00000237765,"(7.8147699513340285, 33.59935394945863)",3.6058,Significantly Less
ENSG00000275097,"(3.4910231633141446, 16.081099568868147)",0.318,Significantly Less
ENSG00000237945,"(6.378751502429532, 36.66875679124756)",1.041,Significantly Less
ENSG00000258301,"(2.143096928491218, 12.386563092179102)",0.0818,Significantly Less
ENSG00000130701,"(-0.5928152083395086, 4.73259179868178)",44.54,Significantly More
ENSG00000171953,"(10.662739039955184, 32.432076228739604)",9.1214,Significantly Less
ENSG00000119979,"(4.8596020638726, 31.070403538302045)",4.6726,Significantly Less
ENSG00000173530,"(-0.6616606608674731, 7.458134210832587)",22.8572,Significantly More
ENSG00000140534,"(-0.2185707825488482, 1.6074519025913614)",8.0792,Significantly More
ENSG00000136982,"(-0.8703929155130883, 5.407857153192543)",18.7903,Significantly More
ENSG00000131730,"(-3.2339781325002446, 6.9943137635164465)",81.0082,Significantly More
ENSG00000037749,"(5.204973345075859, 16.44665853089211)",3.1522,Significantly Less
ENSG00000121775,"(3.1684222137130806, 11.075906836333417)",29.3164,Significantly More
ENSG00000151468,"(-2.552468017935237, 8.61648472896556)",13.8969,Significantly More
ENSG00000245060,"(1.172827444485394, 18.25593788103069)",0.5943,Significantly Less
ENSG00000224189,"(6.416338180104184, 74.27682229869197)",2.326,Significantly Less
ENSG00000159685,"(-0.2902088224225441, 15.76551823065786)",23.1834,Significantly More
ENSG00000100784,"(2.453038906653667, 17.495821138232767)",1.3953,Significantly Less
ENSG00000169402,"(4.078823197771706, 17.553928571455415)",0.0302,Significantly Less
ENSG00000069509,"(2.8276918806693523, 12.178041614502428)",30.8209,Significantly More
ENSG00000135414,"(-0.7787889774359831, 3.7638651267509076)",8.6156,Significantly More
ENSG00000257599,"(3.001790295515409, 10.45930542742963)",0.2585,Significantly Less
ENSG00000223482,"(3.2725963220723457, 20.54094043127915)",1.5308,Significantly Less
ENSG00000196652,"(1.302507060715852, 2.9180198175775462)",4.6384,Significantly More
ENSG00000013503,"(1.9868107114142832, 7.265614913200536)",10.4018,Significantly More
ENSG00000114166,"(9.585598505246168, 89.8505314553262)",4.5996,Significantly Less
ENSG00000106829,"(13.324496973927218, 49.97922844675061)",2.541,Significantly Less
ENSG00000130590,"(1.2277735034511235, 11.150747684323322)",21.3507,Significantly More
ENSG00000233360,"(1.6282803013120013, 21.033139005079434)",0.3875,Significantly Less
ENSG00000169403,"(-0.7266820810421533, 7.260933181709049)",24.4677,Significantly More
ENSG00000101928,"(2.5966946552613503, 16.131017834002613)",30.8977,Significantly More
ENSG00000092470,"(-0.6458529992359763, 8.92424736142273)",9.0359,Significantly More
ENSG00000276023,"(-2.16118699257967, 7.276075045982558)",16.6878,Significantly More
ENSG00000159445,"(0.9132542288401804, 7.5207571752691305)",8.8662,Significantly More
ENSG00000179454,"(8.435624964866516, 20.526469660997595)",3.5301,Significantly Less
ENSG00000004660,"(-1.016592731111586, 5.310065383911766)",12.2293,Significantly More
ENSG00000172197,"(1.2263206849736115, 9.761836420993806)",14.5693,Significantly More
ENSG00000235016,"(2.5129191303385605, 12.179280730052678)",1.4313,Significantly Less
ENSG00000142444,"(6.379038347773411, 16.826591149058352)",33.7808,Significantly More
ENSG00000272054,"(0.9015062548412565, 3.1258630453894667)",0.2775,Significantly Less
ENSG00000177943,"(-1.1063149179458627, 6.12655742630286)",10.599,Significantly More
ENSG00000169105,"(0.27011398130651365, 9.259878129709405)",13.3073,Significantly More
ENSG00000125246,"(3.5332604224760775, 29.544583144419633)",2.1276,Significantly Less
ENSG00000152455,"(0.44835575735185174, 7.138897332396681)",11.5861,Significantly More
ENSG00000249786,"(6.624352462413404, 19.206066837534635)",0.0349,Significantly Less
ENSG00000178409,"(0.06539502069780578, 2.2145778312602604)",9.6597,Significantly More
ENSG00000151881,"(-1.1307194957797817, 11.489014139440219)",12.1724,Significantly More
ENSG00000007341,"(6.819824201143753, 22.229753749188884)",3.0306,Significantly Less
ENSG00000186212,"(0.46909569045759003, 11.278981066354948)",13.3267,Significantly More
ENSG00000140006,"(1.6633668745951353, 6.527317853054738)",8.7376,Significantly More
ENSG00000244380,"(2.745123739024274, 21.96520335715048)",0.0,Significantly Less
ENSG00000182165,"(5.993783539236375, 45.66317523440089)",2.1568,Significantly Less
ENSG00000146950,"(-1.6393409880086272, 9.335687823101669)",12.6753,Significantly More
ENSG00000081189,"(2.7966384586205706, 71.70664066020419)",1.3465,Significantly Less
ENSG00000137343,"(-0.22536663808780588, 8.434978584544472)",10.6849,Significantly More
ENSG00000258498,"(-8.94687043226052, 23.419162527662117)",32.7968,Significantly More
ENSG00000118197,"(5.288371628737906, 23.910772291351016)",4.9565,Significantly Less
ENSG00000037241,"(1.818770250934648, 19.693308431420814)",41.1834,Significantly More
ENSG00000141682,"(-1.3779269402011405, 6.0067106606985625)",20.757,Significantly More
ENSG00000142528,"(1.0895662512048423, 5.921731106786464)",6.7746,Significantly More
ENSG00000160392,"(4.2151769986969105, 12.334119716978723)",12.6473,Significantly More
ENSG00000183111,"(5.848762947043795, 95.054637097001)",4.9215,Significantly Less
ENSG00000103254,"(2.0712145595326543, 19.172112293929537)",44.3883,Significantly More
ENSG00000184208,"(0.6302472293455601, 4.8168130534575635)",5.8765,Significantly More
ENSG00000126249,"(0.6544638804443066, 13.726472068026187)",23.9534,Significantly More
ENSG00000107443,"(0.5630047445693225, 2.6328237658563975)",9.6306,Significantly More
ENSG00000055147,"(8.561844931788418, 35.174330325764856)",3.79,Significantly Less
ENSG00000183688,"(0.3014244464550977, 8.246337967176311)",9.4503,Significantly More
ENSG00000164758,"(3.314257591070527, 24.515564568353128)",29.3119,Significantly More
ENSG00000229111,"(8.403034301756069, 24.406731261375295)",0.0,Significantly Less
ENSG00000118655,"(0.4711170460700167, 5.584319263394297)",10.9124,Significantly More
ENSG00000175745,"(-1.1686841922971354, 10.126880531900635)",17.7246,Significantly More
ENSG00000105085,"(7.330309492084593, 19.690594479979687)",4.244,Significantly Less
ENSG00000205138,"(3.0508007117386757, 17.873795870274137)",57.8867,Significantly More
ENSG00000266338,"(0.13688741285869566, 3.343724430611581)",3.4093,Significantly More
ENSG00000177034,"(-0.026928314740465087, 4.107612882254742)",4.8278,Significantly More
ENSG00000168061,"(2.2846801605195983, 9.120235925132977)",52.9996,Significantly More
ENSG00000165185,"(0.18676831298035723, 1.8131291392974116)",1.9504,Significantly More
ENSG00000183060,"(2.8928365625226817, 8.232648068627402)",9.0496,Significantly More
ENSG00000109113,"(-21.69170893002607, 61.86272979247546)",67.5919,Significantly More
ENSG00000158050,"(-6.085290335669076, 13.611711456363683)",27.6643,Significantly More
ENSG00000167528,"(8.04522544231985, 33.58943989383184)",3.3334,Significantly Less
ENSG00000233493,"(-8.426725767416869, 42.08703974533371)",172.6538,Significantly More
ENSG00000171763,"(4.5573867076399415, 14.826294666923278)",18.5937,Significantly More
ENSG00000203791,"(4.766763235318063, 16.990387376896024)",4.0931,Significantly Less
ENSG00000110888,"(-0.14495019303844847, 4.792723672753398)",5.1554,Significantly More
ENSG00000186564,"(-0.5417361662390956, 18.71012469587435)",30.4568,Significantly More
ENSG00000187024,"(0.747302252373566, 11.267612052565326)",0.0,Significantly Less
ENSG00000184831,"(5.616421710053487, 21.363583553615975)",23.9199,Significantly More
ENSG00000160606,"(2.4828004118904135, 13.48136668707853)",26.9674,Significantly More
ENSG00000170293,"(0.8636624084093447, 8.773585544248828)",43.4202,Significantly More
ENSG00000088882,"(-8.293330655984233, 12.14691578588286)",15.2904,Significantly More
ENSG00000110031,"(-1.8280962995835424, 18.645960358097454)",45.7679,Significantly More
ENSG00000136197,"(2.162711094766556, 8.861840317807399)",0.3249,Significantly Less
ENSG00000088876,"(1.3041909435558177, 11.437771599048617)",11.7857,Significantly More
ENSG00000273604,"(-0.1303922547601294, 0.7361935517680342)",27.139,Significantly More
ENSG00000153767,"(10.002903364265842, 25.265389526915023)",8.0518,Significantly Less
ENSG00000135045,"(0.818241412030476, 11.079823045181003)",17.7613,Significantly More
ENSG00000129173,"(-0.8825236776655823, 5.2547248810137726)",9.1163,Significantly More
ENSG00000198393,"(2.488860500512268, 13.70575514063508)",1.8498,Significantly Less
ENSG00000196417,"(4.894426984385394, 18.240288258224485)",4.0416,Significantly Less
ENSG00000148291,"(3.8223005225207904, 19.600738266868085)",42.5531,Significantly More
ENSG00000277161,"(0.14815847850097263, 6.230195144640083)",9.262,Significantly More
ENSG00000129472,"(7.248119708786877, 33.45274454555492)",6.6635,Significantly Less
ENSG00000230626,"(6.137423208077593, 29.29074478243352)",4.2968,Significantly Less
ENSG00000273217,"(0.560129779696358, 2.9493641844342267)",0.0,Significantly Less
ENSG00000163507,"(-0.5739447145392269, 4.935911991280907)",6.7086,Significantly More
ENSG00000198680,"(4.96887217428453, 16.244797390607264)",28.6507,Significantly More
ENSG00000134070,"(-0.37397617494613455, 2.5545228478586663)",8.4798,Significantly More
ENSG00000165521,"(1.6914021629269835, 6.0181000472702095)",0.0411,Significantly Less
ENSG00000214106,"(1.4473472956552769, 9.673262334666346)",0.8488,Significantly Less
ENSG00000278619,"(1.0266595314772093, 9.434540415345934)",31.8052,Significantly More
ENSG00000181873,"(0.7184474398149368, 2.5808044228235474)",5.5554,Significantly More
ENSG00000121964,"(3.1037672660239797, 7.422884423438639)",1.8308,Significantly Less
ENSG00000149346,"(0.672040078855261, 3.9798400486622887)",5.2759,Significantly More
ENSG00000174276,"(2.4383417772204554, 12.264512025772252)",38.412,Significantly More
ENSG00000203546,"(6.549306779965338, 38.28212303956033)",0.0341,Significantly Less
ENSG00000132004,"(1.2667120642016219, 8.15339190920542)",15.6266,Significantly More
ENSG00000112029,"(0.050661754829087524, 5.261756813080279)",7.7406,Significantly More
ENSG00000157869,"(2.142062523520141, 12.293427815309535)",12.7602,Significantly More
ENSG00000066557,"(1.1053015642610045, 7.441056892150925)",10.2866,Significantly More
ENSG00000124785,"(-4.150395197939408, 13.122821438758688)",19.3874,Significantly More
ENSG00000283208,"(4.325590534888681, 16.00254718356954)",0.0245,Significantly Less
ENSG00000249859,"(0.07404564586837559, 2.91127498823694)",2.9839,Significantly More
ENSG00000147124,"(1.3723264179778472, 3.811427296085534)",7.5625,Significantly More
ENSG00000264859,"(2.5783310844811567, 22.962689288463167)",0.8005,Significantly Less
ENSG00000103253,"(1.642918800409769, 8.94537511769375)",9.3707,Significantly More
ENSG00000258102,"(8.511314969491323, 33.46318341501249)",1.4879,Significantly Less
ENSG00000121542,"(6.785605004942466, 23.36833688691845)",5.5761,Significantly Less
ENSG00000127152,"(-0.25596078439757786, 2.215218758393391)",4.2778,Significantly More
ENSG00000188158,"(-0.5127298610366671, 1.742593875887282)",4.5448,Significantly More
ENSG00000125846,"(0.13918644168186933, 5.9695916009036845)",7.4734,Significantly More
ENSG00000154914,"(0.68869396923674, 6.929234048040724)",13.4913,Significantly More
ENSG00000152443,"(11.066890179878532, 31.97843318133829)",3.6208,Significantly Less
ENSG00000102743,"(-3.761990780292823, 14.863322403658099)",15.1611,Significantly More
ENSG00000128000,"(5.532266501809204, 30.432379844805773)",3.3775,Significantly Less
ENSG00000111450,"(-2.983528676359672, 8.082506136562618)",10.4061,Significantly More
ENSG00000159263,"(-0.0877707089290759, 0.5829632002905987)",1.592,Significantly More
ENSG00000102878,"(-2.413296256494528, 8.027924412867769)",13.0793,Significantly More
ENSG00000174796,"(3.5915930796955386, 17.314383957092865)",3.2362,Significantly Less
ENSG00000258539,"(1.6307467179865944, 6.611394727950396)",0.1322,Significantly Less
ENSG00000112559,"(-2.2483971826360114, 5.236007090288563)",16.8289,Significantly More
ENSG00000273345,"(2.528062105190673, 9.910898944674107)",0.0,Significantly Less
ENSG00000104951,"(-1.412522173323576, 14.447538665596095)",15.7091,Significantly More
ENSG00000083635,"(0.3261736304707272, 2.1763356682378703)",8.1871,Significantly More
ENSG00000089123,"(2.6599995356040065, 11.586212259729235)",12.7487,Significantly More
ENSG00000235837,"(3.63788078238903, 14.789499689852011)",0.0,Significantly Less
ENSG00000162775,"(0.9828065558515557, 3.882378447769499)",10.5555,Significantly More
ENSG00000258864,"(2.08552109125635, 23.258448085781385)",0.0,Significantly Less
ENSG00000198203,"(-2.973366910868461, 5.664001423221015)",15.1124,Significantly More
ENSG00000253356,"(4.096583992430176, 30.078118973663983)",0.0,Significantly Less
ENSG00000010539,"(1.0405993837422038, 3.5443114672150067)",4.1215,Significantly More
ENSG00000273015,"(0.4295419898027685, 2.362457230430057)",4.462,Significantly More
ENSG00000197299,"(-0.7210202748638708, 4.1070357542167235)",5.345,Significantly More
ENSG00000167799,"(0.25460083349538465, 21.191177689199577)",62.5568,Significantly More
ENSG00000105617,"(5.2122700375772, 10.681037509703364)",24.233,Significantly More
ENSG00000271383,"(0.4588693894672229, 6.428293123539201)",0.0,Significantly Less
ENSG00000197302,"(3.015327031276446, 8.723244850234488)",2.2114,Significantly Less
ENSG00000140043,"(1.0688638747382422, 8.686017500829529)",0.6723,Significantly Less
ENSG00000010072,"(4.517121869721823, 11.008090550786934)",3.0884,Significantly Less
ENSG00000260899,"(1.99491035476062, 14.516898386344312)",0.6829,Significantly Less
ENSG00000134222,"(-0.5806008813764008, 6.1872608967138545)",18.5859,Significantly More
ENSG00000228223,"(0.038685894906713925, 3.380185352366915)",7.225,Significantly More
ENSG00000205208,"(0.16380629296954874, 3.673815388455736)",7.9319,Significantly More
ENSG00000115289,"(4.990821071171952, 16.742744335118424)",21.6958,Significantly More
ENSG00000160993,"(3.2754384495225315, 11.038547115394604)",12.7207,Significantly More
ENSG00000112357,"(1.8233216837026145, 9.935989509610051)",10.834,Significantly More
ENSG00000118193,"(-0.21343267314478792, 1.0244293664689557)",4.3608,Significantly More
ENSG00000145365,"(-1.6773380152642412, 6.425274762380975)",7.7569,Significantly More
ENSG00000069943,"(10.255568588997239, 23.067723243885116)",3.2858,Significantly Less
ENSG00000169598,"(0.3305080107784413, 4.34764412639204)",14.841,Significantly More
ENSG00000176170,"(-0.1368762225369251, 3.7986132777216044)",4.4377,Significantly More
ENSG00000276259,"(4.392545569904915, 17.552098891688843)",0.0,Significantly Less
ENSG00000100908,"(2.6510901868530645, 22.605726072109512)",37.6156,Significantly More
ENSG00000259080,"(0.5580424198964238, 10.831717211865431)",0.0,Significantly Less
ENSG00000154429,"(0.19413651785838382, 1.972531410579345)",4.0475,Significantly More
ENSG00000170325,"(0.6723344370145197, 3.299368944709558)",5.6877,Significantly More
ENSG00000263766,"(13.861240756179054, 29.677444412037598)",0.2427,Significantly Less
ENSG00000115163,"(-0.32252565601509176, 9.010222408020796)",15.3144,Significantly More
ENSG00000118557,"(3.167372466201689, 13.24096356365654)",2.13,Significantly Less
ENSG00000185875,"(0.3024282730951926, 3.1979470901621863)",6.2516,Significantly More
ENSG00000248774,"(7.318573032172299, 49.38728145952204)",0.2893,Significantly Less
ENSG00000163126,"(1.3099954349072318, 5.426032990944534)",0.4409,Significantly Less
ENSG00000040487,"(3.3126989032815968, 9.77737788047388)",18.0155,Significantly More
ENSG00000094841,"(5.119377349049694, 13.465792436963286)",15.1605,Significantly More
ENSG00000250349,"(7.404047845688353, 85.69250955533738)",0.0,Significantly Less
ENSG00000230530,"(2.6934438737861326, 10.366300470101834)",0.3995,Significantly Less
ENSG00000081277,"(-0.34373361089723947, 0.9829532361263851)",2.4999,Significantly More
ENSG00000132664,"(0.6563743147565031, 5.859352781893215)",12.6517,Significantly More
ENSG00000196968,"(1.6202060427944707, 6.543667338089262)",8.1112,Significantly More
ENSG00000237172,"(-0.025628736521211337, 6.134544149133899)",7.9781,Significantly More
ENSG00000170191,"(0.14107709796448176, 2.174286744287264)",9.5133,Significantly More
ENSG00000274173,"(-3.314928632776282, 17.247032074581703)",17.2621,Significantly More
ENSG00000198937,"(-7.33260345292029, 31.563467259484952)",67.4671,Significantly More
ENSG00000156853,"(5.7366147745542015, 13.03271492844042)",4.9621,Significantly Less
ENSG00000100453,"(-8.799691867675579, 15.511088658504198)",40.8117,Significantly More
ENSG00000169016,"(0.5452188407492717, 3.5986662477243585)",4.7074,Significantly More
ENSG00000249709,"(10.16818428706608, 42.52322269261788)",0.3332,Significantly Less
ENSG00000129195,"(-0.10409683972137973, 11.102546384706553)",13.4201,Significantly More
ENSG00000275216,"(-0.14862075618802606, 0.2894120902914901)",7.0825,Significantly More
ENSG00000177854,"(6.244893113787821, 33.88491829866169)",45.748,Significantly More
ENSG00000141979,"(1.6983087376635466, 5.593113379699265)",0.0,Significantly Less
ENSG00000131634,"(-1.5370994490330325, 12.482620239487714)",20.9842,Significantly More
ENSG00000175854,"(3.3825958746550464, 13.882744434022687)",22.802,Significantly More
ENSG00000162885,"(-0.4521034992075865, 6.690941485297772)",6.8635,Significantly More
ENSG00000259498,"(1.1453491947448748, 10.038191662626659)",0.4045,Significantly Less
ENSG00000274180,"(-0.6077959763990219, 6.148837633513507)",6.206,Significantly More
ENSG00000261123,"(-1.6211080622151588, 18.574749905984362)",41.2277,Significantly More
ENSG00000165632,"(0.6623399025075969, 3.6964951016717844)",6.37,Significantly More
ENSG00000056558,"(-0.34332315610364517, 3.780191807648321)",4.7824,Significantly More
ENSG00000105173,"(-0.5991815800540183, 6.429606855601799)",35.4662,Significantly More
ENSG00000178163,"(0.7310859958686593, 5.731065478663252)",0.4143,Significantly Less
ENSG00000176148,"(8.261889610484417, 23.38438761616164)",3.0598,Significantly Less
ENSG00000174365,"(1.1022147838291723, 7.114664455662535)",8.3285,Significantly More
ENSG00000149927,"(1.2920090620658735, 13.730644302537382)",0.4971,Significantly Less
ENSG00000146757,"(0.5240807165787507, 3.7492293628067124)",5.0206,Significantly More
ENSG00000156603,"(1.7641714606767636, 14.386552939763451)",17.2672,Significantly More
ENSG00000177125,"(0.8098385371277028, 2.674892154499788)",5.1801,Significantly More
ENSG00000250571,"(1.323265747670984, 15.890785105894363)",18.6399,Significantly More
ENSG00000137101,"(1.611923611886441, 27.411390979748212)",0.3589,Significantly Less
ENSG00000211637,"(-67.91550026752773, 227.981916963967)",474.5464,Significantly More
ENSG00000248751,"(4.388256722601163, 12.984818964117562)",0.0,Significantly Less
ENSG00000236144,"(-0.10814261570810846, 2.7178639582551645)",7.1405,Significantly More
ENSG00000270820,"(4.898543187833344, 14.882188481906038)",1.189,Significantly Less
ENSG00000034533,"(7.457835537036935, 29.183184168258677)",4.4868,Significantly Less
ENSG00000175106,"(3.290523797643689, 11.94274899574496)",0.5582,Significantly Less
ENSG00000184661,"(-0.8796569256274973, 4.562402909270542)",18.3082,Significantly More
ENSG00000144559,"(1.443694519330239, 8.746670392428378)",9.4137,Significantly More
ENSG00000110060,"(1.745623180938816, 8.659240599620496)",16.2746,Significantly More
ENSG00000273344,"(0.37421118062426606, 5.06072983383889)",11.6936,Significantly More
ENSG00000180376,"(1.9935206857689405, 16.06710518412236)",1.9318,Significantly Less
ENSG00000102796,"(6.906089294229402, 21.22602379423052)",2.2633,Significantly Less
ENSG00000170734,"(0.6955463573922795, 4.302160508543075)",9.3136,Significantly More
ENSG00000267952,"(3.7959031926963718, 48.30514821004909)",0.0,Significantly Less
ENSG00000234444,"(2.6459918365603787, 17.565992905232548)",0.4988,Significantly Less
ENSG00000180815,"(0.7286493677918706, 4.277717456980439)",0.0,Significantly Less
ENSG00000213799,"(0.8092590905482862, 2.6462768647427066)",5.5157,Significantly More
ENSG00000103227,"(4.274497312579113, 17.71608140014861)",2.8249,Significantly Less
ENSG00000236859,"(1.094048647295597, 8.922744853701396)",0.5603,Significantly Less
ENSG00000269556,"(5.625832056606666, 19.080701792886167)",5.2314,Significantly Less
ENSG00000228302,"(2.1087688389279986, 6.73508610658021)",1.5015,Significantly Less
ENSG00000124496,"(-0.1327508155283028, 3.632293410905712)",3.9383,Significantly More
ENSG00000163909,"(-1.2322230638742286, 4.036222094743397)",8.2454,Significantly More
ENSG00000259623,"(0.9739151752543556, 3.1584252968360174)",0.0,Significantly Less
ENSG00000150551,"(3.908144727016877, 21.9295314960737)",0.2652,Significantly Less
ENSG00000154025,"(0.583545751508697, 9.390885362666246)",0.1402,Significantly Less
ENSG00000187676,"(1.100692582509244, 4.881413819297865)",5.7275,Significantly More
ENSG00000178694,"(7.797690368444508, 26.757695611907735)",4.0163,Significantly Less
ENSG00000249992,"(-2.028680872898009, 6.035649683562413)",23.8282,Significantly More
ENSG00000237424,"(-0.7439037457111075, 9.068578648585877)",29.14,Significantly More
ENSG00000280148,"(0.47240665664789994, 6.879184667571903)",0.0,Significantly Less
ENSG00000174567,"(-28.159432151884776, 44.20419769892615)",78.3766,Significantly More
ENSG00000269621,"(4.8061212296413816, 14.030973729061543)",0.4793,Significantly Less
ENSG00000138623,"(-1.8019935802875056, 7.290615169671235)",12.8531,Significantly More
ENSG00000128165,"(-1.143154352486093, 3.9342472397528105)",10.017,Significantly More
ENSG00000260196,"(-0.4454250877818955, 3.3267795698262814)",18.7192,Significantly More
ENSG00000188827,"(0.20066182348254458, 4.540400690826335)",4.9437,Significantly More
ENSG00000100027,"(3.6369846241024772, 19.289871380719905)",0.8051,Significantly Less
ENSG00000272141,"(-5.049952659335862, 14.34308077259054)",65.5221,Significantly More
ENSG00000155858,"(-0.1001823582394119, 2.8064679399767574)",3.9253,Significantly More
ENSG00000198718,"(2.3448960714139457, 8.22560116872922)",1.7137,Significantly Less
ENSG00000204335,"(-1.3077544943349213, 2.9824841283625396)",26.8931,Significantly More
ENSG00000244513,"(6.733023391130189, 20.92602274638154)",0.6439,Significantly Less
ENSG00000174628,"(3.5583736422443906, 17.782933622171413)",1.1473,Significantly Less
ENSG00000156313,"(0.40939466399347646, 4.622514986009248)",4.8698,Significantly More
ENSG00000136492,"(-0.2145505399009935, 2.4767293370055956)",2.9628,Significantly More
ENSG00000151657,"(6.437992300051018, 14.907741519304448)",3.2761,Significantly Less
ENSG00000259371,"(6.138005267435302, 27.999346607010033)",0.0,Significantly Less
ENSG00000054967,"(-0.38587870969274496, 3.968533487747109)",4.3857,Significantly More
ENSG00000101695,"(5.582020884473081, 58.491996101424036)",2.5369,Significantly Less
ENSG00000174132,"(8.725814866434705, 23.420885014783735)",39.3934,Significantly More
ENSG00000107968,"(-0.1028188473620455, 13.426007083208866)",13.8017,Significantly More
ENSG00000166188,"(0.7572223917691456, 6.1136935130102215)",6.2782,Significantly More
ENSG00000223799,"(0.9744063469343307, 6.72023113155516)",0.7443,Significantly Less
ENSG00000074855,"(-0.027722547112189577, 4.207636391308229)",5.301,Significantly More
ENSG00000114378,"(-4.80222074925999, 15.549502952354903)",46.9098,Significantly More
ENSG00000131115,"(4.144460687524229, 18.5228720288505)",3.42,Significantly Less
ENSG00000188997,"(5.4162250114193355, 35.91118363058281)",4.7108,Significantly Less
ENSG00000127993,"(0.6657239868256148, 3.3222267643655505)",3.5319,Significantly More
ENSG00000111671,"(1.5984132536816347, 11.332109417525022)",22.5628,Significantly More
ENSG00000087884,"(9.190160601951277, 34.36487225811655)",6.7499,Significantly Less
ENSG00000181218,"(-1.6091512020249525, 8.612759051857742)",37.2235,Significantly More
ENSG00000261312,"(1.4785321438227736, 7.338244722236617)",0.0,Significantly Less
ENSG00000126953,"(0.6242959801875236, 5.910736393266733)",14.9671,Significantly More
ENSG00000112877,"(-0.0452035453427877, 8.522666674395055)",12.8072,Significantly More
ENSG00000083812,"(0.9049314993078641, 3.0088719383336127)",8.0909,Significantly More
ENSG00000147180,"(-0.10387959039152328, 3.7164635001613417)",4.9303,Significantly More
ENSG00000182749,"(-0.2884658318429216, 4.987359972143571)",9.7121,Significantly More
ENSG00000102302,"(-0.025742552390529916, 4.060809303499815)",7.0462,Significantly More
ENSG00000001460,"(9.022143970831934, 35.70359166521244)",4.5166,Significantly Less
ENSG00000224985,"(10.569463200578937, 36.8278494608381)",3.9775,Significantly Less
ENSG00000137868,"(-0.11410983726847033, 0.29936574634052526)",1.2187,Significantly More
ENSG00000119661,"(2.8404167858673297, 23.623998065119668)",2.3247,Significantly Less
ENSG00000255474,"(-7.367818285249555, 24.07395600732675)",86.8996,Significantly More
ENSG00000171612,"(-0.43267726247140503, 4.97567005878167)",11.8179,Significantly More
ENSG00000136867,"(1.054505437145222, 18.512423967350543)",0.3657,Significantly Less
ENSG00000177058,"(7.202575436921062, 20.083929478080456)",2.8533,Significantly Less
ENSG00000272345,"(3.2318922925696363, 20.153990026447122)",2.0394,Significantly Less
ENSG00000100802,"(7.075797819973069, 26.00512858511194)",5.3471,Significantly Less
ENSG00000278129,"(0.20598700362499667, 1.0989758059563286)",3.1606,Significantly More
ENSG00000228172,"(4.044306217947533, 28.11494479637822)",0.2699,Significantly Less
ENSG00000180346,"(-0.41667177079967965, 4.144076107440084)",8.3275,Significantly More
ENSG00000269343,"(0.4901176311732087, 3.310161281180104)",6.7202,Significantly More
ENSG00000224383,"(2.029670300722138, 15.299622697390088)",0.2183,Significantly Less
ENSG00000259536,"(1.5259242188939233, 15.751041839190819)",0.0649,Significantly Less
ENSG00000196754,"(-0.5789564317918955, 1.9492144280991894)",2.7302,Significantly More
ENSG00000223547,"(1.1245024237125953, 14.149203402641543)",0.3661,Significantly Less
ENSG00000279117,"(0.1526461799665899, 16.296556877620183)",0.0,Significantly Less
ENSG00000174428,"(1.3198850197090106, 9.367867898733381)",0.4596,Significantly Less
ENSG00000218891,"(0.046643005553994143, 5.952985336646099)",15.8466,Significantly More
ENSG00000280160,"(0.4285640308317511, 7.669069716244069)",0.068,Significantly Less
ENSG00000165752,"(0.28644814690524356, 6.994436539812862)",31.1846,Significantly More
ENSG00000096654,"(0.8746269122879173, 3.308336572136734)",4.4422,Significantly More
ENSG00000237643,"(-17.504431475411167, 21.58122742380577)",105.7849,Significantly More
ENSG00000164610,"(1.506517372574495, 4.529253834873558)",10.1502,Significantly More
ENSG00000196275,"(1.7620137818538968, 15.852820948577959)",0.2399,Significantly Less
ENSG00000165714,"(7.210645548892032, 17.73116947802522)",5.7091,Significantly Less
ENSG00000168140,"(-3.24073707017363, 8.753010494350125)",13.5972,Significantly More
ENSG00000197608,"(-0.0008024935436157232, 2.904657991700102)",9.1777,Significantly More
ENSG00000263272,"(0.7363790407988087, 5.546607927684473)",6.2228,Significantly More
ENSG00000198121,"(2.099653421794505, 18.196786608336147)",1.5223,Significantly Less
ENSG00000206562,"(4.101646316901462, 12.609862027561356)",3.739,Significantly Less
ENSG00000196839,"(-1.1105036036903844, 7.191323373996825)",11.6991,Significantly More
ENSG00000132423,"(1.891866466291658, 22.70692927844874)",36.2292,Significantly More
ENSG00000139880,"(-0.22277115684506565, 3.556253960877747)",17.8982,Significantly More
ENSG00000197056,"(0.4422442006128704, 3.5693630156562057)",5.6476,Significantly More
ENSG00000140471,"(3.98858443642491, 22.65157262882672)",3.1617,Significantly Less
ENSG00000141384,"(0.3089981339935932, 2.1385795625327013)",3.363,Significantly More
ENSG00000264575,"(2.954216557987949, 12.405264440690953)",19.2152,Significantly More
ENSG00000253859,"(1.370990381165182, 33.27362393480898)",0.0,Significantly Less
ENSG00000112039,"(0.7779074361908838, 4.674686988536633)",14.023,Significantly More
ENSG00000025156,"(-0.9810802988599145, 6.376330547579773)",7.378,Significantly More
ENSG00000188687,"(0.11284397929331536, 2.460426779248855)",0.0939,Significantly Less
ENSG00000169635,"(0.25731892213737484, 2.396747823981964)",6.7765,Significantly More
ENSG00000272657,"(1.0083023859044786, 32.517477063262)",0.0,Significantly Less
ENSG00000165591,"(0.5810160150097285, 19.551446090306413)",22.8472,Significantly More
ENSG00000174010,"(0.08447978022435931, 2.436777772767281)",3.8456,Significantly More
ENSG00000167380,"(6.318033105107418, 21.854055758715454)",3.9418,Significantly Less
ENSG00000212993,"(-0.03834297017548688, 0.542705001017272)",5.8914,Significantly More
ENSG00000126460,"(1.8148376058938371, 17.950893532177254)",24.6515,Significantly More
ENSG00000281593,"(6.2991176955101515, 32.48378296924885)",0.0,Significantly Less
ENSG00000217576,"(0.1066967216143786, 1.5978167721829466)",0.0,Significantly Less
ENSG00000268858,"(0.4108873405522977, 3.051365031323917)",5.4292,Significantly More
ENSG00000277147,"(2.979347107672938, 15.244383019747042)",0.3038,Significantly Less
ENSG00000182118,"(-0.7268836279020601, 4.51355052341341)",16.0035,Significantly More
ENSG00000178125,"(3.0263855509064665, 25.214645010301034)",0.0,Significantly Less
ENSG00000186532,"(5.521487968087907, 23.524523149158657)",4.5681,Significantly Less
ENSG00000132744,"(-15.041417079784203, 29.613996789305432)",34.8554,Significantly More
ENSG00000177427,"(9.615902265134832, 38.8478461881586)",8.9923,Significantly Less
ENSG00000122481,"(2.775049903932434, 14.03154830912581)",1.4863,Significantly Less
ENSG00000248710,"(0.1390956119998794, 3.3595356159388965)",0.0,Significantly Less
ENSG00000115239,"(4.866128160617164, 15.290822010648958)",2.3054,Significantly Less
ENSG00000183814,"(0.16167079342514268, 3.3274573970546077)",4.5136,Significantly More
ENSG00000160256,"(2.4018210620603204, 13.314202577484082)",50.3925,Significantly More
ENSG00000253374,"(1.0509493945598365, 25.012342690432824)",0.1624,Significantly Less
ENSG00000167807,"(1.038524104345377, 8.29309676268882)",0.1443,Significantly Less
ENSG00000162396,"(0.9250453904708751, 6.428240355708482)",15.7401,Significantly More
ENSG00000245680,"(7.262755073128714, 23.579142570659748)",3.0197,Significantly Less
ENSG00000171970,"(1.2821119329397748, 15.950673039634616)",0.4541,Significantly Less
ENSG00000279035,"(1.1618913961509265, 7.310613130870411)",0.0,Significantly Less
ENSG00000133985,"(-0.03690863056183191, 1.1390088635247175)",3.6695,Significantly More
ENSG00000101470,"(-3.9854956193145687, 14.81033139220741)",103.9387,Significantly More
ENSG00000176208,"(-0.18785771274333296, 1.897540743996828)",4.7275,Significantly More
ENSG00000246273,"(4.177302489356672, 15.732837855833493)",1.3686,Significantly Less
ENSG00000174206,"(0.5150703546575437, 3.3736121984077228)",5.0986,Significantly More
ENSG00000130856,"(2.7937610337392655, 20.68951791341928)",2.5012,Significantly Less
ENSG00000204576,"(1.1744777398446677, 5.284973209742032)",6.3603,Significantly More
ENSG00000100601,"(3.346798389472872, 10.715376701608328)",10.8546,Significantly More
ENSG00000184792,"(0.3275622813999042, 3.62603312936116)",4.046,Significantly More
ENSG00000267673,"(2.1326162016076022, 18.823306541068817)",0.11,Significantly Less
ENSG00000166262,"(3.894120559464387, 12.29895225316617)",0.2755,Significantly Less
ENSG00000261717,"(19.108574927402987, 52.19896941620061)",0.0,Significantly Less
ENSG00000198208,"(-0.18565859384359262, 4.9060714108949846)",5.2078,Significantly More
ENSG00000135917,"(-1.6872093008199593, 11.005054393371502)",11.4869,Significantly More
ENSG00000139438,"(0.007655906771034671, 2.683072835747252)",34.1956,Significantly More
ENSG00000185716,"(2.360448722763522, 13.16097519046329)",2.0564,Significantly Less
ENSG00000232434,"(-0.09331549528062832, 3.848869985908345)",19.93,Significantly More
ENSG00000176396,"(3.157837471847204, 8.004516666321239)",28.0772,Significantly More
ENSG00000270823,"(0.2285067750981815, 3.3057505659010236)",0.0,Significantly Less
ENSG00000236810,"(6.518091877556905, 14.431781908542376)",0.977,Significantly Less
ENSG00000153975,"(2.452997902480682, 8.261165082454939)",12.8271,Significantly More
ENSG00000245662,"(0.8540705060198786, 8.50645701503113)",0.0273,Significantly Less
ENSG00000186377,"(-0.11457186878563552, 1.8733157339343856)",13.9227,Significantly More
ENSG00000119630,"(-0.4097600945660216, 5.306021138614481)",10.519,Significantly More
ENSG00000179941,"(-0.7021587852180493, 4.577243484836699)",7.0557,Significantly More
ENSG00000167208,"(-1.3416961911795169, 6.046928463229406)",9.1235,Significantly More
ENSG00000169964,"(0.0634478941367922, 6.760418599262256)",6.8722,Significantly More
ENSG00000232748,"(1.0905345288565635, 2.736342215294867)",0.2098,Significantly Less
ENSG00000171169,"(3.4211726266760603, 8.358530764771459)",9.4529,Significantly More
ENSG00000137747,"(-0.537177487602422, 1.3462846462317721)",4.5766,Significantly More
ENSG00000224699,"(1.0204076305006957, 21.288856819338317)",0.131,Significantly Less
ENSG00000100228,"(-2.438475864556042, 7.696603772796179)",9.2496,Significantly More
ENSG00000236200,"(5.258128358826381, 20.611184711822396)",1.4299,Significantly Less
ENSG00000230733,"(0.6946590856794419, 3.7507080421009578)",0.0,Significantly Less
ENSG00000164430,"(0.14961909130800288, 4.041438271030277)",8.4872,Significantly More
ENSG00000010361,"(2.5996247190198876, 25.146867263169)",2.144,Significantly Less
ENSG00000101400,"(-3.7246769604615917, 13.790094965246228)",18.9541,Significantly More
ENSG00000159082,"(0.8904074749950128, 2.7355551113736363)",2.8235,Significantly More
ENSG00000172985,"(-0.34495766402936323, 2.511733722125463)",4.1311,Significantly More
ENSG00000165490,"(-1.5709444694548584, 6.640153967309768)",6.7482,Significantly More
ENSG00000166676,"(2.2899238906656523, 8.683735288945304)",0.4179,Significantly Less
ENSG00000279246,"(2.7575617615260777, 10.696011510973516)",0.0,Significantly Less
ENSG00000254402,"(0.1847954777866252, 5.771852095717916)",0.0,Significantly Less
ENSG00000157426,"(1.0023636633061428, 4.116510150957534)",5.1177,Significantly More
ENSG00000185453,"(0.22510749768165272, 8.094688067585807)",10.4157,Significantly More
ENSG00000143630,"(-0.8497052950437047, 6.862275646260585)",8.6375,Significantly More
ENSG00000169249,"(0.3845555415897963, 5.219764963680257)",16.7658,Significantly More
ENSG00000167377,"(0.6084733312146609, 3.8050268467572064)",0.2483,Significantly Less
ENSG00000267048,"(10.274844332042822, 21.422857085111605)",1.618,Significantly Less
ENSG00000059769,"(1.5707239679921763, 5.877327657829374)",9.0888,Significantly More
ENSG00000042832,"(-2.138428349649831, 3.550135838358776)",19.3647,Significantly More
ENSG00000228049,"(1.0597053611356744, 8.42295088215036)",0.073,Significantly Less
ENSG00000186638,"(0.09134175295305502, 1.436735146584268)",3.5652,Significantly More
ENSG00000196151,"(1.614970588559876, 6.2067114815154)",8.9677,Significantly More
ENSG00000171132,"(4.27016796717615, 36.313068156895376)",1.4655,Significantly Less
ENSG00000073711,"(3.522527487070379, 23.06205261409059)",2.5367,Significantly Less
ENSG00000226067,"(2.253556760208526, 12.087033470679813)",0.7537,Significantly Less
ENSG00000164687,"(-4.92698759079755, 32.037150186794456)",62.4681,Significantly More
ENSG00000105865,"(1.2706630809301993, 4.520686450014553)",1.0693,Significantly Less
ENSG00000105948,"(0.04108294523560785, 2.8474003888315833)",2.8949,Significantly More
ENSG00000143067,"(-0.01814590632978863, 1.207258186002881)",3.3505,Significantly More
ENSG00000196967,"(1.297490721552889, 4.65816532583802)",0.8548,Significantly Less
ENSG00000173480,"(3.2283933705184378, 17.824384325753783)",1.7715,Significantly Less
ENSG00000186871,"(-0.2580056233374307, 1.3654211781776882)",9.9596,Significantly More
ENSG00000105472,"(0.09173190373857132, 8.79763255679069)",24.2835,Significantly More
ENSG00000186019,"(1.015557648477285, 6.910314246468937)",0.252,Significantly Less
ENSG00000139173,"(0.399274864412579, 9.093008141176277)",9.7722,Significantly More
ENSG00000005448,"(1.3970209524352444, 7.9829323338793525)",11.3113,Significantly More
ENSG00000198482,"(4.413251313174683, 23.177071641474594)",3.582,Significantly Less
ENSG00000269179,"(3.2175997118879147, 18.853619668128356)",0.0,Significantly Less
ENSG00000272909,"(0.5348693722615634, 4.609389675866939)",0.0806,Significantly Less
ENSG00000225969,"(-5.923910436589651, 55.740493462351935)",57.1562,Significantly More
ENSG00000152422,"(1.5956881336879576, 5.8845527804645235)",7.2106,Significantly More
ENSG00000115998,"(7.576025346929886, 19.069959206407233)",4.3456,Significantly Less
ENSG00000158402,"(-0.18937001667112785, 5.688210655136424)",8.8967,Significantly More
ENSG00000183248,"(-0.1680542758396236, 0.548475147730395)",1.3161,Significantly More
ENSG00000135437,"(5.117986000764059, 43.43391438151107)",0.5559,Significantly Less
ENSG00000243789,"(3.4072958244082745, 14.84015877336393)",0.1535,Significantly Less
ENSG00000198780,"(0.04676724201109561, 1.0926417341519912)",3.3548,Significantly More
ENSG00000255438,"(0.30885666893245256, 4.603571199963037)",0.0,Significantly Less
ENSG00000167562,"(1.789789600396268, 8.970246737137476)",1.6538,Significantly Less
ENSG00000174939,"(0.046429492161635055, 2.4704438620567135)",3.5861,Significantly More
ENSG00000259066,"(10.058863201657939, 30.77700244311386)",0.0,Significantly Less
ENSG00000155026,"(1.9551287617869986, 7.146359453865374)",0.0,Significantly Less
ENSG00000182504,"(0.01768905080654537, 1.5306683409596857)",1.799,Significantly More
ENSG00000121068,"(-0.7567224405218815, 6.414694163134023)",9.5921,Significantly More
ENSG00000237126,"(7.974438546227514, 26.43385180484793)",0.4047,Significantly Less
ENSG00000260260,"(-0.01230660951051199, 24.64805081711942)",180.279,Significantly More
ENSG00000228594,"(0.3581655326126236, 2.9266122886469192)",19.8725,Significantly More
ENSG00000204366,"(0.06757711091529783, 2.9839085119985556)",10.6744,Significantly More
ENSG00000156876,"(0.21009703572261063, 1.9980217883394673)",4.2886,Significantly More
ENSG00000196584,"(-0.24925896969275274, 1.1965845996274256)",6.8635,Significantly More
ENSG00000273155,"(2.442508070741959, 13.285761814563813)",0.0,Significantly Less
ENSG00000258659,"(2.9564888977406083, 9.168095900981925)",0.0,Significantly Less
ENSG00000243477,"(0.6246311515795604, 7.1307020584829734)",19.1282,Significantly More
ENSG00000164008,"(7.835121033524818, 19.902202825580723)",0.827,Significantly Less
ENSG00000108556,"(1.9808154637043427, 6.757992768766854)",0.0428,Significantly Less
ENSG00000169951,"(-0.7551219090653918, 8.003561737024334)",14.0206,Significantly More
ENSG00000167680,"(-0.817635897220411, 5.366381409199446)",7.9694,Significantly More
ENSG00000158079,"(0.2071586319647154, 2.0199891794506524)",4.2841,Significantly More
ENSG00000262001,"(-0.4454209935350124, 4.810830011318528)",19.6337,Significantly More
ENSG00000156239,"(-0.0014611918685547565, 2.587180857188215)",4.0901,Significantly More
ENSG00000264668,"(0.6249335221160555, 3.637035987740507)",0.0,Significantly Less
ENSG00000101353,"(1.546904428932536, 4.127971859204455)",0.2722,Significantly Less
ENSG00000155330,"(0.5993962698784447, 2.695857592383156)",2.7993,Significantly More
ENSG00000158156,"(2.8718913320098354, 6.349613694434786)",7.4791,Significantly More
ENSG00000128965,"(-1.393127162846469, 5.947073190442103)",13.5238,Significantly More
ENSG00000182272,"(-1.3054183165086104, 8.321158384979507)",19.0522,Significantly More
ENSG00000261351,"(2.082318523993649, 4.301867297942218)",1.8774,Significantly Less
ENSG00000268006,"(1.1592109996861728, 3.7735607467019063)",0.1793,Significantly Less
ENSG00000171388,"(-0.3486841597795397, 0.9217527025732847)",15.2898,Significantly More
ENSG00000258064,"(3.8547733148970273, 23.24721451850819)",0.0,Significantly Less
ENSG00000180525,"(0.9973117770684721, 7.4394488270837815)",0.9618,Significantly Less
ENSG00000185418,"(1.1088503574416775, 7.109091223833086)",9.4069,Significantly More
ENSG00000160233,"(-1.4280995987497664, 4.707331722610818)",5.1324,Significantly More
ENSG00000260269,"(5.855212838512939, 16.57528386783536)",0.1377,Significantly Less
ENSG00000132801,"(0.6035711915441735, 3.8398601341302316)",10.3177,Significantly More
ENSG00000118620,"(2.978860876420004, 16.875042745077856)",1.6772,Significantly Less
ENSG00000163026,"(0.09216542028867991, 2.656297013902697)",6.4661,Significantly More
ENSG00000105989,"(-0.2473471041068515, 0.447067043062988)",1.9016,Significantly More
ENSG00000125657,"(-0.18864864752268096, 1.0158198748038383)",42.2534,Significantly More
ENSG00000197859,"(-0.3163265075348819, 1.8166833664488604)",4.2223,Significantly More
ENSG00000272256,"(0.40147270536292545, 31.28926224323336)",0.0,Significantly Less
ENSG00000092853,"(-0.8564700110838445, 2.4508290639115553)",5.0768,Significantly More
ENSG00000258881,"(1.668250367726051, 5.531749901315409)",0.0,Significantly Less
ENSG00000069482,"(-12.65620550451908, 23.682907775712337)",75.4893,Significantly More
ENSG00000171984,"(0.5080361663496431, 12.476871026579435)",14.8332,Significantly More
ENSG00000183763,"(0.23466021692553074, 8.202092371915413)",10.3549,Significantly More
ENSG00000267699,"(4.364297828095932, 20.789048427429766)",0.0,Significantly Less
ENSG00000152056,"(-0.5170421361881508, 3.9115109596494637)",4.3599,Significantly More
ENSG00000234377,"(1.7418944836228567, 12.090750307671495)",0.0171,Significantly Less
ENSG00000115363,"(-0.6026358167965545, 2.5868384510279654)",7.4138,Significantly More
ENSG00000064652,"(12.740116620678439, 37.3742198910937)",2.0395,Significantly Less
ENSG00000261459,"(4.248461420463479, 9.906312960221115)",0.0,Significantly Less
ENSG00000186814,"(4.12742809206137, 22.768482951630503)",0.8202,Significantly Less
ENSG00000196981,"(0.2295690659977413, 1.7939763458754263)",3.9322,Significantly More
ENSG00000147118,"(0.12656808586979928, 2.20591370832095)",4.902,Significantly More
ENSG00000239382,"(2.5893017115362236, 9.829957714579503)",2.0718,Significantly Less
ENSG00000259595,"(6.403980637175307, 22.031543299867423)",0.0,Significantly Less
ENSG00000089723,"(0.04344403731386692, 1.8680413576765813)",3.8389,Significantly More
ENSG00000167840,"(1.0679517452835174, 5.680282420823429)",5.827,Significantly More
ENSG00000047662,"(0.23675380003515434, 2.0206451160836973)",0.1792,Significantly Less
ENSG00000244486,"(-0.41813793589211334, 2.9445471859195904)",8.0184,Significantly More
ENSG00000273432,"(0.9840815301362706, 5.5759298145828105)",0.1452,Significantly Less
ENSG00000124787,"(-0.3211111146511305, 6.046159608302031)",14.2588,Significantly More
ENSG00000197506,"(-0.36005131739712404, 1.3108161526662487)",5.7506,Significantly More
ENSG00000129355,"(2.5670003132516954, 9.552956755290323)",20.3333,Significantly More
ENSG00000196476,"(1.0607643600247973, 5.338558299620683)",24.7469,Significantly More
ENSG00000134461,"(0.6241383496235757, 4.966420027986706)",7.5373,Significantly More
ENSG00000203993,"(1.3939461676229614, 5.225021343153886)",9.1851,Significantly More
ENSG00000279423,"(8.217017070676054, 19.197278506300645)",0.0,Significantly Less
ENSG00000102312,"(-0.14395256844390536, 4.924013854944333)",8.1607,Significantly More
ENSG00000138316,"(-0.1393337388571496, 1.374904545199905)",4.2792,Significantly More
ENSG00000279344,"(1.3614358384702498, 4.728658451172794)",0.0581,Significantly Less
ENSG00000243449,"(-4.843526601384582, 22.175465816047925)",218.8619,Significantly More
ENSG00000102384,"(-0.27370998606245966, 2.058174905697423)",10.1172,Significantly More
ENSG00000120458,"(0.41253773216620093, 4.950391131710252)",5.2199,Significantly More
ENSG00000266469,"(2.236051423180771, 10.177125998417761)",0.2863,Significantly Less
ENSG00000168301,"(0.42051449297135335, 9.242700224969086)",9.8186,Significantly More
ENSG00000152669,"(-0.6780372561977288, 2.0291315746494885)",28.8996,Significantly More
ENSG00000273184,"(0.43276200352512095, 12.187309916660574)",0.0,Significantly Less
ENSG00000162086,"(3.7828621397715168, 12.17488352643596)",1.9631,Significantly Less
ENSG00000263072,"(1.3723981381961456, 5.714524793791695)",1.2967,Significantly Less
ENSG00000165891,"(-0.6431725448742664, 3.30719796631209)",5.6791,Significantly More
ENSG00000272182,"(6.463008282477006, 21.166111098557536)",0.8061,Significantly Less
ENSG00000091879,"(-0.22997963260966625, 1.5784713683960954)",3.9051,Significantly More
ENSG00000180884,"(0.05922916917455878, 2.4836020807395798)",5.2252,Significantly More
ENSG00000258471,"(1.110776605632441, 7.386223042042513)",0.3115,Significantly Less
ENSG00000213638,"(-0.24403151083851604, 11.780115792147472)",19.1835,Significantly More
ENSG00000234222,"(2.637845334975271, 14.408455208882884)",0.0928,Significantly Less
ENSG00000236830,"(1.8130041678057598, 11.732856688012921)",1.5588,Significantly Less
ENSG00000273253,"(1.3616122890568105, 8.297665506319909)",1.2048,Significantly Less
ENSG00000261790,"(3.3247408329962074, 20.833459468407547)",0.8554,Significantly Less
ENSG00000279809,"(0.06763260474876298, 3.289787046789545)",0.0,Significantly Less
ENSG00000269318,"(2.2027271086183164, 12.847714838291576)",0.2496,Significantly Less
ENSG00000263843,"(0.707966368133619, 4.865790747340348)",0.4772,Significantly Less
ENSG00000099617,"(-1.184132760413524, 10.525674816313378)",44.3409,Significantly More
ENSG00000169258,"(-0.39233945093620926, 2.415249477148021)",4.7709,Significantly More
ENSG00000249967,"(1.6732777474187457, 6.101516713428625)",0.0,Significantly Less
ENSG00000158296,"(-0.2802666980488763, 0.994910896514153)",3.7344,Significantly More
ENSG00000205790,"(0.9685134725777691, 3.369846030387126)",0.4418,Significantly Less
ENSG00000214719,"(1.8752825510265407, 8.023139148085043)",0.0346,Significantly Less
ENSG00000226800,"(1.3806869148421832, 4.752027568810328)",0.3152,Significantly Less
ENSG00000146410,"(-0.8787265942373859, 7.191485582803479)",9.4755,Significantly More
ENSG00000197362,"(0.4604206699689084, 2.5075592884620126)",5.2045,Significantly More
ENSG00000171121,"(0.976690702258427, 8.774047807074522)",0.2015,Significantly Less
ENSG00000164105,"(-1.095660851164225, 13.34059727413523)",23.9536,Significantly More
ENSG00000155265,"(-0.0764470203974787, 0.8829349973514347)",4.9267,Significantly More
ENSG00000181392,"(-2.263117416395281, 7.264707122668292)",30.8238,Significantly More
ENSG00000180787,"(1.0586784120200863, 3.9906301667176853)",4.1715,Significantly More
ENSG00000102048,"(-0.22223074039234092, 3.0433334008008393)",8.6122,Significantly More
ENSG00000267001,"(5.520722163583862, 16.48227846150755)",0.0,Significantly Less
ENSG00000131061,"(0.22276163034235452, 4.861494769968296)",8.1492,Significantly More
ENSG00000162062,"(-0.9624192670523835, 5.545360800832372)",16.1439,Significantly More
ENSG00000275074,"(1.5545049825033783, 9.553437972387234)",15.7279,Significantly More
ENSG00000136378,"(-0.41348333184241115, 2.783993585511914)",3.555,Significantly More
ENSG00000185046,"(3.3956542359321276, 16.7254399822104)",0.0273,Significantly Less
ENSG00000173818,"(3.183968015656374, 23.316916669775523)",2.3902,Significantly Less
ENSG00000267321,"(-1.1898074692895135, 8.64130713416195)",16.4554,Significantly More
ENSG00000156384,"(0.572326898054607, 5.718798051856383)",7.5706,Significantly More
ENSG00000235522,"(3.6582557972116216, 16.87502075462188)",0.0696,Significantly Less
ENSG00000267980,"(3.2097756709001546, 13.146247681736938)",1.2124,Significantly Less
ENSG00000268061,"(3.6392369820845465, 6.618080586064512)",1.3531,Significantly Less
ENSG00000127989,"(4.048514119612399, 20.829747124787712)",3.9605,Significantly Less
ENSG00000279207,"(0.1350397537491469, 1.5469275193980847)",2.5955,Significantly More
ENSG00000174951,"(-0.25693236016468424, 2.9129357478495517)",14.3006,Significantly More
ENSG00000122696,"(0.8908773258324634, 6.226109082924912)",7.2777,Significantly More
ENSG00000272030,"(3.351245936406074, 12.104330722068621)",0.4291,Significantly Less
ENSG00000197763,"(-0.3192463461109505, 3.7993139212911577)",5.8364,Significantly More
ENSG00000197483,"(0.516982738934066, 5.475298892721703)",18.1775,Significantly More
ENSG00000088836,"(-0.04277566011358061, 0.3376937155197658)",2.5828,Significantly More
ENSG00000214756,"(0.28849842740032106, 3.349090391852607)",4.1177,Significantly More
ENSG00000150456,"(0.1143882138724086, 7.813844393641552)",17.2988,Significantly More
ENSG00000234477,"(-0.10179348399931346, 0.3194470945933344)",0.5549,Significantly More
ENSG00000143450,"(2.082758711384767, 12.287396726007856)",0.5857,Significantly Less
ENSG00000133302,"(3.0940874272623056, 13.835743925258871)",2.8115,Significantly Less
ENSG00000197008,"(0.46741060209611884, 3.2512148483396404)",4.496,Significantly More
ENSG00000110448,"(-1.996180120025361, 9.098219801455528)",9.3524,Significantly More
ENSG00000248008,"(0.2466683782818535, 4.687346653193202)",5.4771,Significantly More
ENSG00000263620,"(10.878036962148837, 50.3506181180353)",0.0,Significantly Less
ENSG00000130544,"(0.3928560485289304, 1.6110691035624947)",3.1673,Significantly More
ENSG00000104213,"(2.3865082796949464, 14.163524061077453)",1.1213,Significantly Less
ENSG00000176182,"(1.574063205229919, 5.351343928642372)",19.0024,Significantly More
ENSG00000272335,"(0.21800219904605633, 3.08913385704537)",7.2469,Significantly More
ENSG00000165886,"(-1.2178679996140964, 5.196764968511804)",12.9055,Significantly More
ENSG00000236935,"(-2.51368324716376, 14.61368718797391)",38.584,Significantly More
ENSG00000259953,"(-0.02008987226371106, 4.4340394969519945)",4.5937,Significantly More
ENSG00000179922,"(0.7979714323592368, 9.169351202479076)",24.0569,Significantly More
ENSG00000123838,"(-14.815931607085751, 27.041621592090557)",35.398,Significantly More
ENSG00000249249,"(1.175271458844363, 5.522120657788087)",0.203,Significantly Less
ENSG00000130748,"(0.3441476242036341, 11.261108799995526)",182.7373,Significantly More
ENSG00000222014,"(1.0073101096091004, 2.3726308043516986)",0.0,Significantly Less
ENSG00000236081,"(-0.47813743002767395, 1.2068770285961194)",71.4866,Significantly More
ENSG00000130222,"(-1.0362551742065147, 11.508487734851487)",72.2399,Significantly More
ENSG00000146054,"(-0.4010411793475357, 2.329702001714604)",3.2869,Significantly More
ENSG00000282951,"(3.380924962172804, 16.04333664445086)",1.3667,Significantly Less
ENSG00000227627,"(2.0131584325443876, 7.757443369981051)",0.0443,Significantly Less
ENSG00000171574,"(0.025562191583241134, 4.17894638170071)",5.8706,Significantly More
ENSG00000267561,"(1.1373438632791792, 5.370569424678564)",0.0,Significantly Less
ENSG00000169193,"(2.023056888547085, 13.981735055484094)",1.6575,Significantly Less
ENSG00000148835,"(1.3414893765229516, 4.853284089820049)",5.5507,Significantly More
ENSG00000258634,"(0.005585768869688534, 2.868806032586358)",3.8616,Significantly More
ENSG00000249180,"(8.164279708239349, 28.103829130384213)",0.0,Significantly Less
ENSG00000171877,"(-0.16056411437259865, 1.9057054180691513)",4.3025,Significantly More
ENSG00000163155,"(0.9627589748164089, 6.295679626939046)",6.9122,Significantly More
ENSG00000266993,"(3.873366021065199, 10.045049607477228)",0.2486,Significantly Less
ENSG00000164169,"(1.159409008169018, 4.4489946116156975)",4.7681,Significantly More
ENSG00000070190,"(-0.8651968943499864, 4.275963745384343)",5.8131,Significantly More
ENSG00000196646,"(3.7593645365427353, 19.998045458337607)",2.108,Significantly Less
ENSG00000102078,"(1.3765336518157336, 6.373198867707547)",12.3243,Significantly More
ENSG00000109576,"(-0.2678523181969319, 4.356604128803578)",17.4602,Significantly More
ENSG00000158122,"(-0.22341548806736178, 4.421571055771924)",4.5253,Significantly More
ENSG00000185689,"(5.502093307808041, 27.636460459841537)",0.0,Significantly Less
ENSG00000212864,"(0.8922725394757105, 4.212213023143284)",13.8949,Significantly More
ENSG00000174327,"(0.1557421792133029, 6.249603692630248)",25.6755,Significantly More
ENSG00000260345,"(15.388368872795706, 33.5249701451131)",1.0117,Significantly Less
ENSG00000266208,"(1.222113623552322, 8.606089164298936)",0.0,Significantly Less
ENSG00000154252,"(-6.347521475822675, 20.833740117664163)",45.3694,Significantly More
ENSG00000267296,"(0.49696936438473127, 5.500517061233321)",15.9114,Significantly More
ENSG00000186017,"(0.03984253990072717, 1.643318672095199)",3.4192,Significantly More
ENSG00000181894,"(0.434877821073286, 3.6168260167034996)",3.808,Significantly More
ENSG00000197951,"(-0.37746132056449966, 3.4905552447729056)",4.7922,Significantly More
ENSG00000171224,"(-1.2652106162341328, 7.98655301982457)",13.8464,Significantly More
ENSG00000013392,"(-0.3283189099559298, 2.883748870208662)",4.6796,Significantly More
ENSG00000267796,"(3.591903486315153, 16.928898048396395)",2.5659,Significantly Less
ENSG00000160284,"(-1.1107521666376825, 7.057079640177639)",9.4338,Significantly More
ENSG00000104140,"(-1.0046114714579337, 5.928532369210392)",55.3652,Significantly More
ENSG00000027869,"(-0.5342755218596817, 5.782984057661865)",14.604,Significantly More
ENSG00000040608,"(-0.43921562030601313, 4.656213936135597)",13.8884,Significantly More
ENSG00000119640,"(1.0121499991049694, 11.12107936137824)",12.9594,Significantly More
ENSG00000139351,"(1.813884640735834, 9.96570359953956)",0.1968,Significantly Less
ENSG00000128578,"(-1.0178742665404625, 1.8530439894549144)",4.104,Significantly More
ENSG00000116761,"(1.0459743493541955, 11.2375047704152)",11.6776,Significantly More
ENSG00000031691,"(-0.6865291103522853, 4.695072000300517)",7.2732,Significantly More
ENSG00000236017,"(2.430885482587816, 14.239736419139401)",15.6957,Significantly More
ENSG00000153294,"(-1.748567962376351, 4.280056018878646)",6.9794,Significantly More
ENSG00000180423,"(5.962467679349137, 14.237013049651543)",2.9447,Significantly Less
ENSG00000233087,"(0.8437830334669214, 2.9833799039600475)",0.5469,Significantly Less
ENSG00000225420,"(1.3889091968791956, 8.917005274939477)",0.0,Significantly Less
ENSG00000189362,"(2.0076115191195747, 12.862302579964648)",1.5941,Significantly Less
ENSG00000108176,"(-6.692302304638516, 21.85398135126014)",22.1997,Significantly More
ENSG00000257704,"(2.994711063143715, 13.343518978061134)",50.1291,Significantly More
ENSG00000164283,"(-0.12384038518549724, 0.33523761915732836)",12.2076,Significantly More
ENSG00000198513,"(1.0387093590653391, 9.41981004851889)",0.8671,Significantly Less
ENSG00000259407,"(1.8205490426815913, 15.44791955618707)",0.3128,Significantly Less
ENSG00000187951,"(-0.3104551001878424, 2.494995697998492)",5.5892,Significantly More
ENSG00000196812,"(0.904162110153464, 6.49817242573992)",8.8397,Significantly More
ENSG00000156374,"(0.552321959374956, 4.189998070907329)",6.4148,Significantly More
ENSG00000119965,"(1.0357787763664028, 4.554296326420828)",5.7697,Significantly More
ENSG00000179862,"(-3.559672724829602, 8.225250428463886)",19.1023,Significantly More
ENSG00000141933,"(-0.7496999484051035, 5.77954891954003)",7.409,Significantly More
ENSG00000185220,"(0.7062386793867426, 3.587321970181839)",4.7895,Significantly More
ENSG00000164953,"(0.06763148685503018, 1.6352064144317016)",1.8787,Significantly More
ENSG00000198521,"(1.654584714794023, 10.793251837703739)",0.5938,Significantly Less
ENSG00000131188,"(-0.02663119399092939, 1.1784610552515156)",31.2157,Significantly More
ENSG00000213903,"(-0.3355600546674242, 3.482905165528333)",8.6093,Significantly More
ENSG00000184068,"(0.5722453936851077, 3.652215028998239)",0.1513,Significantly Less
ENSG00000142235,"(-0.7711512508962373, 1.4971019366872875)",7.0995,Significantly More
ENSG00000239704,"(2.0532814928991883, 21.768440835567624)",0.4631,Significantly Less
ENSG00000169239,"(1.4724525616715791, 16.874091656385453)",1.1852,Significantly Less
ENSG00000280206,"(0.07738406080329119, 5.689174755922659)",33.6702,Significantly More
ENSG00000248101,"(1.6285522111717405, 5.720425448792136)",0.0,Significantly Less
ENSG00000101850,"(-1.4046730400220766, 6.571919121463589)",6.9996,Significantly More
ENSG00000143412,"(0.7844111508718479, 5.385023517996182)",10.4974,Significantly More
ENSG00000251369,"(-0.06431203725933998, 2.4373781655926923)",3.0819,Significantly More
ENSG00000139117,"(2.3666658548134514, 64.2109845276791)",1.6488,Significantly Less
ENSG00000172031,"(-0.2774191371622583, 0.7308453318815589)",14.1367,Significantly More
ENSG00000154957,"(1.6717519958612685, 4.227507561855626)",7.0386,Significantly More
ENSG00000269386,"(7.322616887038607, 23.02264169805155)",4.4337,Significantly Less
ENSG00000125319,"(-0.19057895852783957, 2.132009206754117)",11.7387,Significantly More
ENSG00000196793,"(-0.6665769578104553, 2.3630596657632856)",2.5235,Significantly More
ENSG00000013016,"(-0.3823861331925664, 2.651751003040065)",3.9366,Significantly More
ENSG00000270696,"(0.7305051912894056, 4.648549179686279)",0.0863,Significantly Less
ENSG00000263731,"(-0.11888661217503538, 2.8818661252334175)",5.9579,Significantly More
ENSG00000273142,"(-0.24033064651844838, 1.6186874613160556)",7.2723,Significantly More
ENSG00000272434,"(2.3800311471155107, 17.89230125378107)",1.1566,Significantly Less
ENSG00000283580,"(3.4393704794441295, 10.522283862157645)",0.0,Significantly Less
ENSG00000268189,"(1.1978659549702688, 5.492200988306466)",0.9466,Significantly Less
ENSG00000102981,"(-0.26154850144865893, 5.739268867696299)",6.806,Significantly More
ENSG00000182489,"(-0.0006108904954295058, 0.8207136181811711)",8.7623,Significantly More
ENSG00000213020,"(3.1337799712405556, 8.628517813810289)",2.5518,Significantly Less
ENSG00000258839,"(-0.2610914170539427, 2.0092691554852156)",2.6925,Significantly More
ENSG00000248664,"(2.4104063905044155, 8.588736380857977)",0.3187,Significantly Less
ENSG00000260257,"(-0.29208502486184473, 3.4607183886456556)",7.074,Significantly More
ENSG00000164011,"(0.058775109877688525, 6.095224370110776)",9.6253,Significantly More
ENSG00000204618,"(0.3635991586775258, 3.038718177531327)",3.3484,Significantly More
ENSG00000231851,"(3.130113095688044, 10.384895984740838)",0.3849,Significantly Less
ENSG00000187961,"(-0.611838553502162, 5.194462360552925)",8.1533,Significantly More
ENSG00000269469,"(3.859929163781027, 14.17661415042238)",0.0,Significantly Less
ENSG00000220925,"(2.181778842318117, 16.23706455773105)",0.0,Significantly Less
ENSG00000267534,"(-0.5497401102593595, 4.013751156628416)",5.2966,Significantly More
ENSG00000132122,"(1.7782533484526715, 14.053799456828965)",0.6601,Significantly Less
ENSG00000186787,"(0.8423831879859889, 6.257390325864337)",11.5331,Significantly More
ENSG00000140451,"(-1.1448348858688817, 4.920994041625702)",7.4467,Significantly More
ENSG00000172296,"(2.425863485487813, 30.535071073429375)",0.3182,Significantly Less
ENSG00000243155,"(0.7771391483593093, 2.5229932652444633)",0.5597,Significantly Less
ENSG00000223343,"(2.6201547265416263, 9.395431083344281)",0.1928,Significantly Less
ENSG00000172346,"(2.037928904033795, 8.277157451169627)",0.9538,Significantly Less
ENSG00000184709,"(-5.8605228641401785, 19.14777978653312)",33.1668,Significantly More
ENSG00000137203,"(-0.3264275318272627, 1.4065308449419225)",1.8522,Significantly More
ENSG00000140543,"(1.145034024149158, 4.379929090146008)",0.3077,Significantly Less
ENSG00000182742,"(-1.1797546100694918, 4.908146694291885)",16.2644,Significantly More
ENSG00000159917,"(2.1019813037059176, 9.104253926289719)",1.4851,Significantly Less
ENSG00000185055,"(1.4197875147172216, 7.446066358838767)",0.3508,Significantly Less
ENSG00000247095,"(-0.8140407222802502, 12.867436668172925)",22.992,Significantly More
ENSG00000160298,"(-0.6551434872211437, 4.09034094946875)",4.538,Significantly More
ENSG00000139055,"(-3.33283167081624, 5.351477363026758)",73.486,Significantly More
ENSG00000132000,"(-1.0291829499959761, 6.233976652424747)",10.1269,Significantly More
ENSG00000130812,"(0.694801860597031, 5.268667752512598)",0.4147,Significantly Less
ENSG00000168993,"(-1.9246445166148665, 5.063313633668611)",12.4499,Significantly More
ENSG00000272305,"(1.771713401474047, 7.517866271951696)",0.4283,Significantly Less
ENSG00000056277,"(0.10379041524339627, 1.150583776843019)",5.4929,Significantly More
ENSG00000279806,"(-0.5633035997530735, 1.196942118431408)",18.8433,Significantly More
ENSG00000258677,"(1.7984283298172121, 9.821398227060111)",0.0,Significantly Less
ENSG00000106038,"(-0.7949301582988184, 1.5595421368941644)",15.0837,Significantly More
ENSG00000157303,"(-1.9255323757441758, 8.220124171390378)",15.8176,Significantly More
ENSG00000198205,"(0.18449808762802822, 1.5550794367597456)",3.4086,Significantly More
ENSG00000173391,"(-0.4656596772378436, 1.527571362356668)",2.8601,Significantly More
ENSG00000204315,"(1.8168578023844888, 5.827203987294203)",13.2549,Significantly More
ENSG00000183137,"(1.3056760747856329, 9.386721674809667)",0.9178,Significantly Less
ENSG00000205643,"(0.11868591445396204, 6.718382278123441)",12.5239,Significantly More
ENSG00000138658,"(-0.08406810435007273, 1.4675465493048767)",2.0535,Significantly More
ENSG00000245904,"(2.3907222857349613, 24.759447647699922)",0.0157,Significantly Less
ENSG00000260267,"(0.5891196084905794, 2.9446184158907998)",3.1883,Significantly More
ENSG00000278133,"(4.223581415679915, 17.85148618990594)",25.9221,Significantly More
ENSG00000272741,"(3.418866622644609, 11.163343651936232)",0.0,Significantly Less
ENSG00000163132,"(-0.36045218315343613, 1.310314727362227)",7.3916,Significantly More
ENSG00000170684,"(-0.08900599503048578, 5.944930659428109)",21.7082,Significantly More
ENSG00000125895,"(-1.8054630478363753, 2.752816628701975)",4.9112,Significantly More
ENSG00000129295,"(-0.46230960361222806, 6.504596055188157)",11.104,Significantly More
ENSG00000171806,"(0.6596883194726999, 6.410690740531812)",10.1455,Significantly More
ENSG00000187513,"(-2.711273156078618, 8.83633069342931)",9.6633,Significantly More
ENSG00000246889,"(5.2116936595249745, 13.306216946977543)",0.5387,Significantly Less
ENSG00000259865,"(-0.05796734875976384, 4.862775632208329)",8.5899,Significantly More
ENSG00000196172,"(0.16371087911329774, 14.711776434020203)",0.116,Significantly Less
ENSG00000255850,"(1.3837437126726773, 6.632612137015382)",0.0822,Significantly Less
ENSG00000088305,"(0.1070542154545644, 1.403408148830439)",4.2652,Significantly More
ENSG00000189431,"(-1.6395784090965082, 2.4950149237584425)",4.731,Significantly More
ENSG00000204352,"(1.0397151715290658, 21.917591480331374)",0.1306,Significantly Less
ENSG00000197728,"(0.732232721995119, 6.137662992785582)",659.5261,Significantly More
ENSG00000186810,"(-1.8032645697553797, 7.819610197811118)",25.988,Significantly More
ENSG00000141642,"(2.650183479271875, 9.820768438427667)",1.4809,Significantly Less
ENSG00000132010,"(3.9451584393583126, 14.646967239864342)",0.2944,Significantly Less
ENSG00000166704,"(1.6541654472049898, 8.70375284705406)",0.8095,Significantly Less
ENSG00000124216,"(-0.8903520225684338, 2.945476598425145)",12.4664,Significantly More
ENSG00000260206,"(3.236621157759706, 12.695312188474944)",0.0,Significantly Less
ENSG00000043355,"(-0.1533048407120087, 0.5204661437115645)",7.4686,Significantly More
ENSG00000118420,"(0.09644353615552292, 2.600478863385569)",3.3201,Significantly More
ENSG00000100068,"(-0.8147395938033459, 3.99723527437151)",7.0758,Significantly More
ENSG00000242861,"(0.5252596109160717, 13.237212301163883)",27.7235,Significantly More
ENSG00000237714,"(2.2084023844092053, 8.870127321847033)",0.0,Significantly Less
ENSG00000260912,"(-1.9466554203526698, 7.621465835035179)",11.354,Significantly More
ENSG00000267040,"(3.993454399843584, 23.638253481440287)",1.7609,Significantly Less
ENSG00000164241,"(2.4243074745005115, 13.99787796783069)",1.8031,Significantly Less
ENSG00000153790,"(1.2851380422411118, 34.0496971543261)",0.9809,Significantly Less
ENSG00000197696,"(-0.36167670226929394, 4.081088746788419)",29.6478,Significantly More
ENSG00000249592,"(1.8317524252957567, 11.70571536682531)",1.42,Significantly Less
ENSG00000261455,"(0.8284887884390819, 3.7827462572518327)",8.4603,Significantly More
ENSG00000048052,"(0.8993626787270106, 9.07227168170208)",0.2665,Significantly Less
ENSG00000162650,"(0.2303658975684657, 1.8315884822570259)",4.5812,Significantly More
ENSG00000196653,"(-0.2243839124111937, 2.5656644838771387)",2.6713,Significantly More
ENSG00000175556,"(0.47461303199558436, 3.4725672230115547)",7.5355,Significantly More
ENSG00000196267,"(2.711193540162286, 9.391536122014788)",1.776,Significantly Less
ENSG00000187790,"(0.17403889658718508, 1.7447840695364378)",1.9381,Significantly More
ENSG00000165730,"(-0.010640273303317849, 1.4752367204950136)",4.4292,Significantly More
ENSG00000235989,"(0.7950826699571283, 3.945898643026719)",0.166,Significantly Less
ENSG00000251279,"(3.108150248631377, 12.14635111264151)",0.3788,Significantly Less
ENSG00000267787,"(1.0773830615483728, 16.322025737312345)",0.0553,Significantly Less
ENSG00000106526,"(1.626149048355959, 6.203915714688468)",1.2368,Significantly Less
ENSG00000156049,"(-1.8490929263855254, 10.03080433133238)",10.4685,Significantly More
ENSG00000164037,"(0.9997697259240228, 9.798998693480733)",0.051,Significantly Less
ENSG00000205502,"(-0.760575354998364, 2.336437159232032)",62.2629,Significantly More
ENSG00000261063,"(4.293793034613596, 14.674635814219965)",0.0,Significantly Less
ENSG00000177602,"(-0.388425461755487, 1.9457835749071024)",9.1084,Significantly More
ENSG00000229152,"(-1.1111292822248338, 6.362741870857511)",19.2202,Significantly More
ENSG00000249395,"(-1.1355478271473247, 4.760315503663146)",5.0205,Significantly More
ENSG00000272104,"(4.338368856771742, 25.462979177506632)",0.0,Significantly Less
ENSG00000140876,"(1.976366469594061, 12.726938799928526)",1.7486,Significantly Less
ENSG00000123810,"(2.38652406816572, 9.615370712483417)",20.0792,Significantly More
ENSG00000197181,"(-0.7679419378638705, 3.043956923372144)",6.3063,Significantly More
ENSG00000101115,"(-0.10457957876839119, 0.40173911199649615)",1.2534,Significantly More
ENSG00000061656,"(-2.6905852964632513, 9.844175982572498)",20.6731,Significantly More
ENSG00000273045,"(0.18028999438462123, 3.7117232081620646)",4.1752,Significantly More
ENSG00000148935,"(0.8398328740863548, 6.354335934920277)",0.78,Significantly Less
ENSG00000181085,"(-0.3466569644041217, 0.9493788931280684)",4.7631,Significantly More
ENSG00000272941,"(2.0567099809947846, 7.745195916000427)",0.1317,Significantly Less
ENSG00000167711,"(-1.070130637861963, 2.8488174076681405)",7.8427,Significantly More
ENSG00000175040,"(-0.008743755316234392, 3.407193306237179)",4.5493,Significantly More
ENSG00000278974,"(2.7759214723249546, 10.671847306090447)",2.1396,Significantly Less
ENSG00000169612,"(1.6672963082190877, 4.589623969565499)",5.9721,Significantly More
ENSG00000116157,"(-2.4873902859302572, 9.793148666798434)",11.4931,Significantly More
ENSG00000203644,"(2.442717890027594, 7.849768280514618)",12.5898,Significantly More
ENSG00000203883,"(-2.5143413868426405, 10.87552155053011)",17.6492,Significantly More
ENSG00000231607,"(0.6981987537920082, 3.102119113940981)",0.6344,Significantly Less
ENSG00000186792,"(0.04186928516804489, 3.0195915511716938)",9.1965,Significantly More
ENSG00000095970,"(-2.6084976406986784, 6.811435068847073)",7.0211,Significantly More
ENSG00000185338,"(-5.164268638186751, 10.498859111353326)",29.2769,Significantly More
ENSG00000155592,"(0.05137737487037841, 1.9144330067389874)",2.0268,Significantly More
ENSG00000229953,"(-1.3751777496803088, 8.334952528296096)",10.5403,Significantly More
ENSG00000267278,"(2.207695757748039, 10.195902196533243)",1.5451,Significantly Less
ENSG00000175505,"(-0.5056299922140077, 4.592338098092775)",6.8969,Significantly More
ENSG00000186474,"(-1.5585776863334018, 2.7265164814106115)",25.1387,Significantly More
ENSG00000134901,"(-0.55774284551852, 2.655940018909292)",3.7429,Significantly More
ENSG00000137561,"(-1.172996205984521, 6.338529617780074)",7.3576,Significantly More
ENSG00000261799,"(0.497239055258319, 2.405387478518618)",5.8016,Significantly More
ENSG00000106686,"(0.8992931007498943, 4.319227640389073)",0.471,Significantly Less
ENSG00000167771,"(0.036737799523228976, 4.39823637266629)",4.9441,Significantly More
ENSG00000119636,"(4.4464061310146406, 16.947702081802923)",1.141,Significantly Less
ENSG00000188290,"(-0.866339634355711, 4.904920885884704)",60.5414,Significantly More
ENSG00000258964,"(1.389750202957, 10.729674764674895)",0.0,Significantly Less
ENSG00000258168,"(1.894207376202342, 15.546326652183335)",0.1657,Significantly Less
ENSG00000269867,"(-0.846464937195972, 8.146561690100556)",21.7573,Significantly More
ENSG00000184305,"(1.0634312826562091, 8.996202035550757)",0.5325,Significantly Less
ENSG00000188452,"(0.5626823007584889, 8.66914778043595)",0.4109,Significantly Less
ENSG00000179598,"(-0.7872595435546395, 2.8885581498329778)",5.4966,Significantly More
ENSG00000264701,"(2.0626567130428732, 9.030810466078359)",0.0,Significantly Less
ENSG00000215910,"(1.2146189503906566, 5.449132283179824)",0.0,Significantly Less
ENSG00000131152,"(1.9584247391439207, 7.2934390630968196)",0.0,Significantly Less
ENSG00000258056,"(0.5416056801492224, 6.14861635605604)",9.7155,Significantly More
ENSG00000085465,"(-0.8812118851106301, 5.804573775899698)",9.2123,Significantly More
ENSG00000260371,"(5.725622405015309, 11.527590567522747)",0.0,Significantly Less
ENSG00000170917,"(1.3327768160464482, 10.244095981257075)",0.6184,Significantly Less
ENSG00000275944,"(0.23398445747797858, 17.76926939138422)",0.0786,Significantly Less
ENSG00000149243,"(-0.061848399195831766, 0.44316149268331084)",2.202,Significantly More
ENSG00000111012,"(-0.056952097971407545, 3.1297910237458524)",4.1772,Significantly More
ENSG00000282218,"(2.2332386363411745, 9.404712883027276)",0.0,Significantly Less
ENSG00000228526,"(-0.41303489507692315, 1.8097262134403878)",4.1403,Significantly More
ENSG00000133874,"(-1.15672154598836, 7.0254778722592945)",11.1127,Significantly More
ENSG00000271976,"(0.41957296799923216, 2.1613618526321137)",4.9023,Significantly More
ENSG00000146858,"(-0.09583904596223536, 1.4795999778639193)",16.3892,Significantly More
ENSG00000189298,"(0.21821919738295104, 1.7804922523027804)",1.9455,Significantly More
ENSG00000269958,"(0.9570539103388178, 7.798232739966139)",27.6958,Significantly More
ENSG00000219626,"(4.286082308577311, 12.60415421354812)",0.3977,Significantly Less
ENSG00000177464,"(-1.5526057256423826, 4.209101287311092)",6.8935,Significantly More
ENSG00000261762,"(-0.2601871545585286, 2.38903922295923)",2.4495,Significantly More
ENSG00000197937,"(4.890620068189607, 19.370338054275862)",0.2641,Significantly Less
ENSG00000176386,"(1.8568529550139905, 9.154984698931724)",12.9688,Significantly More
ENSG00000272502,"(-0.05957587830156197, 1.24743110558187)",6.2095,Significantly More
ENSG00000105088,"(-0.5971990134783913, 3.756208644164741)",4.2812,Significantly More
ENSG00000143257,"(3.298803428749486, 10.166605474678285)",0.5571,Significantly Less
ENSG00000197279,"(-0.5826525409847341, 3.489432801603872)",9.4741,Significantly More
ENSG00000107614,"(2.1757584700696824, 9.400586722464539)",0.8682,Significantly Less
ENSG00000214300,"(0.360372740670323, 2.181037442669256)",0.0365,Significantly Less
ENSG00000169583,"(-2.299817993698345, 6.320674169646762)",21.1574,Significantly More
ENSG00000244198,"(1.2817666875879734, 11.217551513544384)",0.0952,Significantly Less
ENSG00000104059,"(0.8610279604315814, 26.320686630889693)",0.2175,Significantly Less
ENSG00000226648,"(0.4243124697152507, 2.0827644618544583)",0.2153,Significantly Less
ENSG00000063438,"(0.19348135902338015, 5.312839077889932)",0.032,Significantly Less
ENSG00000277639,"(-4.332444497132649, 10.092784673785332)",15.66,Significantly More
ENSG00000142544,"(-0.0173774383924008, 2.0368485535546195)",33.6805,Significantly More
ENSG00000270017,"(3.0044956983813877, 13.836827745418077)",0.0,Significantly Less
ENSG00000266677,"(1.507850175994844, 7.617998462730385)",0.0661,Significantly Less
ENSG00000255455,"(0.10832124673027899, 3.095228304092009)",0.0,Significantly Less
ENSG00000100483,"(0.5572741114433772, 3.7442601200968597)",7.9958,Significantly More
ENSG00000247595,"(4.212196470084015, 12.074239893212424)",0.9905,Significantly Less
ENSG00000198346,"(2.5557404685271496, 17.28525607241331)",2.2445,Significantly Less
ENSG00000178821,"(-0.18639497568893715, 5.263904239709797)",15.1689,Significantly More
ENSG00000265688,"(-0.09676974845748387, 0.7181108023983864)",5.4889,Significantly More
ENSG00000240963,"(2.7286607945748305, 7.499428854154321)",0.0,Significantly Less
ENSG00000259943,"(-0.08317567751615362, 5.387130563242335)",6.5542,Significantly More
ENSG00000197261,"(-1.168678254373182, 6.977998926976744)",7.6912,Significantly More
ENSG00000280758,"(1.8282946280997967, 13.452122786580766)",0.5243,Significantly Less
ENSG00000223442,"(3.4937735645939423, 10.6616971079974)",0.1395,Significantly Less
ENSG00000160050,"(-1.2933943832949608, 5.889620025922309)",6.818,Significantly More
ENSG00000227050,"(1.476483972768193, 27.312531761228012)",0.0,Significantly Less
ENSG00000160326,"(-0.3978100427527125, 4.0005787903597385)",5.7208,Significantly More
ENSG00000264545,"(0.7224913382982194, 6.991125234464128)",0.0,Significantly Less
ENSG00000272288,"(5.337888793781506, 17.54661857156956)",2.6988,Significantly Less
ENSG00000255026,"(-1.2091539858314784, 2.46806524784418)",39.9654,Significantly More
ENSG00000267022,"(0.38161624686922524, 1.9218313638505111)",0.0,Significantly Less
ENSG00000127720,"(2.8847348878325674, 13.04564737572435)",2.4407,Significantly Less
ENSG00000139160,"(1.5856700149343292, 5.720267110253406)",0.8121,Significantly Less
ENSG00000273820,"(-0.3229000112430568, 2.0666907880477936)",4.265,Significantly More
ENSG00000111701,"(-16.91047238527985, 24.803878582236077)",70.9892,Significantly More
ENSG00000257605,"(1.2052575802823693, 7.9002889544964034)",0.233,Significantly Less
ENSG00000184635,"(0.440902094496606, 6.801455153800044)",0.3513,Significantly Less
ENSG00000198088,"(-0.009668848380870454, 2.68830899072074)",10.3351,Significantly More
ENSG00000180336,"(1.9156846883371808, 8.160806279151615)",0.0525,Significantly Less
ENSG00000250899,"(-0.1732058965917641, 1.258497142119038)",4.6331,Significantly More
ENSG00000277496,"(0.022810823369119326, 5.352124040403804)",6.1734,Significantly More
ENSG00000267179,"(1.418600148621425, 9.960874131055895)",0.0,Significantly Less
ENSG00000232442,"(-0.1323080298241437, 3.7884862376750235)",32.9347,Significantly More
ENSG00000135537,"(3.330749536371577, 9.230411440928394)",0.8663,Significantly Less
ENSG00000250903,"(0.4397291234809566, 3.3359657708942745)",0.2337,Significantly Less
ENSG00000182318,"(0.3429180241949116, 1.3131452907602008)",3.8869,Significantly More
ENSG00000173275,"(-0.2709500088524043, 2.0884678701036146)",2.7771,Significantly More
ENSG00000189433,"(-0.4050669398225849, 0.7921731808003895)",3.6538,Significantly More
ENSG00000216937,"(0.7834657649313559, 3.0695075386827684)",0.5039,Significantly Less
ENSG00000168116,"(-0.07820123490441078, 2.3409301649928542)",2.6668,Significantly More
ENSG00000249593,"(1.9607198509131698, 7.066725956260759)",0.19,Significantly Less
ENSG00000235872,"(0.3711214086347123, 18.567722040623856)",0.0,Significantly Less
ENSG00000165188,"(-0.4041627828618046, 1.1094343273364502)",9.9643,Significantly More
ENSG00000267735,"(2.2442364728250324, 13.503521815048167)",0.0,Significantly Less
ENSG00000131848,"(2.3583125240858127, 9.896317261868006)",2.044,Significantly Less
ENSG00000169750,"(-0.010250371574481498, 4.60720854605852)",9.927,Significantly More
ENSG00000188760,"(-0.21529002968469713, 2.351631427132288)",3.2161,Significantly More
ENSG00000256628,"(0.6924894674709664, 2.2485854264356697)",2.2532,Significantly More
ENSG00000243710,"(0.4292821306382364, 3.5979965240315255)",0.0,Significantly Less
ENSG00000230316,"(-0.015514410778780482, 0.021829729168455835)",3.9989,Significantly More
ENSG00000204920,"(3.16722542897463, 12.260800952022242)",1.0035,Significantly Less
ENSG00000148832,"(0.8981186405851114, 8.768485111350913)",0.871,Significantly Less
ENSG00000173928,"(0.8213516233670899, 4.7335758263108065)",8.4978,Significantly More
ENSG00000204856,"(-1.0490058923483034, 4.602003592466719)",5.4675,Significantly More
ENSG00000231760,"(1.590546621555835, 4.1233903982942826)",0.2848,Significantly Less
ENSG00000275111,"(0.2164920474817078, 1.8602054754287682)",2.1126,Significantly More
ENSG00000197568,"(1.477495645342699, 6.591042845764701)",9.3754,Significantly More
ENSG00000227495,"(6.640090212759805, 17.31236380319678)",2.3271,Significantly Less
ENSG00000232445,"(-0.05976291961393437, 0.4316482618567265)",3.2232,Significantly More
ENSG00000163393,"(-0.09652124738380996, 2.7443946795091447)",5.4848,Significantly More
ENSG00000030419,"(0.5687014216105646, 4.538837773545245)",0.4064,Significantly Less
ENSG00000260281,"(7.016682944523503, 14.528380059895454)",0.0,Significantly Less
ENSG00000156127,"(-1.9852490956538489, 8.694214245132311)",35.7374,Significantly More
ENSG00000154099,"(0.0667930088238331, 3.416372556505677)",0.0581,Significantly Less
ENSG00000247092,"(-0.0852278842514631, 2.732355683880752)",3.438,Significantly More
ENSG00000100490,"(3.9186170456985945, 21.702241002101303)",2.2064,Significantly Less
ENSG00000272170,"(5.881762177400303, 27.547587724215006)",1.4743,Significantly Less
ENSG00000132622,"(-0.8095997250085096, 4.491429901980219)",4.8597,Significantly More
ENSG00000266929,"(2.820682719080706, 10.708347687106885)",0.0,Significantly Less
ENSG00000158055,"(-0.12260585569865051, 0.32855894375663314)",5.7905,Significantly More
ENSG00000226476,"(-0.1126796194384162, 0.3993750137770845)",0.7685,Significantly More
ENSG00000083817,"(0.23979090924644364, 2.386637681628022)",4.0278,Significantly More
ENSG00000167604,"(-0.49413844520441863, 6.703216590227808)",7.6835,Significantly More
ENSG00000269176,"(2.9233387165199085, 6.88621496751523)",0.5927,Significantly Less
ENSG00000109255,"(-0.3267307508855162, 2.1101199912335016)",20.718,Significantly More
ENSG00000275764,"(0.4903773144321344, 3.1841927872494695)",6.6423,Significantly More
ENSG00000246174,"(0.7058408934825362, 6.672671931315637)",0.1987,Significantly Less
ENSG00000253716,"(-0.7011630540438136, 5.539094003414013)",10.6409,Significantly More
ENSG00000160051,"(0.20369985499979104, 2.210293686221509)",3.5499,Significantly More
ENSG00000267523,"(-0.5687288348990505, 7.476866145054136)",13.4355,Significantly More
ENSG00000109674,"(-0.33799200293635856, 1.9106663727268272)",4.6559,Significantly More
ENSG00000278266,"(-1.142846298918026, 3.6538722827127765)",5.962,Significantly More
ENSG00000137571,"(-0.024633813189724685, 0.8354403817957187)",1.126,Significantly More
ENSG00000271933,"(1.2884063787213622, 4.729411818071252)",0.4879,Significantly Less
ENSG00000187650,"(0.5965846985764056, 2.6973889455640876)",4.8454,Significantly More
ENSG00000235079,"(0.9398804572384298, 11.097115063237965)",0.1559,Significantly Less
ENSG00000129028,"(0.4471021616461661, 3.469046156816738)",7.9534,Significantly More
ENSG00000187815,"(0.49579173086347095, 2.098615081452575)",3.1356,Significantly More
ENSG00000154146,"(-1.1800423486209835, 7.92034026827319)",14.0432,Significantly More
ENSG00000235531,"(0.25547688061495455, 6.406538246899178)",0.2228,Significantly Less
ENSG00000167964,"(-1.4806740629700075, 8.319680889499853)",10.8455,Significantly More
ENSG00000179431,"(-0.23467896965036883, 0.9153368882490942)",7.8318,Significantly More
ENSG00000237523,"(-0.05129234434097585, 2.23595866571176)",3.0041,Significantly More
ENSG00000272189,"(-0.21697067496426148, 2.5535477109223708)",5.9694,Significantly More
ENSG00000186272,"(2.515755039618072, 9.537491961980635)",2.4864,Significantly Less
ENSG00000239415,"(0.6637289869495042, 3.083083399938147)",3.7074,Significantly More
ENSG00000231989,"(0.5010884786771346, 2.374360112161841)",0.135,Significantly Less
ENSG00000232533,"(-1.7061360830027352, 4.888711630996655)",13.2601,Significantly More
ENSG00000255467,"(2.890449721336859, 9.704437431983575)",0.0,Significantly Less
ENSG00000231887,"(1.5763469604217173, 9.877089699238152)",0.0959,Significantly Less
ENSG00000161328,"(-1.3477572785363847, 4.36348309349975)",4.5796,Significantly More
ENSG00000224505,"(2.205016861396272, 15.104251005820172)",0.8664,Significantly Less
ENSG00000151014,"(-1.6947210584669992, 6.728908994115113)",8.8216,Significantly More
ENSG00000267127,"(0.892599887605511, 6.88078779955713)",0.0773,Significantly Less
ENSG00000261061,"(-0.3176482799534035, 4.176210202539332)",24.8437,Significantly More
ENSG00000235513,"(0.3764024492520608, 3.5728086933073513)",0.1992,Significantly Less
ENSG00000258891,"(0.5685146567981021, 3.837025709232115)",0.1144,Significantly Less
ENSG00000178386,"(1.4294132157315378, 7.5621790401888305)",0.3188,Significantly Less
ENSG00000229891,"(-0.793719112412528, 3.302598933327183)",10.922,Significantly More
ENSG00000277476,"(-0.0663793089368554, 2.7610801736594457)",3.8031,Significantly More
ENSG00000278192,"(-0.3829876352509709, 2.5129407723297192)",10.4555,Significantly More
ENSG00000172006,"(0.24769478862276273, 2.2821387159039483)",2.2933,Significantly More
ENSG00000280088,"(0.9566938108392407, 4.441810082823253)",7.7527,Significantly More
ENSG00000177842,"(0.4750570128390823, 2.311509083441332)",2.5902,Significantly More
ENSG00000160999,"(-1.0733352604027515, 3.780405853442969)",7.2718,Significantly More
ENSG00000273247,"(0.9716326110662079, 5.232256714943028)",0.6633,Significantly Less
ENSG00000138135,"(-1.9645303569726682, 6.0418161269326305)",7.4079,Significantly More
ENSG00000260704,"(0.048450773913316425, 4.751014291721273)",5.2292,Significantly More
ENSG00000280693,"(-0.4242361477752536, 1.10148387759336)",2.7878,Significantly More
ENSG00000179859,"(-0.03779265488408079, 1.8061576282712197)",3.165,Significantly More
ENSG00000140993,"(1.205508904213647, 13.96444606122786)",0.2913,Significantly Less
ENSG00000114654,"(-0.07089800069531638, 3.4408707907715277)",5.6306,Significantly More
ENSG00000237037,"(1.1503703687975602, 17.712574456186946)",0.7529,Significantly Less
ENSG00000145945,"(-0.876865443575467, 7.299860556926877)",9.2089,Significantly More
ENSG00000105219,"(-0.07665321428035166, 0.3534720277325356)",5.3785,Significantly More
ENSG00000179008,"(1.748331285076595, 8.042843298003248)",0.0,Significantly Less
ENSG00000265303,"(1.6288817568963516, 6.869244637828821)",0.0,Significantly Less
ENSG00000197406,"(-1.3719781465423546, 3.877959082387025)",62.6797,Significantly More
ENSG00000263212,"(2.6181435457167455, 10.555915811907955)",0.0,Significantly Less
ENSG00000253607,"(2.687001193884181, 8.043404446909388)",0.0,Significantly Less
ENSG00000234478,"(2.2860736181482286, 10.444065068679073)",0.2818,Significantly Less
ENSG00000230487,"(1.2372716947757088, 12.797254988105253)",0.7027,Significantly Less
ENSG00000187583,"(-0.0940411445859621, 0.416890143793611)",4.1935,Significantly More
ENSG00000196436,"(-1.5224220893043299, 3.7537870423501634)",7.8828,Significantly More
ENSG00000219665,"(0.49783971187851517, 7.104368818896348)",0.3583,Significantly Less
ENSG00000243811,"(0.015591680619484016, 5.968878980594498)",0.0,Significantly Less
ENSG00000185386,"(-0.47752149987118764, 3.4098619030397597)",4.3743,Significantly More
ENSG00000103269,"(-0.779790245482725, 2.691463613489753)",6.017,Significantly More
ENSG00000095752,"(-0.4632855075131709, 0.7740958148619997)",1.4073,Significantly More
ENSG00000254907,"(1.5651749925029534, 6.565894684304043)",0.1915,Significantly Less
ENSG00000231890,"(0.6728310652561227, 4.820639507767181)",0.1837,Significantly Less
ENSG00000281332,"(-0.06421957558976055, 1.9859155018041006)",4.1589,Significantly More
ENSG00000235280,"(-1.212785640079677, 5.553911129044586)",9.3158,Significantly More
ENSG00000272079,"(0.03835981458536031, 7.625909205459417)",13.0671,Significantly More
ENSG00000246089,"(0.38902275402026687, 2.750550661230097)",5.3434,Significantly More
ENSG00000259115,"(2.0090884032764067, 6.9152271978735484)",0.0,Significantly Less
ENSG00000269570,"(0.6129304497282435, 5.349337151783347)",0.1978,Significantly Less
ENSG00000273784,"(0.2887705228895676, 4.659514074385141)",0.153,Significantly Less
ENSG00000242207,"(-0.8980262038281834, 14.50766010240979)",17.3505,Significantly More
ENSG00000231329,"(1.4735849919550148, 12.307370436683524)",0.0293,Significantly Less
ENSG00000171759,"(-0.33486180052665504, 0.5340293522406164)",16.2638,Significantly More
ENSG00000148377,"(0.041427183851263205, 3.332518426096731)",0.0,Significantly Less
ENSG00000141505,"(-0.25769061357066925, 1.6029881260507683)",8.6072,Significantly More
ENSG00000154655,"(0.5227108508272229, 8.188310131974525)",0.0758,Significantly Less
ENSG00000187486,"(-0.10829632067207273, 1.4655666417875026)",2.2584,Significantly More
ENSG00000259488,"(0.7689004829461519, 7.495464479215564)",0.224,Significantly Less
ENSG00000223697,"(1.2440732932673677, 4.216522601038246)",0.2033,Significantly Less
ENSG00000229431,"(1.6889344673195312, 7.022158546631531)",1.4435,Significantly Less
ENSG00000112293,"(0.6083264090862253, 7.126133284681034)",0.2714,Significantly Less
ENSG00000196152,"(0.5024775467994851, 2.7803930161442336)",5.5007,Significantly More
ENSG00000198553,"(0.5613820307834403, 3.0135558955544295)",0.3711,Significantly Less
ENSG00000265091,"(2.5361658835217993, 10.355426541093411)",0.1543,Significantly Less
ENSG00000171160,"(-0.20253070082905822, 2.2742372488987495)",2.7605,Significantly More
ENSG00000258199,"(1.7906891867116128, 12.464522571175177)",0.0,Significantly Less
ENSG00000266969,"(0.3656263417789418, 9.761491038452913)",0.0,Significantly Less
ENSG00000245694,"(-0.05868931746610431, 0.3413386710306875)",0.615,Significantly More
ENSG00000258824,"(0.8241329530322892, 6.76904992453954)",0.8223,Significantly Less
ENSG00000168826,"(0.9831764121218702, 3.2057273877189028)",3.8613,Significantly More
ENSG00000225083,"(0.5468707318442592, 7.50247182144222)",0.4071,Significantly Less
ENSG00000268750,"(0.43319701872254956, 7.749909606262219)",0.0,Significantly Less
ENSG00000182586,"(0.5032627941154102, 3.0189376258830576)",0.1945,Significantly Less
ENSG00000239791,"(0.30829263746783653, 5.37712795146374)",0.0708,Significantly Less
ENSG00000267360,"(1.5402235585361357, 11.291098776573994)",0.0,Significantly Less
ENSG00000166670,"(-5.984730948346897, 7.137857555727665)",15.5117,Significantly More
ENSG00000279059,"(-0.16425490101512774, 3.4655956371521457)",8.7717,Significantly More
ENSG00000131944,"(0.4437954724045585, 4.241969611092664)",6.3419,Significantly More
ENSG00000261777,"(1.2970137593132096, 3.185203693512891)",0.3416,Significantly Less
ENSG00000247137,"(1.840304024789324, 8.101608431977748)",0.838,Significantly Less
ENSG00000268797,"(4.148439023880445, 9.6493886169681)",0.0,Significantly Less
ENSG00000255135,"(0.5683098077476734, 9.426021608574239)",10.8492,Significantly More
ENSG00000131910,"(-19.006526503907498, 22.08422075737469)",27.3026,Significantly More
ENSG00000179044,"(0.0775884162546685, 2.9297210597504715)",4.4556,Significantly More
ENSG00000163923,"(-3.0313148347684447, 10.95138295013739)",256.6926,Significantly More
ENSG00000230061,"(-0.5250573059860183, 1.0587098325010782)",14.7327,Significantly More
ENSG00000272602,"(0.8639538276766954, 3.2102809789637012)",0.1918,Significantly Less
ENSG00000261105,"(0.7206627684084714, 4.711605574150834)",0.0,Significantly Less
ENSG00000163536,"(-0.9727147881311908, 8.193472998095148)",12.3969,Significantly More
ENSG00000279088,"(0.19258030963207529, 3.014190942384414)",13.294,Significantly More
ENSG00000264443,"(0.5700180577106395, 3.137018716986709)",0.0,Significantly Less
ENSG00000175787,"(-0.3749616868900043, 2.7276805269388795)",3.0022,Significantly More
ENSG00000171631,"(-0.6710743259515597, 3.955617065158763)",7.4826,Significantly More
ENSG00000253106,"(0.4703776088768804, 1.5872096797719712)",2.7525,Significantly More
ENSG00000226803,"(0.5102172723250447, 7.416940785557456)",0.3985,Significantly Less
ENSG00000244055,"(0.9716703765647452, 4.525691666980723)",0.5299,Significantly Less
ENSG00000249996,"(4.742434902857952, 11.826833724951737)",0.0,Significantly Less
ENSG00000168661,"(0.09185347707604175, 1.6169078993424704)",4.5032,Significantly More
ENSG00000228737,"(2.082491414861597, 6.529795832309443)",0.4855,Significantly Less
ENSG00000135119,"(-0.06332501735280349, 1.1965471783122503)",1.3846,Significantly More
ENSG00000226312,"(1.9284986094995515, 6.281810339023857)",0.2435,Significantly Less
ENSG00000189366,"(-0.7232065387403797, 3.8243717630056837)",8.5834,Significantly More
ENSG00000254531,"(0.6074087889975508, 5.422773762733973)",9.7318,Significantly More
ENSG00000243479,"(-0.6981679296309845, 2.5135979635579906)",5.5028,Significantly More
ENSG00000269044,"(0.3308457140617327, 4.201028170589855)",9.3129,Significantly More
ENSG00000270069,"(-2.6586394964813507, 4.828144938690574)",9.2559,Significantly More
ENSG00000187566,"(0.05801770512751414, 2.5380314000943693)",3.8394,Significantly More
ENSG00000204860,"(-0.006367897046897775, 1.564369401815854)",2.6646,Significantly More
ENSG00000261707,"(1.2635883912149417, 8.700123526248532)",0.1884,Significantly Less
ENSG00000198723,"(-0.3612141430453414, 1.9145209141292479)",2.4755,Significantly More
ENSG00000232828,"(0.4346706501935731, 3.1437520553705136)",0.0,Significantly Less
ENSG00000278893,"(0.023830362765279833, 0.9209866555322033)",0.0,Significantly Less
ENSG00000278834,"(0.3927111983639695, 3.9093226929486646)",0.2125,Significantly Less
ENSG00000141497,"(-0.08776612406819717, 1.336436544948294)",3.2009,Significantly More
ENSG00000124915,"(0.5807359244422905, 4.596030636308825)",0.0,Significantly Less
ENSG00000214140,"(0.9435672523127545, 10.835743364705376)",0.1709,Significantly Less
ENSG00000187266,"(-0.38998133342391994, 3.04527136710668)",5.0951,Significantly More
ENSG00000120659,"(-0.5380523007372183, 1.6151923546093983)",1.7644,Significantly More
ENSG00000157429,"(1.1207162574543155, 5.152427663979078)",0.4085,Significantly Less
ENSG00000254224,"(1.1161821087863966, 6.773385216487503)",0.0972,Significantly Less
ENSG00000230844,"(-0.7466572370119542, 2.9810615572085686)",7.226,Significantly More
ENSG00000215417,"(-0.28910307632365484, 0.9960148265357462)",1.6776,Significantly More
ENSG00000258655,"(0.3799691191585288, 2.6287870771230106)",5.4654,Significantly More
ENSG00000237686,"(-0.3346483680402114, 0.5712636425510916)",9.6399,Significantly More
ENSG00000146285,"(-0.6100550244739822, 3.7682382137203527)",5.7698,Significantly More
ENSG00000171827,"(0.6258777577249761, 11.86468230339661)",0.4586,Significantly Less
ENSG00000226200,"(0.3889193737433827, 2.8200265602029093)",0.3345,Significantly Less
ENSG00000167914,"(-0.8131309702128897, 1.5657283450770154)",13.5027,Significantly More
ENSG00000281741,"(0.19551159093157744, 3.50005347876193)",0.0,Significantly Less
ENSG00000254682,"(-0.8120649936376707, 4.823892878525134)",16.1831,Significantly More
ENSG00000264343,"(0.20854799714719374, 4.121814737383547)",0.0,Significantly Less
ENSG00000268015,"(3.297568415461957, 6.027088044203824)",0.0,Significantly Less
ENSG00000235453,"(2.1374264508700644, 8.585321861668959)",1.7332,Significantly Less
ENSG00000204380,"(0.22758341193731824, 1.5249386564214005)",0.2053,Significantly Less
ENSG00000245571,"(0.05876152747507024, 1.635780134512344)",1.6416,Significantly More
ENSG00000235236,"(2.077358787383847, 7.861409761540591)",0.2284,Significantly Less
ENSG00000260808,"(3.286865458076693, 8.326451030192137)",0.0,Significantly Less
ENSG00000243150,"(0.259367035057787, 2.607635668209488)",0.0,Significantly Less
ENSG00000267282,"(1.291643591394104, 13.186360327656148)",0.0,Significantly Less
ENSG00000261427,"(1.0987262728659997, 7.814349072561157)",0.0,Significantly Less
ENSG00000132881,"(0.5308496311162476, 5.967253622896713)",6.2252,Significantly More
ENSG00000277969,"(-0.009824992473122407, 2.3488802889052978)",3.8737,Significantly More
ENSG00000128683,"(-0.11125397282931472, 0.26678372056234534)",1.5912,Significantly More
ENSG00000229893,"(1.439731256865242, 4.031703711929523)",0.1267,Significantly Less
ENSG00000206069,"(-0.5099445028046854, 1.0925961264611947)",6.846,Significantly More
ENSG00000107807,"(-1.1545967665492758, 2.0240467988855575)",6.659,Significantly More
ENSG00000108379,"(-0.4272352110916034, 0.9053668377849811)",2.5796,Significantly More
ENSG00000230408,"(0.5135973051245477, 6.027694043786477)",0.1719,Significantly Less
ENSG00000266921,"(0.5973552523947421, 2.2739648560706653)",0.0447,Significantly Less
ENSG00000226526,"(1.3530597664306434, 6.639086279781325)",0.0,Significantly Less
ENSG00000268047,"(1.9323239550883247, 9.344987373145493)",0.0,Significantly Less
ENSG00000238279,"(-0.4670158276409032, 2.144049514767635)",35.7704,Significantly More
ENSG00000183615,"(-3.0573913234266774, 8.13784727095922)",10.3469,Significantly More
ENSG00000183977,"(1.0095256565731014, 2.47342059241414)",0.4231,Significantly Less
ENSG00000227253,"(3.1356257819615685, 6.851342266113793)",0.4078,Significantly Less
ENSG00000170909,"(-0.3778037546493864, 2.301214143835277)",4.2678,Significantly More
ENSG00000267387,"(0.2769163636468377, 2.9855040158193713)",0.112,Significantly Less
ENSG00000237361,"(-0.03161099025129077, 1.0979209366470144)",6.5856,Significantly More
ENSG00000162004,"(-0.2329612632655452, 0.6028004381191309)",2.5446,Significantly More
ENSG00000272037,"(0.5229330268727023, 1.8761146172937235)",2.3192,Significantly More
ENSG00000260621,"(3.2009905263672476, 8.86436300764435)",0.0,Significantly Less
ENSG00000244300,"(-0.4049238093627664, 1.0720497177179258)",3.6843,Significantly More
ENSG00000228343,"(1.3103992791092325, 8.288334028359058)",0.0,Significantly Less
ENSG00000268199,"(2.1924837637661567, 7.163649352645496)",0.2517,Significantly Less
ENSG00000244701,"(0.7028839935849582, 4.024144907032945)",0.1958,Significantly Less
ENSG00000189144,"(2.7292408772906454, 6.231264194239555)",0.6751,Significantly Less
ENSG00000198807,"(-0.44287843439005303, 1.1700654817485767)",1.5122,Significantly More
ENSG00000231731,"(0.9711584077562136, 5.11841841049003)",0.6293,Significantly Less
ENSG00000272086,"(0.33426615933651904, 4.317149171448337)",9.0222,Significantly More
ENSG00000213139,"(0.21757937346710343, 3.239276350858634)",4.4934,Significantly More
ENSG00000162881,"(-1.5550208617704726, 5.09454775448552)",15.1509,Significantly More
ENSG00000261572,"(0.010019360731976068, 1.6317049774717811)",3.9062,Significantly More
ENSG00000223528,"(1.157882981653036, 7.127041276707222)",0.1069,Significantly Less
ENSG00000237938,"(1.621300444293981, 6.641659451132496)",0.4917,Significantly Less
ENSG00000237330,"(-0.5386096767519954, 3.117494449924063)",14.9953,Significantly More
ENSG00000231871,"(0.8224447840788791, 9.19907642740749)",0.355,Significantly Less
ENSG00000105717,"(-0.26457381103591526, 1.7606742120741816)",13.7101,Significantly More
ENSG00000277283,"(0.2250844366618815, 1.8455790885924168)",5.0393,Significantly More
ENSG00000257065,"(1.2952845201549206, 4.243073563199346)",0.0,Significantly Less
ENSG00000261437,"(-0.12444404443932378, 2.2563187104682445)",3.5909,Significantly More
ENSG00000141391,"(-0.1910602910312158, 2.1606895496520586)",5.9888,Significantly More
ENSG00000206199,"(0.43739980180524096, 6.653950668507585)",0.0,Significantly Less
ENSG00000275910,"(1.3687675920615971, 9.894802963654818)",0.8033,Significantly Less
ENSG00000257176,"(0.45906008292864, 2.100836723907825)",0.2444,Significantly Less
ENSG00000186827,"(-0.5417325161496322, 3.8902270608069847)",8.7542,Significantly More
ENSG00000236540,"(1.7087052338726263, 5.486573407088622)",1.1969,Significantly Less
ENSG00000225377,"(0.3865298298797706, 2.750224516789316)",2.7636,Significantly More
ENSG00000280077,"(0.07719339352459698, 1.3204694183704004)",1.3467,Significantly More
ENSG00000231770,"(0.3408855103263866, 4.8007453385542185)",5.2277,Significantly More
ENSG00000197054,"(0.7508796633200356, 9.885893532681695)",0.3425,Significantly Less
ENSG00000221821,"(1.794075627904566, 9.307769005169476)",17.321,Significantly More
ENSG00000271949,"(1.5598363687423853, 7.83478702853076)",0.0,Significantly Less
ENSG00000213889,"(-0.8827296370778668, 4.133918434612587)",5.4529,Significantly More
ENSG00000125864,"(-0.1268430919596153, 0.793348107248512)",1.9676,Significantly More
ENSG00000279762,"(0.31325068531278366, 2.2132228252049257)",0.0,Significantly Less
ENSG00000147059,"(0.3885402469332102, 2.714302087640926)",0.2609,Significantly Less
ENSG00000231969,"(0.7577608487248937, 3.9456346652899605)",0.1054,Significantly Less
ENSG00000261526,"(-0.016047675268807238, 1.6220869394132915)",3.1333,Significantly More
ENSG00000222009,"(-0.8289613638844828, 3.163566505842102)",3.3404,Significantly More
ENSG00000259052,"(2.052328739213129, 14.77885837297075)",0.0,Significantly Less
ENSG00000257084,"(0.5639298783825275, 9.738416473381033)",39.1942,Significantly More
ENSG00000227695,"(0.6381768390878493, 3.054668735095661)",0.301,Significantly Less
ENSG00000104892,"(-0.006129805777312758, 0.7404055746792271)",2.2278,Significantly More
ENSG00000273090,"(0.548180641140755, 11.962446260629008)",0.0,Significantly Less
ENSG00000241772,"(2.683881584044838, 6.920803737664584)",0.0,Significantly Less
ENSG00000197566,"(2.387010612818686, 9.421535903122354)",1.2136,Significantly Less
ENSG00000198003,"(0.46127149560300695, 2.0296035708198112)",0.3374,Significantly Less
ENSG00000266402,"(-0.2967736945690298, 3.587481264509577)",149.6622,Significantly More
ENSG00000197182,"(0.67935292823044, 2.500606883732912)",0.6053,Significantly Less
ENSG00000165837,"(0.6412002733595668, 3.4581453417559826)",0.1024,Significantly Less
ENSG00000212123,"(-0.6409195525716571, 2.2725300915316784)",15.6061,Significantly More
ENSG00000110944,"(-0.1423506171013756, 0.9614809514215275)",4.7348,Significantly More
ENSG00000272647,"(2.1281046645432156, 8.321103057735089)",0.0,Significantly Less
ENSG00000007372,"(0.2781302982544771, 2.17704402284592)",0.1388,Significantly Less
ENSG00000279880,"(0.2945436613471757, 1.7468749851323828)",0.0705,Significantly Less
ENSG00000149646,"(0.02350175248236641, 1.8470372042232037)",0.0,Significantly Less
ENSG00000279528,"(0.6347093175219696, 7.476469012528878)",0.0,Significantly Less
ENSG00000115507,"(-0.06591758878155218, 0.12938614074565977)",2.2146,Significantly More
ENSG00000160781,"(-0.8359091510626901, 3.33378217589393)",6.1347,Significantly More
ENSG00000236986,"(0.2581301340857576, 5.310973195893599)",0.0498,Significantly Less
ENSG00000229372,"(0.9007794903767357, 7.140606005067421)",0.0,Significantly Less
ENSG00000166192,"(1.1850152403267873, 8.432372086853496)",0.7565,Significantly Less
ENSG00000227945,"(0.8867243572198129, 5.810178289611545)",0.0,Significantly Less
ENSG00000260563,"(-0.46496703359487257, 3.2984517043848696)",10.4703,Significantly More
ENSG00000185482,"(-0.16995378471928024, 4.267770613951528)",6.9209,Significantly More
ENSG00000267751,"(-0.5741207818444476, 5.039450735715457)",6.4481,Significantly More
ENSG00000203724,"(-1.7997709162389262, 11.231212807486749)",13.2023,Significantly More
ENSG00000228109,"(-0.8867025016193448, 4.838780113266308)",8.7351,Significantly More
ENSG00000250602,"(1.8869223706235072, 13.76856256377696)",0.3667,Significantly Less
ENSG00000228509,"(0.3804526514308282, 3.4957044843204796)",0.0785,Significantly Less
ENSG00000233296,"(0.15893197398243863, 4.7368082358881445)",0.0516,Significantly Less
ENSG00000101463,"(0.09906832797396514, 1.8197372773819702)",2.9314,Significantly More
ENSG00000228801,"(0.26150589297108695, 3.201113134134838)",3.4766,Significantly More
ENSG00000262188,"(-0.21930948516646878, 0.5583417413022368)",0.6869,Significantly More
ENSG00000196260,"(-0.1514226346391149, 0.29841078967154044)",1.7602,Significantly More
ENSG00000268713,"(0.22925926355549153, 2.005357806432582)",0.0,Significantly Less
ENSG00000256825,"(0.2746500038033859, 2.810365754841882)",0.0,Significantly Less
ENSG00000253414,"(-0.4568643070352726, 1.3333509498290588)",40.6325,Significantly More
ENSG00000282772,"(1.3970171800733624, 7.144095538708752)",0.0,Significantly Less
ENSG00000281021,"(2.1761975272663525, 7.823363207359571)",0.2026,Significantly Less
ENSG00000280120,"(0.43733623329910243, 2.670326882747728)",8.2954,Significantly More
ENSG00000246250,"(0.23602211391566374, 3.8648794041629593)",0.1646,Significantly Less
ENSG00000277728,"(2.573636688325755, 7.415135487196356)",0.6498,Significantly Less
ENSG00000260708,"(-0.8777634266352985, 4.729916995542453)",11.6997,Significantly More
ENSG00000275457,"(0.5442884187058452, 2.6207919459300824)",3.2502,Significantly More
ENSG00000204866,"(-0.1105558979286867, 0.723501768157805)",12.8626,Significantly More
ENSG00000255449,"(1.6599777815151726, 6.328096892300724)",0.2117,Significantly Less
ENSG00000146700,"(0.010238012485630998, 0.7050631870514021)",0.9084,Significantly More
ENSG00000184786,"(-0.06215521730345108, 1.415543484160258)",1.8335,Significantly More
ENSG00000165568,"(-0.24249216589557643, 2.1308267862097834)",4.3659,Significantly More
ENSG00000280099,"(-0.9856408803620562, 3.2866169393546265)",3.4241,Significantly More
ENSG00000204305,"(-0.3607476579017439, 2.7639177180062227)",5.376,Significantly More
ENSG00000115598,"(-0.17521750644551948, 1.5327867700868538)",2.3671,Significantly More
ENSG00000261423,"(1.2798287838164386, 5.4962124321401165)",0.3334,Significantly Less
ENSG00000271936,"(0.15361029023499162, 2.009564629485375)",2.1768,Significantly More
ENSG00000197180,"(0.3697620192209117, 8.336870950966834)",11.848,Significantly More
ENSG00000239569,"(1.1985978910814858, 4.346940909091863)",5.9397,Significantly More
ENSG00000234665,"(0.339112911498225, 3.8379295648580896)",0.2191,Significantly Less
ENSG00000229780,"(2.859757058576901, 6.779372434817699)",0.349,Significantly Less
ENSG00000224536,"(0.22797580922769511, 2.782884176410323)",2.7842,Significantly More
ENSG00000186891,"(-1.1012940408711511, 8.086069935541362)",9.607,Significantly More
ENSG00000225450,"(1.7697936194239698, 12.032957010118063)",0.603,Significantly Less
ENSG00000228192,"(1.3073220682562217, 6.660496483855473)",0.3194,Significantly Less
ENSG00000261188,"(0.04657916583167965, 1.2341010287448446)",3.4868,Significantly More
ENSG00000188825,"(0.3164984459893341, 3.120681970815141)",0.3044,Significantly Less
ENSG00000233834,"(-2.2684494176750247, 5.214843792259457)",7.6963,Significantly More
ENSG00000150773,"(0.6355766471435482, 2.7630532487207073)",0.415,Significantly Less
ENSG00000253930,"(-0.22685542264804814, 3.8048793941271026)",8.9927,Significantly More
ENSG00000228395,"(1.3269952371409746, 3.0944278152356235)",0.6513,Significantly Less
ENSG00000173080,"(-0.4810300026022485, 4.160550120821324)",7.6933,Significantly More
ENSG00000279253,"(-0.030671001684449584, 2.1059790282950184)",3.6113,Significantly More
ENSG00000260219,"(0.47300191161542626, 4.089462008245025)",5.3187,Significantly More
ENSG00000170369,"(-0.119167957624303, 0.18738635602775133)",4.4456,Significantly More
ENSG00000240591,"(1.564431678741212, 6.124926890735425)",0.4673,Significantly Less
ENSG00000261040,"(-1.260695499648448, 4.385848896899975)",9.1902,Significantly More
ENSG00000237101,"(0.38576160188843445, 2.7784962780786477)",0.2279,Significantly Less
ENSG00000180914,"(-0.23552590683922098, 1.0911653213974766)",1.5696,Significantly More
ENSG00000221990,"(-0.026086562192680907, 2.770083883496701)",3.5353,Significantly More
ENSG00000253669,"(-0.5749261221889623, 2.33313170055213)",3.9809,Significantly More
ENSG00000254560,"(-0.11601562952563176, 0.32024194503232817)",4.7143,Significantly More
ENSG00000230082,"(-0.2206947890456863, 3.3414343684523837)",33.3902,Significantly More
ENSG00000272455,"(-0.1218480820007215, 1.225756539813288)",6.7306,Significantly More
ENSG00000196741,"(0.537170368191472, 2.4651352184392485)",3.9702,Significantly More
ENSG00000265496,"(0.2177533726400056, 5.786538261555439)",0.0,Significantly Less
ENSG00000205683,"(2.0644073853021663, 21.443586197352495)",0.1313,Significantly Less
ENSG00000226696,"(-0.371775064285947, 2.64963793861223)",7.619,Significantly More
ENSG00000204869,"(-0.06437913044170884, 0.1301916363814566)",7.77,Significantly More
ENSG00000074706,"(0.1358916748817256, 10.164510103916534)",0.1245,Significantly Less
ENSG00000152475,"(-0.018227943591925033, 2.107555573554042)",5.8206,Significantly More
ENSG00000130997,"(0.7760655343987761, 3.3570776350590057)",0.1367,Significantly Less
ENSG00000166840,"(-0.40110939718611455, 1.004126653802588)",3.1036,Significantly More
ENSG00000273747,"(1.1957949403341854, 4.322392096903554)",0.4382,Significantly Less
ENSG00000132746,"(-0.4703649547466217, 0.9708786323004133)",2.7162,Significantly More
ENSG00000105889,"(0.07210914267908475, 2.3224662306356865)",0.0698,Significantly Less
ENSG00000269480,"(1.0983160087980677, 5.242335495580346)",0.2397,Significantly Less
ENSG00000278175,"(0.1700500278816044, 3.8455590134103605)",0.0455,Significantly Less
ENSG00000253161,"(-0.22415113040006823, 0.7912544996444371)",9.3102,Significantly More
ENSG00000158806,"(-0.44882866644199315, 2.516275579025365)",7.0879,Significantly More
ENSG00000251556,"(1.162935543629701, 4.228852976152051)",0.0,Significantly Less
ENSG00000254485,"(0.6494000954478807, 4.803495513009537)",0.0914,Significantly Less
ENSG00000176125,"(0.0565061356055625, 2.466985341217059)",6.3632,Significantly More
ENSG00000256546,"(-1.2634839036305512, 3.0735531347476956)",9.3033,Significantly More
ENSG00000213185,"(0.1022939697838472, 2.6861262750864956)",7.0442,Significantly More
ENSG00000255198,"(-0.2553982115710176, 6.672862918901352)",22.7078,Significantly More
ENSG00000234753,"(-0.4116760403699522, 1.9507483336487446)",9.3611,Significantly More
ENSG00000240553,"(1.497222555824151, 6.5340381115170745)",0.0,Significantly Less
ENSG00000270933,"(-0.8553808673827088, 2.996121547733158)",21.1893,Significantly More
ENSG00000124116,"(-1.234189994049078, 3.2901863552636166)",6.9575,Significantly More
ENSG00000259485,"(-0.16290198165058456, 0.23797612458714057)",1.73,Significantly More
ENSG00000270726,"(0.5419014911151647, 3.6902712534121305)",0.0,Significantly Less
ENSG00000275807,"(-0.16849661232979796, 1.8550592167210855)",3.3303,Significantly More
ENSG00000254459,"(1.6270212742496541, 5.697782732292118)",0.0,Significantly Less
ENSG00000184378,"(0.1308100866946148, 1.2829757548076697)",2.0749,Significantly More
ENSG00000276529,"(-0.03617443410214083, 5.119189366612281)",23.1395,Significantly More
ENSG00000160345,"(-0.15305324895053618, 1.7713125050972578)",2.9923,Significantly More
ENSG00000163599,"(-1.1555927374891777, 2.9697550974411904)",3.3812,Significantly More
ENSG00000273014,"(-0.06853019440546282, 4.329875428876722)",10.8589,Significantly More
ENSG00000233723,"(0.7215577721459603, 2.209737905185912)",0.0,Significantly Less
ENSG00000272100,"(1.8798426423073633, 7.1800613893834875)",1.5422,Significantly Less
ENSG00000259053,"(1.3881707498551772, 8.38439003893324)",0.0,Significantly Less
ENSG00000155918,"(-0.5892130009881825, 0.8104889978437341)",1.4559,Significantly More
ENSG00000236778,"(0.24301718495440094, 2.8575257457857735)",0.1592,Significantly Less
ENSG00000175536,"(0.11100992406498045, 3.0588202989964604)",3.3061,Significantly More
ENSG00000260428,"(-1.224135067959887, 2.7798983314462893)",18.4004,Significantly More
ENSG00000272558,"(2.599875082143244, 8.50514083609536)",0.0,Significantly Less
ENSG00000260418,"(-0.1641986208613555, 7.349412370529553)",16.5257,Significantly More
ENSG00000183308,"(1.3163582121698978, 4.6213999463001505)",0.3099,Significantly Less
ENSG00000253309,"(0.3290259285722827, 1.3142851164421523)",0.1156,Significantly Less
ENSG00000237476,"(-0.22539654144375998, 7.620580681680198)",17.1904,Significantly More
ENSG00000279672,"(-0.692767621153701, 2.284104970813602)",6.6175,Significantly More
ENSG00000269749,"(0.5386514966318634, 4.868060734366114)",0.0,Significantly Less
ENSG00000235919,"(0.3195813858112647, 2.189803315838576)",3.6159,Significantly More
ENSG00000129991,"(-0.14738711881935024, 0.3133963911442015)",1.6305,Significantly More
ENSG00000257086,"(0.07506615908585901, 1.5234155426525495)",1.944,Significantly More
ENSG00000215067,"(0.9535896894545159, 3.843140292212728)",0.8617,Significantly Less
ENSG00000179772,"(-0.40442867355325285, 1.2816262254124444)",5.4417,Significantly More
ENSG00000273145,"(0.18844158650566945, 2.3577792180218626)",4.6211,Significantly More
ENSG00000166455,"(0.05912206036408496, 1.3471283336744428)",0.0,Significantly Less
ENSG00000272711,"(0.0087123395314469, 1.6239457032779683)",2.0356,Significantly More
ENSG00000105427,"(-0.646511075495976, 6.1859100141984875)",13.7713,Significantly More
ENSG00000255284,"(-0.2011144936083351, 3.4699297344246185)",6.3781,Significantly More
ENSG00000267302,"(0.3442791460066892, 2.255100881520886)",0.0,Significantly Less
ENSG00000278784,"(0.2660247551900592, 2.8939698484880307)",4.2712,Significantly More
ENSG00000258777,"(0.04025422688089453, 3.6796449032210203)",0.0,Significantly Less
ENSG00000205362,"(-11.051844598842198, 24.850752017657303)",135.5198,Significantly More
ENSG00000234936,"(0.8020944112446626, 4.465594506502614)",0.3788,Significantly Less
ENSG00000182873,"(-0.5594507442559356, 3.8155926529140296)",4.5207,Significantly More
ENSG00000240204,"(-0.08514790031478728, 0.34123827186453004)",2.8002,Significantly More
ENSG00000197124,"(0.18947593199485002, 5.374549657669866)",0.1214,Significantly Less
ENSG00000259133,"(0.6987589480627139, 3.801190063600249)",0.0,Significantly Less
ENSG00000227227,"(0.1641353508680301, 4.5458447119333805)",0.0,Significantly Less
ENSG00000275441,"(1.3310411015239723, 5.479243068736357)",0.0,Significantly Less
ENSG00000258989,"(0.5126984787018509, 4.538404698644357)",0.0,Significantly Less
ENSG00000170236,"(1.2632379749022111, 4.020132258536954)",0.19,Significantly Less
ENSG00000257831,"(0.6313453781867451, 3.655941418043168)",4.1745,Significantly More
ENSG00000228393,"(-0.5377606173209553, 2.812044628312876)",4.4726,Significantly More
ENSG00000282221,"(-0.559922373453476, 6.51441492618393)",9.4895,Significantly More
ENSG00000167550,"(-0.27708876284278994, 1.2343578701724556)",4.1777,Significantly More
ENSG00000228288,"(0.019353026398391315, 1.9599985155211401)",6.4364,Significantly More
ENSG00000254343,"(-2.30445597847406, 8.487465909687803)",12.629,Significantly More
ENSG00000278922,"(-0.5586853330118213, 3.866814450778076)",5.8022,Significantly More
ENSG00000253508,"(-1.3697361567241675, 8.872137931197711)",11.9296,Significantly More
ENSG00000257809,"(0.047781890651678705, 3.0723423551510267)",0.0,Significantly Less
ENSG00000273226,"(0.5404371711108804, 3.9689437978492355)",8.0067,Significantly More
ENSG00000185332,"(-0.7284964717049027, 1.5473151095454238)",1.8277,Significantly More
ENSG00000264666,"(0.12684547734605423, 1.4989378572628942)",0.0,Significantly Less
ENSG00000230325,"(1.0044443042427884, 4.284978578943317)",0.6103,Significantly Less
ENSG00000273619,"(0.1903729034447823, 1.6201411245647244)",9.4781,Significantly More
ENSG00000274949,"(1.1314483661522612, 4.543909467052213)",0.5365,Significantly Less
ENSG00000224167,"(-0.23612750484923672, 0.772840863599192)",1.7087,Significantly More
ENSG00000214309,"(0.39426730907250707, 3.061841807352401)",5.2052,Significantly More
ENSG00000260851,"(1.1036037478045992, 10.567571188758262)",0.0,Significantly Less
ENSG00000117407,"(-1.042413206624294, 4.832501982497799)",8.3401,Significantly More
ENSG00000261864,"(0.7814255989783809, 3.402066777213226)",0.0,Significantly Less
ENSG00000267481,"(0.3136963823458996, 2.500670459114321)",4.583,Significantly More
ENSG00000196711,"(-0.3852391475072421, 0.6838221861356237)",2.6447,Significantly More
ENSG00000261650,"(-0.030784109202598636, 0.04097172647083304)",8.3603,Significantly More
ENSG00000188672,"(0.5047713159383198, 2.7493610353959452)",0.062,Significantly Less
ENSG00000259678,"(0.44821042743394246, 5.4871341746373545)",0.0,Significantly Less
ENSG00000260037,"(0.044448199519997456, 6.451777487245488)",0.0,Significantly Less
ENSG00000270157,"(-0.4583775640144586, 2.31779942770959)",2.7705,Significantly More
ENSG00000267318,"(1.321528914711357, 4.17526732139169)",0.0,Significantly Less
ENSG00000240254,"(1.0557835510893332, 5.917443749145764)",0.0,Significantly Less
ENSG00000275582,"(0.7199489470416681, 2.406522864601462)",0.676,Significantly Less
ENSG00000238280,"(0.47065169505124294, 2.652815510441536)",0.1204,Significantly Less
ENSG00000239605,"(-0.04142341042519759, 0.19074774314641377)",0.6589,Significantly More
ENSG00000174529,"(0.15059426073416204, 1.2791103665575663)",3.282,Significantly More
ENSG00000260233,"(0.180980694201757, 1.4387476427182406)",2.3287,Significantly More
ENSG00000105672,"(0.12339396024143945, 1.9289568274177626)",3.8527,Significantly More
ENSG00000224420,"(-1.7071166505607462, 3.83698017828774)",4.826,Significantly More
ENSG00000269026,"(0.637538982121477, 4.447789381737391)",0.0,Significantly Less
ENSG00000258512,"(-0.4928785809095316, 2.222521762726942)",18.1651,Significantly More
ENSG00000188015,"(-0.63316333032003, 1.7987035300494343)",4.3019,Significantly More
ENSG00000223478,"(-0.3520796718155319, 4.998783704161521)",9.6988,Significantly More
ENSG00000135517,"(0.07932058959397859, 3.4483966291301065)",0.0424,Significantly Less
ENSG00000237773,"(0.22091562772187057, 2.127432052348234)",0.103,Significantly Less
ENSG00000228037,"(-0.3284249713258456, 6.927214401350873)",8.6691,Significantly More
ENSG00000169314,"(1.3012009768325414, 4.64807291475345)",0.4268,Significantly Less
ENSG00000272599,"(-0.09750583320408657, 1.5104986214816205)",2.3554,Significantly More
ENSG00000268870,"(0.14114080852586608, 2.9379228658755157)",0.0,Significantly Less
ENSG00000270050,"(0.5095587319486918, 3.216829909460845)",0.3895,Significantly Less
ENSG00000230337,"(0.6168179983112962, 3.19116037734511)",3.6562,Significantly More
ENSG00000182853,"(-0.3860816057803753, 3.2434099435844193)",6.7583,Significantly More
ENSG00000234284,"(0.318035607343647, 5.447637737310185)",0.1967,Significantly Less
ENSG00000221916,"(0.04715655559599785, 2.5865363082292876)",5.6886,Significantly More
ENSG00000155761,"(0.22482335500783546, 1.5829632819438184)",0.0614,Significantly Less
ENSG00000265907,"(0.15363005354777926, 4.870953066203034)",0.0,Significantly Less
ENSG00000134443,"(-1.684184760783566, 2.589909001238669)",2.6262,Significantly More
ENSG00000236256,"(0.16614728511874777, 1.8117462346133193)",0.0653,Significantly Less
ENSG00000272669,"(-0.5899972946395229, 3.617300357814437)",20.8773,Significantly More
ENSG00000228061,"(0.4054176040666676, 1.8265343314256555)",0.0228,Significantly Less
ENSG00000268133,"(0.28907694581447174, 4.529405079730935)",0.0,Significantly Less
ENSG00000089505,"(0.050251197855637475, 1.8354156445044816)",2.1609,Significantly More
ENSG00000227359,"(0.008134800619440385, 3.33367834691878)",7.7926,Significantly More
ENSG00000228237,"(1.2824165321271197, 4.3736033878396805)",0.0,Significantly Less
ENSG00000271971,"(-0.2775480907545895, 1.978699450628083)",3.0723,Significantly More
ENSG00000258457,"(0.4929881264559426, 2.0937350358043356)",0.4124,Significantly Less
ENSG00000256092,"(-0.3205767120771158, 2.2924853255004103)",4.4969,Significantly More
ENSG00000227782,"(0.06351044614714207, 2.789040165788796)",4.3232,Significantly More
ENSG00000224023,"(0.2685240744007751, 2.868720744568382)",0.0439,Significantly Less
ENSG00000260618,"(0.5521120666912309, 5.654290731807212)",0.4979,Significantly Less
ENSG00000258920,"(0.25689706015222136, 2.1244205099401503)",3.3593,Significantly More
ENSG00000248866,"(0.28731466435199327, 2.0644869587666923)",2.5892,Significantly More
ENSG00000272760,"(0.11771372533779179, 2.596516309533372)",0.0,Significantly Less
ENSG00000233138,"(0.47946363616044163, 5.416429031880329)",0.0,Significantly Less
ENSG00000099840,"(-0.2534133393717092, 1.6772000605141155)",3.7006,Significantly More
ENSG00000273271,"(0.20668969646703061, 3.1376655102681115)",4.9283,Significantly More
ENSG00000282917,"(0.08785667705752154, 1.8907238526472154)",0.0666,Significantly Less
ENSG00000276663,"(0.6179932620635302, 3.2136718474918724)",0.0,Significantly Less
ENSG00000240731,"(-0.44980495313768065, 4.015932753200142)",12.1066,Significantly More
ENSG00000230896,"(0.5722342803833405, 2.6886602826737644)",7.3105,Significantly More
ENSG00000267827,"(0.2377765118364863, 2.929915386314268)",0.0,Significantly Less
ENSG00000228021,"(0.19904398358272313, 2.5343720693532594)",0.0,Significantly Less
ENSG00000242375,"(0.5684066427593768, 2.5238539500467465)",0.0,Significantly Less
ENSG00000272849,"(-1.1228467816191234, 3.966689418326691)",12.3865,Significantly More
ENSG00000269148,"(0.25625930657360263, 1.6191222892691162)",1.9731,Significantly More
ENSG00000230163,"(0.40689420383532626, 2.871235154596178)",0.0,Significantly Less
ENSG00000258474,"(-0.21389062834321693, 2.4999574476103534)",8.7707,Significantly More
ENSG00000197191,"(-0.10336576232502007, 0.5546649554441099)",2.7809,Significantly More
ENSG00000280300,"(0.6353621949961463, 2.4802600271839843)",0.0,Significantly Less
ENSG00000263917,"(0.32885195191621186, 7.261962850235131)",0.0,Significantly Less
ENSG00000240291,"(-0.10109104258217605, 2.116010901395314)",2.4885,Significantly More
ENSG00000272667,"(0.2899334363731745, 3.0250499690426795)",6.4606,Significantly More
ENSG00000187959,"(0.19610126382719462, 1.250268550613275)",0.0,Significantly Less
ENSG00000273568,"(-0.06088169266981214, 2.5862336168371236)",35.717,Significantly More
ENSG00000237310,"(-0.13819917980906793, 1.2375284770727677)",3.1057,Significantly More
ENSG00000092295,"(-0.24354663772557983, 1.5388786934891798)",1.6144,Significantly More
ENSG00000275632,"(-0.09461457679498486, 1.5098659333419302)",7.1921,Significantly More
ENSG00000237655,"(0.6690517572506636, 3.746571918545995)",0.0,Significantly Less
ENSG00000271737,"(-0.05584873053644912, 1.9086739595165683)",5.798,Significantly More
ENSG00000234694,"(-0.17678554979992456, 1.8977316950395795)",4.1051,Significantly More
ENSG00000259321,"(0.026102807367792247, 1.608349842919561)",0.0,Significantly Less
ENSG00000231113,"(0.0825958155916321, 1.0650404209415405)",3.9457,Significantly More
ENSG00000260277,"(0.5672921345900424, 2.4894516225085095)",0.1068,Significantly Less
ENSG00000274213,"(-1.4312597123680375, 3.7049276915002913)",13.4286,Significantly More
ENSG00000160318,"(-0.2336091736679582, 2.3911283711073543)",6.129,Significantly More
ENSG00000238186,"(0.42072830405437833, 1.888931795107846)",0.0,Significantly Less
ENSG00000265008,"(0.3298560094516061, 5.903997733994835)",0.0,Significantly Less
ENSG00000259113,"(0.3097601865048616, 2.4427029837907415)",0.0,Significantly Less
ENSG00000267477,"(0.21523612784832657, 1.8376494256559388)",0.0,Significantly Less
ENSG00000266261,"(0.10603850426595685, 1.29306006057623)",0.0,Significantly Less
ENSG00000234160,"(0.05864922610701928, 3.1869892912003337)",16.6917,Significantly More
ENSG00000274561,"(0.1598324796123245, 3.1170013102787753)",7.4359,Significantly More
ENSG00000260778,"(0.16238712673492306, 3.1102017615614104)",3.5379,Significantly More
ENSG00000260442,"(-0.1901612790539809, 1.004234701670093)",3.62,Significantly More
ENSG00000279265,"(-0.2148260597290813, 1.6425565836719391)",4.578,Significantly More
ENSG00000229227,"(0.15350743478292772, 2.0549418539619957)",0.0,Significantly Less
ENSG00000283303,"(0.7679540843448496, 3.1530695542167075)",0.3242,Significantly Less
ENSG00000258919,"(-0.1420026983392331, 0.37337198823861406)",9.2294,Significantly More
ENSG00000269656,"(0.2560912508047444, 1.8308814757083354)",0.0,Significantly Less
ENSG00000253961,"(0.24355929781642716, 1.7040819065503545)",0.1989,Significantly Less
ENSG00000261723,"(0.09084147806425658, 1.013513186811081)",0.0,Significantly Less
ENSG00000276718,"(0.052263982553984345, 2.9041088193408675)",5.2849,Significantly More
ENSG00000272510,"(0.00442857799968821, 3.040839547151349)",3.9212,Significantly More
ENSG00000272338,"(-0.08025748068128746, 1.8349440005480628)",5.7477,Significantly More
ENSG00000257545,"(0.23750292258066863, 1.6278558358061432)",0.1246,Significantly Less
ENSG00000267480,"(0.028373198638865116, 4.7089277389393835)",6.5791,Significantly More
ENSG00000257660,"(-0.22782970261153657, 3.8196728929768504)",10.0679,Significantly More
ENSG00000236305,"(-0.20538459943659165, 0.9896609028948677)",5.3109,Significantly More
ENSG00000261474,"(-0.12375063592499447, 2.194289466357694)",6.0433,Significantly More
ENSG00000265519,"(1.1062021669447946, 7.928692320629154)",0.8689,Significantly Less
ENSG00000259250,"(-0.06778310969451096, 2.32274035915115)",5.5626,Significantly More
ENSG00000236871,"(-0.7169161689026626, 2.0994824233027236)",13.4959,Significantly More
ENSG00000131055,"(-0.5976751025443909, 2.730839078794249)",3.1546,Significantly More
ENSG00000273179,"(-0.29615792480537895, 1.3929392374223641)",5.316,Significantly More
ENSG00000254610,"(-0.834119355805437, 4.990016831161785)",8.7418,Significantly More
ENSG00000211979,"(-2.530122560716679, 7.259897110248058)",7.4443,Significantly More
ENSG00000267565,"(-0.07415456976053092, 2.062126158234655)",2.2444,Significantly More
ENSG00000255164,"(0.20655206906567858, 2.006141971296163)",0.0,Significantly Less
ENSG00000228384,"(0.3704789025308505, 1.6774338103418667)",0.0,Significantly Less
ENSG00000268087,"(-0.21881740927715998, 2.976618097454365)",4.4101,Significantly More
ENSG00000239801,"(0.19013924522111003, 1.9292703377011344)",0.0,Significantly Less
ENSG00000254236,"(0.248724207240831, 1.3064562214054853)",0.0,Significantly Less
ENSG00000279225,"(-0.30855499639452333, 2.224350841347922)",4.3968,Significantly More
ENSG00000262089,"(0.163010576586758, 2.6739166847788525)",3.0765,Significantly More
ENSG00000273437,"(-0.21216112664959652, 1.6208064818756163)",12.5997,Significantly More
ENSG00000266651,"(-0.569533820273828, 1.8706274316375675)",11.4052,Significantly More
ENSG00000272814,"(0.09070939595972294, 3.4063129799984084)",0.0,Significantly Less
ENSG00000235246,"(0.15027764885454886, 1.2848293472737269)",0.0,Significantly Less
ENSG00000198976,"(-3.184035131951266, 6.90733195010181)",41.7732,Significantly More
ENSG00000272172,"(-0.08253601279498712, 1.7959559252141895)",6.7599,Significantly More
